<?xml version='1.0' encoding='utf-8' standalone='yes'?>
<song>
  <meta>
    <id>1</id>
    <date>
      <year-start>1643</year-start>
      <year-end>1643</year-end>
    </date>
    <location>
      <orginal-name>amsterdam</orginal-name>
      <standard-name>Amsterdam, The Netherlands</standard-name>
      <coordinates>
        <lon>52.3745403</lon>
        <lat>4.89797550561798</lat>
      </coordinates>
    </location>
    <tags>
      <tag standard-name="liefdesklacht" translation="love complaint">liefdesklacht</tag>
    </tags>
    <melody>Ach schoonste nimf aanzie</melody>
    <categories>
      <category translation="love and sex">liefde en seks</category>
    </categories>
  <author>Pieter Dubbels</author></meta>
  <text>
    <lg type="song">
      <lg id="s1" type="stanza">
        <l id="s1:l1" met="5" type="-+">NOch oog ik, lieve Beelt! op uw <rhyme label="a" type="f">genade</rhyme>.</l>
        <l id="s1:l2" met="3" type="-+">Ey! weyger my haer <rhyme label="b" type="m">niet</rhyme>,</l>
        <l id="s1:l3" met="5" type="-+">Op dat ik tich, in Zoete vreugt, weer <rhyme label="a" type="f" corresp="#s1:l1">bade</rhyme>,</l>
        <l id="s1:l4" met="3" type="-+">Voor 't bittere <rhyme label="b" type="m" corresp="#s1:l2">verdriet</rhyme>;</l>
        <l id="s1:l5" met="5" type="-+">Dat my, nu over 't Jaar, soo deerlijck <rhyme label="c" type="f">pijnde</rhyme>,</l>
        <l id="s1:l6" met="4" type="-+">Dat ik, als van u gunst <rhyme label="d" type="m">berooft</rhyme>,</l>
        <l id="s1:l7" met="4" type="-+">Die my veel vreugden had <rhyme label="d" type="m" corresp="#s1:l6">belooft</rhyme>,</l>
        <l id="s1:l8" met="2" type="-+">Te zichtbaer <rhyme label="c" type="f" corresp="#s1:l5">quijnde</rhyme>.</l>
      </lg>
      <lg id="s2" type="stanza">
        <l id="s2:l1" met="5" type="-+">Ik quijnde, Ja, ik quijnde, tweede <rhyme label="a" type="f">leven</rhyme>.</l>
        <l id="s2:l2" met="3" type="-+">Ik kon my uyt het <rhyme label="b" type="m">licht</rhyme>,</l>
        <l id="s2:l3" met="5" type="-+">Dat my eer zo verlichte, niet <rhyme label="a" type="f" corresp="#s2:l1">begeven</rhyme></l>
        <l id="s2:l4" met="3" type="-+">Tot rust, om dat de <rhyme label="b" type="m" corresp="#s2:l2">plicht</rhyme></l>
        <l id="s2:l5" met="5" type="-+">My hand te zeer, door gunst, aen u <rhyme label="c" type="f">verbonden</rhyme>.</l>
        <l id="s2:l6" met="4" type="-+">Niet anders, Lief, vertrooste <rhyme label="d" type="m">my</rhyme>,</l>
        <l id="s2:l7" met="4" type="-+">Dat ik my Zuyver vond, en <rhyme label="d" type="m" corresp="#s2:l6">vry</rhyme></l>
        <l id="s2:l8" met="2" type="-+">Van deze <rhyme label="c" type="f" corresp="#s2:l5">Zonden</rhyme>,</l>
      </lg>
      <lg id="s3" type="stanza">
        <l id="s3:l1" met="5" type="-+">Die onse strick van vrindschap Zoo <rhyme label="a" type="f">ontstrickte</rhyme>:</l>
        <l id="s3:l2" met="3" type="-+">Doch 't scheen, doe 'k oorzaak <rhyme label="b" type="m">wist</rhyme>,</l>
        <l id="s3:l3" met="5" type="-+">Dat hoop my troost' en weer <rhyme label="a" type="f" corresp="#s3:l1">verquikte</rhyme>:</l>
        <l id="s3:l4" met="3" type="-+">Maer 'k had my noch <rhyme label="b" type="m" corresp="#s3:l2">vergist</rhyme>.</l>
        <l id="s3:l5" met="5" type="-+">Uw gunst was al te zeer voor my <rhyme label="c" type="f">ghesloten</rhyme>.</l>
        <l id="s3:l6" met="4" type="-+">Denk eens hoe dat ik my <rhyme label="d" type="m">bevond</rhyme>,</l>
        <l id="s3:l7" met="4" type="-+">Toen ik, O ramp! Zoo deerlijk <rhyme label="d" type="m" corresp="#s3:l6">stond</rhyme></l>
        <l id="s3:l8" met="2" type="-+">Voor 't hooft <rhyme label="c" type="f" corresp="#s3:l5">ghestoten</rhyme>.</l>
      </lg>
      <lg id="s4" type="stanza">
        <l id="s4:l1" met="5" type="-+">Ik mogt, straet op straet neer, wel deerlijk <rhyme label="a" type="f">treuren</rhyme>.</l>
        <l id="s4:l2" met="3" type="-+">Ik treurden al om <rhyme label="b" type="m">niet</rhyme>.</l>
        <l id="s4:l3" met="5" type="-+">My mogt de gunst, die 'k wenschte, niet <rhyme label="a" type="f" corresp="#s4:l1">gebeuren</rhyme>.</l>
        <l id="s4:l4" met="3" type="-+">Ik bleef in mijn <rhyme label="b" type="m" corresp="#s4:l2">verdriet</rhyme>,</l>
        <l id="s4:l5" met="5" type="-+">En 't scheen dat ik daer in zou eeuwig <rhyme label="c" type="f">blijven</rhyme>.</l>
        <l id="s4:l6" met="4" type="-+">Gy woud my, O te strengen <rhyme label="d" type="m">Wet</rhyme>!</l>
        <l id="s4:l7" met="4" type="-+">Op dat ik u bedaerde, <rhyme label="d" type="m" corresp="#s4:l6">met</rhyme></l>
        <l id="s4:l8" met="2" type="-+">Geen uur <rhyme label="c" type="f" corresp="#s4:l5">gerijven</rhyme>.</l>
      </lg>
      <lg id="s5" type="stanza">
        <l id="s5:l1" met="5" type="-+">Maar even stuurs denck voor 't aenzicht <rhyme label="a" type="f">bieden</rhyme>.</l>
        <l id="s5:l2" met="3" type="-+">Noch denk ik op dien <rhyme label="b" type="m">nood</rhyme>.</l>
        <l id="s5:l3" met="5" type="-+">Zal my van u geen hoop of troost <rhyme label="a" type="f" corresp="#s5:l1">gheschieden</rhyme>;</l>
        <l id="s5:l4" met="3" type="-+">'k Verwacht'er van de <rhyme label="b" type="m" corresp="#s5:l2">dood</rhyme>,</l>
        <l id="s5:l5" met="5" type="-+">Die my gewillig zal van leed <rhyme label="c" type="f">bevryden</rhyme>.</l>
        <l id="s5:l6" met="4" type="-+">Zy krijgt, al isse wreed en <rhyme label="d" type="m">fel</rhyme>,</l>
        <l id="s5:l7" met="4" type="-+">Met my, door 't noodelots <rhyme label="d" type="m" corresp="#s5:l6">bevel</rhyme>,</l>
        <l id="s5:l8" met="2" type="-+">Wel <rhyme label="c" type="f" corresp="#s5:l5">medelijden</rhyme>;</l>
      </lg>
      <lg id="s6" type="stanza">
        <l id="s6:l1" met="5" type="-+">Want mijn benaude Ziel stelt, als <rhyme label="a" type="f">beladen</rhyme>,</l>
        <l id="s6:l2" met="3" type="-+">Op haer heur leste <rhyme label="b" type="m">hoop</rhyme>:</l>
        <l id="s6:l3" met="5" type="-+">Dies bid ik, knoop, ey: knoop, 't zal u niet <rhyme label="a" type="f" corresp="#s6:l1">schaden</rhyme>,</l>
        <l id="s6:l4" met="3" type="-+">Toch weer ons vriend schaps <rhyme label="b" type="m" corresp="#s6:l2">knoop</rhyme>,</l>
        <l id="s6:l5" met="5" type="-+">Die my op Aerd, een Hemels vreught toe <rhyme label="c" type="f">zeyde</rhyme>.</l>
        <l id="s6:l6" met="4" type="-+">Zoo gy 't niet, metten eersten <rhyme label="d" type="m">doet</rhyme>;</l>
        <l id="s6:l7" met="4" type="-+">Ik zweer u, schoone, dat ick <rhyme label="d" type="m" corresp="#s6:l6">moet</rhyme>,</l>
        <l id="s6:l8" met="2" type="-+">Voor eeuwigh, scheyde.   Mon Heure <rhyme label="c" type="f" corresp="#s6:l5">Viendra</rhyme>.</l>
      </lg>
    </lg>
  </text>
</song>
