<song>
  <meta>
    <id>10097</id>
    <date>
      <year-start>1634</year-start>
      <year-end>1634</year-end>
    </date>
    <location>
      <orginal-name>hoorn</orginal-name>
      <standard-name>Hoorn, The Netherlands</standard-name>
      <coordinates>
        <lon>52.653272</lon>
        <lat>5.0735802</lat>
      </coordinates>
    </location>
    <tags>
      <tag standard-name="liefdeslied" translation="love song">liefdeslied</tag>
    </tags>
    <melody>Pronkje van de maagden</melody>
    <categories>
      <category translation="love and sex">liefde en seks</category>
    </categories>
  <author>Jacob Coenraetsz Mayvogel</author></meta>
  <text>
    <lg type="song">
      <lg id="s1" type="stanza">
        <l id="s1:l1" met="3" type="+-">EEns gingh ick uyt <rhyme label="a" type="f">Hooren</rhyme></l>
        <l id="s1:l2" met="3" type="+-">Om my te <rhyme label="b" type="f">vertreden</rhyme>,</l>
        <l id="s1:l3" met="3" type="+-">Ick sal niemant <rhyme label="a" type="f" corresp="#s1:l1">stooren</rhyme></l>
        <l id="s1:l4" met="3" type="+-">Door mijn swacke <rhyme label="b" type="f" corresp="#s1:l2">reden</rhyme>,</l>
        <l id="s1:l5" met="3" type="+-">Ick quam op een <rhyme label="b" type="f" corresp="#s1:l2">stede</rhyme></l>
        <l id="s1:l6" met="3" type="-+">Daer veel gheboomte <rhyme label="c" type="m">stondt</rhyme>,</l>
        <l id="s1:l7" met="2" type="-+">Met eeren, <rhyme label="d" type="f">vermeeren</rhyme>,</l>
        <l id="s1:l8" met="2" type="-+">Te same, de <rhyme label="e" type="f">name</rhyme></l>
        <l id="s1:l9" met="2" type="+-">Daer ick&#8217;t dus <rhyme label="c" type="m" corresp="#s1:l6">vondt</rhyme>.</l>
      </lg>
      <lg id="s2" type="stanza">
        <l id="s2:l1" met="3" type="+-">En siet Venus <rhyme label="a" type="f">Goden</rhyme></l>
        <l id="s2:l2" met="3" type="+-">Zijn aldaer <rhyme label="b" type="f">ghecomen</rhyme>,</l>
        <l id="s2:l3" met="3" type="+-">Die te samen <rhyme label="a" type="f" corresp="#s2:l1">boden</rhyme></l>
        <l id="s2:l4" met="3" type="+-">Gunsten sonder <rhyme label="b" type="f" corresp="#s2:l2">schromen</rhyme>,</l>
        <l id="s2:l5" met="3" type="+-">Niemant heeft <rhyme label="b" type="f" corresp="#s2:l2">ontnomen</rhyme></l>
        <l id="s2:l6" met="3" type="-+">De vreucht van haer <rhyme label="c" type="m">Matres</rhyme>,</l>
        <l id="s2:l7" met="2" type="-+">Waer inne, mijn <rhyme label="d" type="f">sinnen</rhyme></l>
        <l id="s2:l8" met="2" type="-+">Vervloghen en <rhyme label="e" type="f">toghen</rhyme></l>
        <l id="s2:l9" met="2" type="+-">Op mijn <rhyme label="c" type="m" corresp="#s2:l6">Princes</rhyme>.</l>
      </lg>
      <lg id="s3" type="stanza">
        <l id="s3:l1" met="3" type="+-">&#8216;Tscheen de soetste <rhyme label="a" type="f">warande</rhyme></l>
        <l id="s3:l2" met="3" type="+-">Diemen oyt kond&#8217; <rhyme label="b" type="f">vinden</rhyme>,</l>
        <l id="s3:l3" met="3" type="+-">Ick docht met <rhyme label="a" type="f" corresp="#s3:l1">verstande</rhyme></l>
        <l id="s3:l4" met="3" type="+-">had ick mijn <rhyme label="b" type="f" corresp="#s3:l2">beminde</rhyme>,</l>
        <l id="s3:l5" met="3" type="+-">&#8216;Ksou my <rhyme label="b" type="f" corresp="#s3:l2">onderwinden</rhyme></l>
        <l id="s3:l6" met="3" type="-+">Te maken een <rhyme label="c" type="m">verbondt</rhyme>,</l>
        <l id="s3:l7" met="2" type="-+">En kroone, mijn <rhyme label="d" type="f">schoone</rhyme>,</l>
        <l id="s3:l8" met="2" type="-+">In trouwe, tot <rhyme label="e" type="f">vrouwe</rhyme>,</l>
        <l id="s3:l9" met="2" type="+-">Voor echt <rhyme label="c" type="m" corresp="#s3:l6">terstont</rhyme>.</l>
      </lg>
      <lg id="s4" type="stanza">
        <l id="s4:l1" met="3" type="+-">Doch na weynich <rhyme label="a" type="f">beyen</rhyme></l>
        <l id="s4:l2" met="3" type="+-">Sijn sy al <rhyme label="b" type="f">verdwenen</rhyme>,</l>
        <l id="s4:l3" met="3" type="+-">Venus is <rhyme label="a" type="f" corresp="#s4:l1">ghescheyen</rhyme>,</l>
        <l id="s4:l4" met="3" type="+-">Ick bleef daer <rhyme label="b" type="f" corresp="#s4:l2">alene</rhyme></l>
        <l id="s4:l5" met="3" type="+-">In het groen <rhyme label="b" type="f" corresp="#s4:l2">certene</rhyme></l>
        <l id="s4:l6" met="3" type="-+">Van boomen net <rhyme label="c" type="m">beplant</rhyme>,</l>
        <l id="s4:l7" met="2" type="-+">Daer &#8216;tsinghen, en <rhyme label="d" type="f">springhen</rhyme>,</l>
        <l id="s4:l8" met="2" type="-+">By schare, <rhyme label="e" type="f">voorware</rhyme>,</l>
        <l id="s4:l9" met="2" type="+-">Was <rhyme label="c" type="m" corresp="#s4:l6">abondant</rhyme>.</l>
      </lg>
      <lg id="s5" type="stanza">
        <l id="s5:l1" met="3" type="+-">Ick sagh daer veel <rhyme label="a" type="f">menschen</rhyme></l>
        <l id="s5:l2" met="3" type="+-">Haer in&#8217;t groen <rhyme label="b" type="f">vermeyelt</rhyme>,</l>
        <l id="s5:l3" met="3" type="+-">Yder gingh na <rhyme label="a" type="f" corresp="#s5:l1">wenschen</rhyme>,</l>
        <l id="s5:l4" met="3" type="+-">Niemant deed haer <rhyme label="b" type="f" corresp="#s5:l2">scheyen</rhyme>,</l>
        <l id="s5:l5" met="3" type="+-">Noch sach ick een <rhyme label="b" type="f" corresp="#s5:l2">reye</rhyme></l>
        <l id="s5:l6" met="3" type="-+">Van paren sy aen <rhyme label="c" type="m">sy</rhyme>,</l>
        <l id="s5:l7" met="2" type="-+">Ick Herder,  liep <rhyme label="d" type="f">verder</rhyme>,</l>
        <l id="s5:l8" met="2" type="-+">Met vreuchde, <rhyme label="e" type="f">verheuchde</rhyme></l>
        <l id="s5:l9" met="2" type="+-">Mijn hert seer <rhyme label="c" type="m" corresp="#s5:l6">bly</rhyme>.</l>
      </lg>
      <lg id="s6" type="stanza">
        <l id="s6:l1" met="3" type="+-">Ick sach daer mijn <rhyme label="a" type="f">schoone</rhyme></l>
        <l id="s6:l2" met="3" type="+-">Mede onder <rhyme label="b" type="f">desen</rhyme>,</l>
        <l id="s6:l3" met="3" type="+-">Braef al van <rhyme label="a" type="f" corresp="#s6:l1">persoone</rhyme>,</l>
        <l id="s6:l4" met="3" type="+-">Vriendelijck van <rhyme label="b" type="f" corresp="#s6:l2">wesen</rhyme>,</l>
        <l id="s6:l5" met="3" type="+-">Nochtans siet met <rhyme label="b" type="f" corresp="#s6:l2">vreesen</rhyme></l>
        <l id="s6:l6" met="3" type="-+">Sach ick haer in dit <rhyme label="c" type="m">dal</rhyme></l>
        <l id="s6:l7" met="2" type="-+">Aencomen, met <rhyme label="d" type="f">schromen</rhyme>,</l>
        <l id="s6:l8" met="2" type="-+">Mijn lijde, <rhyme label="e" type="f">verblijde</rhyme></l>
        <l id="s6:l9" met="2" type="+-">Door dit <rhyme label="c" type="m" corresp="#s6:l6">gheval</rhyme>.</l>
      </lg>
      <lg id="s7" type="stanza">
        <l id="s7:l1" met="3" type="+-">Och wat ist voor <rhyme label="a" type="f">leven</rhyme></l>
        <l id="s7:l2" met="3" type="+-">Wech sijn al mijn <rhyme label="b" type="f">sinnen</rhyme>,</l>
        <l id="s7:l3" met="3" type="+-">Ick en can niet <rhyme label="a" type="f" corresp="#s7:l1">gheven</rhyme></l>
        <l id="s7:l4" met="3" type="+-">Teken van mijn <rhyme label="b" type="f" corresp="#s7:l2">minne</rhyme></l>
        <l id="s7:l5" met="3" type="+-">Nochtans ghy <rhyme label="b" type="f" corresp="#s7:l2">Godinne</rhyme></l>
        <l id="s7:l6" met="3" type="-+">Alleen mijn siel <rhyme label="c" type="m">ghebiet</rhyme>,</l>
        <l id="s7:l7" met="2" type="-+">Ick noeme en <rhyme label="d" type="f">roeme</rhyme>,</l>
        <l id="s7:l8" met="2" type="-+">Mijn minne, met <rhyme label="e" type="f">sinne</rhyme>,</l>
        <l id="s7:l9" met="2" type="+-">Soo ghy hier <rhyme label="c" type="m" corresp="#s7:l6">siet</rhyme>.</l>
      </lg>
      <lg id="s8" type="stanza">
        <l id="s8:l1" met="3" type="+-">Sult ghy dan <rhyme label="a" type="f">me-vrouwe</rhyme></l>
        <l id="s8:l2" met="3" type="+-">Nimmer my <rhyme label="b" type="f">verstercken</rhyme></l>
        <l id="s8:l3" met="3" type="+-">In dees&#8217; droeve <rhyme label="a" type="f" corresp="#s8:l1">trouwe</rhyme></l>
        <l id="s8:l4" met="3" type="+-">En verliefde <rhyme label="b" type="f" corresp="#s8:l2">wercken</rhyme>,</l>
        <l id="s8:l5" met="3" type="+-">Daer ghy kont <rhyme label="b" type="f" corresp="#s8:l2">bemercken</rhyme></l>
        <l id="s8:l6" met="3" type="-+">Mijn liefde al te <rhyme label="c" type="m">groot</rhyme>,</l>
        <l id="s8:l7" met="2" type="-+">Wilt gheven, <rhyme label="d" type="f">beneven</rhyme>,</l>
        <l id="s8:l8" met="2" type="-+">Vriendinne, weer <rhyme label="e" type="f">minne</rhyme></l>
        <l id="s8:l9" met="2" type="+-">Ick ben in <rhyme label="c" type="m" corresp="#s8:l6">noot</rhyme>.</l>
      </lg>
    </lg>
  </text>
</song>