<song>
  <meta>
    <id>10093</id>
    <date>
      <year-start>1634</year-start>
      <year-end>1634</year-end>
    </date>
    <location>
      <orginal-name>hoorn</orginal-name>
      <standard-name>Hoorn, The Netherlands</standard-name>
      <coordinates>
        <lon>52.653272</lon>
        <lat>5.0735802</lat>
      </coordinates>
    </location>
    <tags>
      <tag standard-name="liefdeslied" translation="love song">liefdeslied</tag>
      <tag standard-name="klaaglied" translation="lamentation">klaaglied</tag>
    </tags>
    <melody>Sei tanto graziosa</melody>
    <categories>
      <category translation="love and sex">liefde en seks</category>
      <category translation="emotions">emoties</category>
    </categories>
  <author>Jacob Coenraetsz Mayvogel</author></meta>
  <text>
    <lg type="song">
      <lg id="s1" type="stanza">
        <l id="s1:l1" met="3" type="-+">ACh mijn waerdtste <rhyme label="a" type="f">vriendinne</rhyme>!</l>
        <l id="s1:l2" met="5" type="-+">Hoe sal ick best mijn trouwe liefd&#8217; <rhyme label="b" type="f">beschrijven</rhyme>?</l>
        <l id="s1:l3" met="3" type="-+">Wilt doch mijn droeve <rhyme label="a" type="f" corresp="#s1:l1">minne</rhyme></l>
        <l id="s1:l4" met="5" type="-+">Bekennen hier door brieven en <rhyme label="b" type="f" corresp="#s1:l2">Missijven</rhyme>:</l>
        <l id="s1:l5" met="2" type="-+">Want ghy zijt <rhyme label="c" type="m">die</rhyme></l>
        <l id="s1:l6" met="2" type="-+">Ick &#8216;tliefste <rhyme label="c" type="m" corresp="#s1:l5">sie</rhyme></l>
        <l id="s1:l7" met="3" type="-+">Dan alle jonghe <rhyme label="d" type="f">Maghen</rhyme>,</l>
        <l id="s1:l8" met="2" type="-+">Mocht ick <rhyme label="e" type="f">voorware</rhyme></l>
        <l id="s1:l9" met="3" type="-+">Mijn liefd&#8217; in&#8217;t <rhyme label="e" type="f" corresp="#s1:l8">openbare</rhyme></l>
        <l id="s1:l10" met="2" type="+-">U <rhyme label="d" type="f" corresp="#s1:l7">voordraghen</rhyme>.</l>
      </lg>
      <lg id="s2" type="stanza">
        <l id="s2:l1" met="3" type="-+">Ick sucht veel bitt&#8217;re <rhyme label="a" type="f">suchten</rhyme>,</l>
        <l id="s2:l2" met="5" type="-+">Maar laes! ghy wilt het niet van my <rhyme label="b" type="f">bemercken</rhyme>,</l>
        <l id="s2:l3" met="3" type="-+">t&#8217;Dwaerts doe ickse <rhyme label="a" type="f" corresp="#s2:l1">vluchten</rhyme>,</l>
        <l id="s2:l4" met="5" type="-+">Ghy siet het wel aen mijn verwonnen <rhyme label="b" type="f" corresp="#s2:l2">wercken</rhyme>,</l>
        <l id="s2:l5" met="2" type="-+">En zijt als <rhyme label="c" type="m">een</rhyme></l>
        <l id="s2:l6" met="2" type="-+">IJser of <rhyme label="c" type="m" corresp="#s2:l5">steen</rhyme></l>
        <l id="s2:l7" met="3" type="-+">Onbarmhertigh van <rhyme label="d" type="f">sinnen</rhyme>,</l>
        <l id="s2:l8" met="2" type="-+">Ick kan&#8216;t niet <rhyme label="e" type="f">mijen</rhyme>,</l>
        <l id="s2:l9" met="3" type="-+">Al proef ick seer veel <rhyme label="e" type="f" corresp="#s2:l8">lijen</rhyme></l>
        <l id="s2:l10" met="2" type="+-">In het <rhyme label="d" type="f" corresp="#s2:l7">minnen</rhyme>.</l>
      </lg>
      <lg id="s3" type="stanza">
        <l id="s3:l1" met="3" type="-+">O ghy schoonste <rhyme label="a" type="f">Princesse</rhyme>,</l>
        <l id="s3:l2" met="5" type="-+">Siet ghy noch niet hoe dat ick u <rhyme label="b" type="f">beminne</rhyme>?</l>
        <l id="s3:l3" met="3" type="-+">Ghy zijt doch de <rhyme label="a" type="f" corresp="#s3:l1">Matresse</rhyme></l>
        <l id="s3:l4" met="5" type="-+">Van mijn lichaem, jae oock van al mijn <rhyme label="b" type="f" corresp="#s3:l2">sinnen</rhyme>,</l>
        <l id="s3:l5" met="2" type="-+">In deucht en <rhyme label="c" type="m">eer</rhyme></l>
        <l id="s3:l6" met="2" type="-+">&#8216;K Begeer niet <rhyme label="c" type="m" corresp="#s3:l5">meer</rhyme></l>
        <l id="s3:l7" met="3" type="-+">Te schencken u mijn <rhyme label="d" type="f">trouwe</rhyme>,</l>
        <l id="s3:l8" met="2" type="-+">Mijn <rhyme label="e" type="f">uytverkoren</rhyme></l>
        <l id="s3:l9" met="3" type="-+">Wilt ghy niet na my <rhyme label="e" type="f" corresp="#s3:l8">hooren</rhyme></l>
        <l id="s3:l10" met="2" type="+-">Segh <rhyme label="d" type="f" corresp="#s3:l7">Jonck-vrouwe</rhyme>?</l>
      </lg>
      <lg id="s4" type="stanza">
        <l id="s4:l1" met="3" type="-+">Lief vreesje voor <rhyme label="a" type="f">ontrouwe</rhyme>,</l>
        <l id="s4:l2" met="5" type="-+">O neen sulck een en ben ick noyt <rhyme label="b" type="f">ghevonden</rhyme>,</l>
        <l id="s4:l3" met="3" type="-+">Mijn woorden sal ick <rhyme label="a" type="f" corresp="#s4:l1">houwen</rhyme>,</l>
        <l id="s4:l4" met="5" type="-+">Ick seght met eedt oprechtelijck in&#8217;t <rhyme label="b" type="f" corresp="#s4:l2">ronde</rhyme>,</l>
        <l id="s4:l5" met="2" type="-+">Dat liefde <rhyme label="c" type="m">goet</rhyme>,</l>
        <l id="s4:l6" met="2" type="-+">En vreught seer <rhyme label="c" type="m" corresp="#s4:l5">soet</rhyme>,</l>
        <l id="s4:l7" met="3" type="-+">Staech sullen by ons <rhyme label="d" type="f">woonen</rhyme>,</l>
        <l id="s4:l8" met="2" type="-+">Wil ghy <rhyme label="e" type="f">Godinne</rhyme></l>
        <l id="s4:l9" met="3" type="-+">In dese droeve <rhyme label="e" type="f" corresp="#s4:l8">minne</rhyme></l>
        <l id="s4:l10" met="2" type="+-">My <rhyme label="d" type="f" corresp="#s4:l7">verschoonen</rhyme>.</l>
      </lg>
      <lg id="s5" type="stanza">
        <l id="s5:l1" met="3" type="-+">Ach lief moet ick dus <rhyme label="a" type="f">klaghen</rhyme>?</l>
        <l id="s5:l2" met="5" type="-+">Moet ick om u noch in mijn liefde <rhyme label="b" type="f">sneven</rhyme>?</l>
        <l id="s5:l3" met="3" type="-+">Ach moet ick dus <rhyme label="a" type="f" corresp="#s5:l1">verslaghen</rhyme></l>
        <l id="s5:l4" met="5" type="-+">In mijn bedrucktheyt hier noch langher <rhyme label="b" type="f" corresp="#s5:l2">leven</rhyme>?</l>
        <l id="s5:l5" met="2" type="-+">O liefste <rhyme label="c" type="m">my</rhyme></l>
        <l id="s5:l6" met="2" type="-+">Ghy hebt doch <rhyme label="c" type="m" corresp="#s5:l5">vry</rhyme></l>
        <l id="s5:l7" met="3" type="-+">En draeght alhier de <rhyme label="d" type="f">kroone</rhyme>,</l>
        <l id="s5:l8" met="2" type="-+">V soete <rhyme label="e" type="f">wencken</rhyme></l>
        <l id="s5:l9" met="3" type="-+">Vriendinne wilt doch <rhyme label="e" type="f" corresp="#s5:l8">schencken</rhyme></l>
        <l id="s5:l10" met="2" type="+-">Tot mijn <rhyme label="d" type="f" corresp="#s5:l7">loone</rhyme>.</l>
      </lg>
    </lg>
  </text>
</song>