<song>
  <meta>
    <id>10094</id>
    <date>
      <year-start>1634</year-start>
      <year-end>1634</year-end>
    </date>
    <location>
      <orginal-name>hoorn</orginal-name>
      <standard-name>Hoorn, The Netherlands</standard-name>
      <coordinates>
        <lon>52.653272</lon>
        <lat>5.0735802</lat>
      </coordinates>
    </location>
    <tags>
      <tag standard-name="ramplied" translation="disaster song">ramplied</tag>
      <tag standard-name="liefdeslied" translation="love song">liefdeslied</tag>
      <tag standard-name="klaaglied" translation="lamentation">klaaglied</tag>
    </tags>
    <melody>Het glas van mijn geneugte</melody>
    <categories>
      <category translation="love and sex">liefde en seks</category>
      <category translation="narratives">verhalen</category>
      <category translation="emotions">emoties</category>
    </categories>
  <author>Jacob Coenraetsz Mayvogel</author></meta>
  <text>
    <lg type="song">
      <lg id="s1" type="stanza">
        <l id="s1:l1" met="3" type="-+">Comt Goden comt <rhyme label="a" type="m">aenschout</rhyme></l>
        <l id="s1:l2" met="2" type="-+">Al mijn <rhyme label="b" type="f">beswaren</rhyme>,</l>
        <l id="s1:l3" met="3" type="-+">Mijn leven doch <rhyme label="a" type="m" corresp="#s1:l1">behout</rhyme></l>
        <l id="s1:l4" met="2" type="-+">Door dese <rhyme label="b" type="f" corresp="#s1:l2">baren</rhyme></l>
        <l id="s1:l5" met="5" type="-+">Sy smijten schier mijn Schip aen duysent <rhyme label="c" type="f">stucken</rhyme>,</l>
        <l id="s1:l6" met="6" type="-+">O water nijdich nat, waerom soo doet ghy <rhyme label="d" type="m">dat</rhyme></l>
        <l id="s1:l7" met="2" type="-+">Tot mijn <rhyme label="c" type="f" corresp="#s1:l5">verdrucken</rhyme>.</l>
      </lg>
      <lg id="s2" type="stanza">
        <l id="s2:l1" met="3" type="-+">Laet af, o schoone <rhyme label="a" type="m">Maeght</rhyme>,</l>
        <l id="s2:l2" met="2" type="-+">Ghy zijt mijn <rhyme label="b" type="f">leven</rhyme>,</l>
        <l id="s2:l3" met="3" type="-+">Den schat ghy bij u <rhyme label="a" type="m" corresp="#s2:l1">draeght</rhyme></l>
        <l id="s2:l4" met="2" type="-+">Daer ick om <rhyme label="b" type="f" corresp="#s2:l2">sweve</rhyme>,</l>
        <l id="s2:l5" met="5" type="-+">Ghy sijt de groote Zee met al sijn <rhyme label="c" type="f">baren</rhyme>,</l>
        <l id="s2:l6" met="6" type="-+">Die mijn verliefde hert, met vreughden en met <rhyme label="d" type="m">smert</rhyme>,</l>
        <l id="s2:l7" met="2" type="-+">Op hoop doet <rhyme label="c" type="f" corresp="#s2:l5">varen</rhyme>.</l>
      </lg>
      <lg id="s3" type="stanza">
        <l id="s3:l1" met="3" type="-+">Aurora kijckt wel <rhyme label="a" type="m">uyt</rhyme></l>
        <l id="s3:l2" met="2" type="-+">Doch als met <rhyme label="b" type="f">weene</rhyme>,</l>
        <l id="s3:l3" met="3" type="-+">Want d&#8217;Hemel hem toe <rhyme label="a" type="m" corresp="#s3:l1">sluyt</rhyme>,</l>
        <l id="s3:l4" met="2" type="-+">Seer strengh <rhyme label="b" type="f" corresp="#s3:l2">certene</rhyme></l>
        <l id="s3:l5" met="5" type="-+">Het schijnt dat ick noch sal schip-breeckingh <rhyme label="c" type="f">lijden</rhyme>,</l>
        <l id="s3:l6" met="6" type="-+">O Goden wat een noot! want siet ick can de <rhyme label="d" type="m">doodt</rhyme></l>
        <l id="s3:l7" met="2" type="-+">Voorwaer niet <rhyme label="c" type="f" corresp="#s3:l5">mijden</rhyme>.</l>
      </lg>
      <lg id="s4" type="stanza">
        <l id="s4:l1" met="3" type="-+">Roer, Ancker, Zeyl en <rhyme label="a" type="m">Tou</rhyme></l>
        <l id="s4:l2" met="2" type="-+">Gaet my <rhyme label="b" type="f">begheven</rhyme>,</l>
        <l id="s4:l3" met="3" type="-+">Elaes&#8217; ick ben in <rhyme label="a" type="m" corresp="#s4:l1">rou</rhyme>,</l>
        <l id="s4:l4" met="2" type="-+">Daer schijnt gheen <rhyme label="b" type="f" corresp="#s4:l2">leven</rhyme>,</l>
        <l id="s4:l5" met="5" type="-+">De werelt is beset met droeve <rhyme label="c" type="f">dampen</rhyme>,</l>
        <l id="s4:l6" met="6" type="-+">Gheen troost is voor de hant, daer comt oock geen <rhyme label="d" type="m">bystant</rhyme></l>
        <l id="s4:l7" met="2" type="-+">Dan deze <rhyme label="c" type="f" corresp="#s4:l5">rampen</rhyme>.</l>
      </lg>
      <lg id="s5" type="stanza">
        <l id="s5:l1" met="3" type="-+">Ach Clara soo&#8217;t mach <rhyme label="a" type="m">sijn</rhyme></l>
        <l id="s5:l2" met="2" type="-+">Verhoort mijn <rhyme label="b" type="f">klaghen</rhyme>!</l>
        <l id="s5:l3" met="3" type="-+">Ick bid u liefste <rhyme label="a" type="m" corresp="#s5:l1">mijn</rhyme></l>
        <l id="s5:l4" met="2" type="-+">Wilt niet meer <rhyme label="b" type="f" corresp="#s5:l2">plaghen</rhyme>,</l>
        <l id="s5:l5" met="5" type="-+">Let sijn u vreucht mijn vreught, u schat mijn <rhyme label="c" type="f">leven</rhyme>,</l>
        <l id="s5:l6" met="6" type="-+">Ach wilt mijn overschoon, tot een ghewenste <rhyme label="d" type="m">loon</rhyme>,</l>
        <l id="s5:l7" met="2" type="-+">Het jae woort <rhyme label="c" type="f" corresp="#s5:l5">gheven</rhyme>.</l>
      </lg>
    </lg>
  </text>
</song>