<song>
  <meta>
    <id>10095</id>
    <date>
      <year-start>1634</year-start>
      <year-end>1634</year-end>
    </date>
    <location>
      <orginal-name>hoorn</orginal-name>
      <standard-name>Hoorn, The Netherlands</standard-name>
      <coordinates>
        <lon>52.653272</lon>
        <lat>5.0735802</lat>
      </coordinates>
    </location>
    <tags>
      <tag standard-name="liefdeslied" translation="love song">liefdeslied</tag>
      <tag standard-name="klaaglied" translation="lamentation">klaaglied</tag>
    </tags>
    <melody>Die mint die lijdt veel pijn</melody>
    <categories>
      <category translation="love and sex">liefde en seks</category>
      <category translation="emotions">emoties</category>
    </categories>
  <author>Jacob Coenraetsz Mayvogel</author></meta>
  <text>
    <lg type="song">
      <lg id="s1" type="stanza">
        <l id="s1:l1" met="3" type="-+">DE werelt schijnt <rhyme label="a" type="m">verheucht</rhyme></l>
        <l id="s1:l2" met="3" type="-+">Door al het soet <rhyme label="b" type="m">ghevry</rhyme></l>
        <l id="s1:l3" met="3" type="-+">Op menich <rhyme label="c" type="m">Herderin</rhyme>,</l>
        <l id="s1:l4" met="3" type="-+">Ick sie de soete <rhyme label="a" type="m" corresp="#s1:l1">jeught</rhyme></l>
        <l id="s1:l5" met="3" type="-+">Van hert en sinnen <rhyme label="b" type="m" corresp="#s1:l2">bly</rhyme></l>
        <l id="s1:l6" met="3" type="-+">Alleen door enckel <rhyme label="c" type="m" corresp="#s1:l3">min</rhyme>,</l>
        <l id="s1:l7" met="2" type="-+">Om dat haer <rhyme label="d" type="m">lief</rhyme>,</l>
        <l id="s1:l8" met="3" type="-+">Gheeft troost tot haer <rhyme label="d" type="m" corresp="#s1:l7">gherief</rhyme>,</l>
        <l id="s1:l9" met="3" type="-+">Een wonder braef <rhyme label="e" type="m">accoort</rhyme></l>
        <l id="s1:l10" met="4" type="+-">Brenght de ed&#8217;le minne <rhyme label="e" type="m" corresp="#s1:l9">voort</rhyme>.</l>
      </lg>
      <lg id="s2" type="stanza">
        <l id="s2:l1" met="3" type="-+">Als d&#8217;Hemels lichte <rhyme label="a" type="m">glans</rhyme></l>
        <l id="s2:l2" met="3" type="-+">Verkeert in <rhyme label="b" type="m">duysterheydt</rhyme></l>
        <l id="s2:l3" met="3" type="-+">Door ondergangh van <rhyme label="c" type="m">Son</rhyme>,</l>
        <l id="s2:l4" met="3" type="-+">Wanneer Auroor <rhyme label="a" type="m" corresp="#s2:l1">bykans</rhyme></l>
        <l id="s2:l5" met="3" type="-+">Gheheel ter neder <rhyme label="b" type="m" corresp="#s2:l2">leyt</rhyme></l>
        <l id="s2:l6" met="3" type="-+">Dan comt een soete <rhyme label="c" type="m" corresp="#s2:l3">Bron</rhyme>,</l>
        <l id="s2:l7" met="2" type="-+">Een Bron seer <rhyme label="d" type="m">fier</rhyme></l>
        <l id="s2:l8" met="3" type="-+">Komt voort tot haer <rhyme label="d" type="m" corresp="#s2:l7">playsier</rhyme>,</l>
        <l id="s2:l9" met="3" type="-+">Door Herders t&#8217;saem <rhyme label="e" type="m">vergaert</rhyme>,</l>
        <l id="s2:l10" met="4" type="+-">En met Nimphjens soet <rhyme label="e" type="m" corresp="#s2:l9">ghepaert</rhyme>.</l>
      </lg>
      <lg id="s3" type="stanza">
        <l id="s3:l1" met="3" type="-+">Sy sweven gins en <rhyme label="a" type="m">weer</rhyme></l>
        <l id="s3:l2" met="3" type="-+">Al inde koele <rhyme label="b" type="m">nacht</rhyme></l>
        <l id="s3:l3" met="3" type="-+">Door my soo dickwils <rhyme label="c" type="m">heen</rhyme>,</l>
        <l id="s3:l4" met="3" type="-+">Elck met zijn Liefjen <rhyme label="a" type="m" corresp="#s3:l1">teer</rhyme></l>
        <l id="s3:l5" met="3" type="-+">Daer van hy troost <rhyme label="b" type="m" corresp="#s3:l2">verwacht</rhyme></l>
        <l id="s3:l6" met="3" type="-+">Door klaeghelijcke <rhyme label="c" type="m" corresp="#s3:l3">reen</rhyme>,</l>
        <l id="s3:l7" met="2" type="-+">Doch ick <rhyme label="d" type="m">voorwaer</rhyme></l>
        <l id="s3:l8" met="3" type="-+">Moet leven sonder <rhyme label="d" type="m" corresp="#s3:l7">haer</rhyme>,</l>
        <l id="s3:l9" met="3" type="-+">Mijn droefheydt heeft geen <rhyme label="e" type="m">end</rhyme>&#8217;,</l>
        <l id="s3:l10" met="4" type="+-">&#8216;tSy waer henen ick my <rhyme label="e" type="m" corresp="#s3:l9">wend</rhyme>&#8217;.</l>
      </lg>
      <lg id="s4" type="stanza">
        <l id="s4:l1" met="3" type="-+">Hoe moocht ghy dus met <rhyme label="a" type="m">haet</rhyme></l>
        <l id="s4:l2" met="3" type="-+">Op uwen dienaer <rhyme label="b" type="m">zijn</rhyme></l>
        <l id="s4:l3" met="3" type="-+">Die u van herten <rhyme label="c" type="m">mint</rhyme>,</l>
        <l id="s4:l4" met="3" type="-+">Siet ghy niet wat voor <rhyme label="a" type="m" corresp="#s4:l1">smaet</rhyme></l>
        <l id="s4:l5" met="3" type="-+">Ghy my aen doet met <rhyme label="b" type="m" corresp="#s4:l2">pijn</rhyme>,</l>
        <l id="s4:l6" met="3" type="-+">Elaes u doch <rhyme label="c" type="m" corresp="#s4:l3">besint</rhyme>,</l>
        <l id="s4:l7" met="2" type="-+">Och of u <rhyme label="d" type="m">hert</rhyme></l>
        <l id="s4:l8" met="3" type="-+">My niet aendeed&#8217; meer <rhyme label="d" type="m" corresp="#s4:l7">smert</rhyme>,</l>
        <l id="s4:l9" met="3" type="-+">So sou mijn vreucht seer <rhyme label="e" type="m">groot</rhyme></l>
        <l id="s4:l10" met="4" type="+-">Noch gaen boven alle <rhyme label="e" type="m" corresp="#s4:l9">noot</rhyme>.</l>
      </lg>
      <lg id="s5" type="stanza">
        <l id="s5:l1" met="3" type="-+">Als ick des avonts <rhyme label="a" type="m">laet</rhyme></l>
        <l id="s5:l2" met="3" type="-+">Mijn droef en treurich <rhyme label="b" type="m">hert</rhyme></l>
        <l id="s5:l3" met="3" type="-+">Noch eens vermaken <rhyme label="c" type="m">sal</rhyme>,</l>
        <l id="s5:l4" met="3" type="-+">Het doet niet als&#8217;t my <rhyme label="a" type="m" corresp="#s5:l1">schaet</rhyme>,</l>
        <l id="s5:l5" met="3" type="-+">Ick voel dan hooger <rhyme label="b" type="m" corresp="#s5:l2">smert</rhyme></l>
        <l id="s5:l6" met="3" type="-+">En meerder <rhyme label="c" type="m" corresp="#s5:l3">ongheval</rhyme>,</l>
        <l id="s5:l7" met="2" type="-+">Als ick&#8217;t <rhyme label="d" type="m">ghevry</rhyme></l>
        <l id="s5:l8" met="3" type="-+">Van soo veel Herders <rhyme label="d" type="m" corresp="#s5:l7">bly</rhyme></l>
        <l id="s5:l9" met="3" type="-+">Met aendacht stae en <rhyme label="e" type="m">hoor</rhyme>,</l>
        <l id="s5:l10" met="4" type="+-">Niet dan droefheyt comt my <rhyme label="e" type="m" corresp="#s5:l9">voor</rhyme>.</l>
      </lg>
      <lg id="s6" type="stanza">
        <l id="s6:l1" met="3" type="-+">Ach Clara hoe dus <rhyme label="a" type="m">wreet</rhyme>?</l>
        <l id="s6:l2" met="3" type="-+">Hoe quelt ghy dus mijn <rhyme label="b" type="m">hert</rhyme>?</l>
        <l id="s6:l3" met="3" type="-+">Waerom zijt ghy soo <rhyme label="c" type="m">fel</rhyme>?</l>
        <l id="s6:l4" met="3" type="-+">Of is mijn min u <rhyme label="a" type="m" corresp="#s6:l1">leet</rhyme>?</l>
        <l id="s6:l5" met="3" type="-+">Wat baet u al mijn <rhyme label="b" type="m" corresp="#s6:l2">smert</rhyme>?</l>
        <l id="s6:l6" met="3" type="-+">Waer toe dit vlieden <rhyme label="c" type="m" corresp="#s6:l3">snel</rhyme>?</l>
        <l id="s6:l7" met="2" type="-+">Dat ick met <rhyme label="d" type="m">smaet</rhyme></l>
        <l id="s6:l8" met="3" type="-+">Moet wand&#8217;len achter <rhyme label="d" type="m" corresp="#s6:l7">straet</rhyme>,</l>
        <l id="s6:l9" met="3" type="-+">Daer ander Minnaers <rhyme label="e" type="m">gaen</rhyme>,</l>
        <l id="s6:l10" met="4" type="+-">Moet ick stil besijden <rhyme label="e" type="m" corresp="#s6:l9">staen</rhyme>.</l>
      </lg>
      <lg id="s7" type="stanza">
        <l id="s7:l1" met="3" type="-+">Of vreesje voor <rhyme label="a" type="m">ontrou</rhyme>?</l>
        <l id="s7:l2" met="3" type="-+">Ey sulcks en was ick <rhyme label="b" type="m">noyt</rhyme>,</l>
        <l id="s7:l3" met="3" type="-+">O lief dat waer mijn <rhyme label="c" type="m">leydt</rhyme>,</l>
        <l id="s7:l4" met="3" type="-+">Ick sal u zijn <rhyme label="a" type="m" corresp="#s7:l1">Me-vrou</rhyme></l>
        <l id="s7:l5" met="3" type="-+">Soo trou als yemant <rhyme label="b" type="m" corresp="#s7:l2">oyt</rhyme></l>
        <l id="s7:l6" met="3" type="-+">In al <rhyme label="c" type="m" corresp="#s7:l3">oprechticheydt</rhyme>,</l>
        <l id="s7:l7" met="2" type="-+">Wilt ghy de <rhyme label="d" type="m">vreucht</rhyme>,</l>
        <l id="s7:l8" met="3" type="-+">Maer van u soete <rhyme label="d" type="m" corresp="#s7:l7">jeucht</rhyme>,</l>
        <l id="s7:l9" met="3" type="-+">My schencken tot een <rhyme label="e" type="m">loon</rhyme>,</l>
        <l id="s7:l10" met="4" type="+-">Ghy Princes der Goden <rhyme label="e" type="m" corresp="#s7:l9">schoon</rhyme>.</l>
      </lg>
      <lg id="s8" type="stanza">
        <l id="s8:l1" met="3" type="-+">Elaes, &#8216;ken kan niet <rhyme label="a" type="m">meer</rhyme></l>
        <l id="s8:l2" met="3" type="-+">Dees liefde lijden <rhyme label="b" type="m">swaer</rhyme>,</l>
        <l id="s8:l3" met="3" type="-+">Mijn hert inwendich <rhyme label="c" type="m">schreyt</rhyme>,</l>
        <l id="s8:l4" met="3" type="-+">Ick laster d&#8217;liefde <rhyme label="a" type="m" corresp="#s8:l1">teer</rhyme>,</l>
        <l id="s8:l5" met="3" type="-+">Met anghst en groot <rhyme label="b" type="m" corresp="#s8:l2">ghevaer</rhyme></l>
        <l id="s8:l6" met="3" type="-+">Door <rhyme label="c" type="m" corresp="#s8:l3">onverduldicheydt</rhyme>,</l>
        <l id="s8:l7" met="2" type="-+">Siet ghy noch <rhyme label="d" type="m">niet</rhyme></l>
        <l id="s8:l8" met="3" type="-+">Hoe dat ick lijd&#8217; <rhyme label="d" type="m" corresp="#s8:l7">verdriet</rhyme>,</l>
        <l id="s8:l9" met="3" type="-+">O Clara &#8216;kben in <rhyme label="e" type="m">noot</rhyme>,</l>
        <l id="s8:l10" met="4" type="+-">Want mijn lijden is te <rhyme label="e" type="m" corresp="#s8:l9">groot</rhyme>.</l>
      </lg>
      <lg id="s9" type="stanza">
        <l id="s9:l1" met="3" type="-+">Ghy schoone ghy <rhyme label="a" type="m">alleen</rhyme></l>
        <l id="s9:l2" met="3" type="-+">Sijt die mijn ziel <rhyme label="b" type="m">gebiet</rhyme></l>
        <l id="s9:l3" met="3" type="-+">In de onlijd&#8217;lijck <rhyme label="c" type="m">vuer</rhyme>,</l>
        <l id="s9:l4" met="3" type="-+">Voorwaer ghy zijt die <rhyme label="a" type="m" corresp="#s9:l1">gheen</rhyme></l>
        <l id="s9:l5" met="3" type="-+">Die alle jonst <rhyme label="b" type="m" corresp="#s9:l2">gheschiet</rhyme>,</l>
        <l id="s9:l6" met="3" type="-+">Noch blijft ghy even <rhyme label="c" type="m" corresp="#s9:l3">stuer</rhyme>,</l>
        <l id="s9:l7" met="2" type="-+">Lief martelt <rhyme label="d" type="m">vry</rhyme>,</l>
        <l id="s9:l8" met="3" type="-+">Mijn liefde blijft tot <rhyme label="d" type="m" corresp="#s9:l7">dy</rhyme>,</l>
        <l id="s9:l9" met="3" type="-+">De hoop vertroost het <rhyme label="e" type="m">al</rhyme>,</l>
        <l id="s9:l10" met="4" type="+-">Dat ick overwinnen <rhyme label="e" type="m" corresp="#s9:l9">sal</rhyme>.</l>
      </lg>
    </lg>
  </text>
</song>