<song>
  <meta>
    <id>10098</id>
    <date>
      <year-start>1634</year-start>
      <year-end>1634</year-end>
    </date>
    <location>
      <orginal-name>hoorn</orginal-name>
      <standard-name>Hoorn, The Netherlands</standard-name>
      <coordinates>
        <lon>52.653272</lon>
        <lat>5.0735802</lat>
      </coordinates>
    </location>
    <tags>
      <tag standard-name="liefdeslied" translation="love song">liefdeslied</tag>
    </tags>
    <melody>Het haantje van de wijnen</melody>
    <categories>
      <category translation="love and sex">liefde en seks</category>
    </categories>
  <author>Jacob Coenraetsz Mayvogel</author></meta>
  <text>
    <lg type="song">
      <lg id="s1" type="stanza">
        <l id="s1:l1" met="3" type="+-">O Wilt doch mijn <rhyme label="a" type="f">sinnen</rhyme></l>
        <l id="s1:l2" met="3" type="+-">O bedaren <rhyme label="b" type="m">snel</rhyme>,</l>
        <l id="s1:l3" met="3" type="+-">Hoe wel ick in&#8217;t <rhyme label="a" type="f" corresp="#s1:l1">minnen</rhyme></l>
        <l id="s1:l4" met="3" type="+-">Droef veel lijden <rhyme label="b" type="m" corresp="#s1:l2">fel</rhyme>,</l>
        <l id="s1:l5" met="3" type="+-">Ick sal nochtans <rhyme label="c" type="f">dragen</rhyme></l>
        <l id="s1:l6" met="3" type="+-">Met ghedult mijn <rhyme label="d" type="m">last</rhyme>,</l>
        <l id="s1:l7" met="3" type="+-">Hoe wel dat mijn <rhyme label="c" type="f" corresp="#s1:l5">daghen</rhyme></l>
        <l id="s1:l8" met="3" type="+-">Sijn vol pijn <rhyme label="d" type="m" corresp="#s1:l6">ghepast</rhyme>.</l>
      </lg>
      <lg id="s2" type="stanza">
        <l id="s2:l1" met="3" type="+-">Aenstaen doet <rhyme label="a" type="f">verwinnen</rhyme></l>
        <l id="s2:l2" met="3" type="+-">Soo&#8217;t blijckt t&#8217;allen <rhyme label="b" type="m">tijdt</rhyme>,</l>
        <l id="s2:l3" met="3" type="+-">Daerom ick mijn <rhyme label="a" type="f" corresp="#s2:l1">sinnen</rhyme></l>
        <l id="s2:l4" met="3" type="+-">Nu op hope <rhyme label="b" type="m" corresp="#s2:l2">smijt</rhyme>,</l>
        <l id="s2:l5" met="3" type="+-">Dus ick sal te <rhyme label="c" type="f">vreden</rhyme></l>
        <l id="s2:l6" met="3" type="+-">Noch een wijle <rhyme label="d" type="m">zijn</rhyme>,</l>
        <l id="s2:l7" met="3" type="+-">En met goede <rhyme label="c" type="f" corresp="#s2:l5">seden</rhyme></l>
        <l id="s2:l8" met="3" type="+-">Sien de liefste <rhyme label="d" type="m" corresp="#s2:l6">mijn</rhyme>.</l>
      </lg>
      <lg id="s3" type="stanza">
        <l id="s3:l1" met="3" type="+-">O ghy stercke <rhyme label="a" type="f">krachte</rhyme>,</l>
        <l id="s3:l2" met="3" type="+-">O ghy minne <rhyme label="b" type="m">vreucht</rhyme>,</l>
        <l id="s3:l3" met="3" type="+-">Ghy verheert met <rhyme label="a" type="f" corresp="#s3:l1">machte</rhyme></l>
        <l id="s3:l4" met="3" type="+-">Al mijn soete <rhyme label="b" type="m" corresp="#s3:l2">jeucht</rhyme>,</l>
        <l id="s3:l5" met="3" type="+-">Soo dat hier mijn <rhyme label="c" type="f">siele</rhyme></l>
        <l id="s3:l6" met="3" type="+-">Nu schier is <rhyme label="d" type="m">versmacht</rhyme>,</l>
        <l id="s3:l7" met="3" type="+-">Met ootmoet ick <rhyme label="c" type="f" corresp="#s3:l5">kniele</rhyme>,</l>
        <l id="s3:l8" met="3" type="+-">Ende troost <rhyme label="d" type="m" corresp="#s3:l6">verwacht</rhyme>.</l>
      </lg>
      <lg id="s4" type="stanza">
        <l id="s4:l1" met="3" type="+-">&#8216;tsal aen my niet <rhyme label="a" type="f">schorten</rhyme></l>
        <l id="s4:l2" met="3" type="+-">Maer aen u mijn <rhyme label="b" type="m">lief</rhyme>,</l>
        <l id="s4:l3" met="3" type="+-">Wilt oock liefd&#8217; <rhyme label="a" type="f" corresp="#s4:l1">uytstorten</rhyme></l>
        <l id="s4:l4" met="3" type="+-">My al tot <rhyme label="b" type="m" corresp="#s4:l2">gherief</rhyme>,</l>
        <l id="s4:l5" met="3" type="+-">Op dat wy t&#8217;saem <rhyme label="c" type="f">groeyen</rhyme></l>
        <l id="s4:l6" met="3" type="+-">Na het oudt <rhyme label="d" type="m">verbondt</rhyme></l>
        <l id="s4:l7" met="3" type="+-">Ende jonst mach <rhyme label="c" type="f" corresp="#s4:l5">bloeyen</rhyme></l>
        <l id="s4:l8" met="3" type="+-">Wt een rechte <rhyme label="d" type="m" corresp="#s4:l6">gront</rhyme>.</l>
      </lg>
      <lg id="s5" type="stanza">
        <l id="s5:l1" met="3" type="+-">Maer elaes <rhyme label="a" type="f">t&#8217;verwerven</rhyme></l>
        <l id="s5:l2" met="3" type="+-">Schijnt my noch so <rhyme label="b" type="m">veer</rhyme>,</l>
        <l id="s5:l3" met="3" type="+-">Ick sal moeten <rhyme label="a" type="f" corresp="#s5:l1">derven</rhyme></l>
        <l id="s5:l4" met="3" type="+-">Haer noch wel, o <rhyme label="b" type="m" corresp="#s5:l2">Heer</rhyme>,</l>
        <l id="s5:l5" met="3" type="+-">Als ick koom <rhyme label="c" type="f">t&#8217;ontmoeten</rhyme></l>
        <l id="s5:l6" met="3" type="+-">Jae van veer haer <rhyme label="d" type="m">sien</rhyme>,</l>
        <l id="s5:l7" met="3" type="+-">En meen haer te <rhyme label="c" type="f" corresp="#s5:l5">groeten</rhyme></l>
        <l id="s5:l8" met="3" type="+-">Gaet sy van my <rhyme label="d" type="m" corresp="#s5:l6">vlien</rhyme>.</l>
      </lg>
      <lg id="s6" type="stanza">
        <l id="s6:l1" met="3" type="+-">&#8216;ksal my niet <rhyme label="a" type="f">onthouwen</rhyme></l>
        <l id="s6:l2" met="3" type="+-">Dan mijn liefde <rhyme label="b" type="m">groot</rhyme>,</l>
        <l id="s6:l3" met="3" type="+-">Eer sal&#8217;t lichaem <rhyme label="a" type="f" corresp="#s6:l1">nouwen</rhyme></l>
        <l id="s6:l4" met="3" type="+-">Met de bleecke <rhyme label="b" type="m" corresp="#s6:l2">doot</rhyme>,</l>
        <l id="s6:l5" met="3" type="+-">Want al by de <rhyme label="c" type="f">dooden</rhyme></l>
        <l id="s6:l6" met="3" type="+-">Is geen wreetheyt <rhyme label="d" type="m">straf</rhyme>,</l>
        <l id="s6:l7" met="3" type="+-">Geen soo anghste <rhyme label="c" type="f" corresp="#s6:l5">nooden</rhyme></l>
        <l id="s6:l8" met="3" type="+-">Yemant oyt en <rhyme label="d" type="m" corresp="#s6:l6">gaf</rhyme>.</l>
      </lg>
      <lg id="s7" type="stanza">
        <l id="s7:l1" met="3" type="+-">Ach mijn Lief mijn <rhyme label="a" type="f">waerde</rhyme></l>
        <l id="s7:l2" met="3" type="+-">Mijn Princes en <rhyme label="b" type="m">bloem</rhyme></l>
        <l id="s7:l3" met="3" type="+-">Ach wout ghy <rhyme label="a" type="f" corresp="#s7:l1">aenvaerden</rhyme></l>
        <l id="s7:l4" met="3" type="+-">Het geen ick hier <rhyme label="b" type="m" corresp="#s7:l2">roem</rhyme>,</l>
        <l id="s7:l5" met="3" type="+-">O ghetrouwe <rhyme label="c" type="f">minne</rhyme></l>
        <l id="s7:l6" met="3" type="+-">Laet doch blijcken <rhyme label="d" type="m">soet</rhyme>,</l>
        <l id="s7:l7" met="3" type="+-">Ende in&#8217;t <rhyme label="c" type="f" corresp="#s7:l5">beginne</rhyme></l>
        <l id="s7:l8" met="3" type="+-">Blust mijn heete <rhyme label="d" type="m" corresp="#s7:l6">gloet</rhyme>.</l>
      </lg>
      <lg id="s8" type="stanza">
        <l id="s8:l1" met="3" type="+-">Wist ghy hoe ic <rhyme label="a" type="f">brande</rhyme></l>
        <l id="s8:l2" met="3" type="+-">In het minne <rhyme label="b" type="m">vyer</rhyme>,</l>
        <l id="s8:l3" met="3" type="+-">Ghy soudt wel <rhyme label="a" type="f" corresp="#s8:l1">aenranden</rhyme></l>
        <l id="s8:l4" met="3" type="+-">My te helpen <rhyme label="b" type="m" corresp="#s8:l2">hier</rhyme>,</l>
        <l id="s8:l5" met="3" type="+-">Maer nu ist <rhyme label="c" type="f">verholen</rhyme></l>
        <l id="s8:l6" met="3" type="+-">Van u <rhyme label="d" type="m">onbekent</rhyme>,</l>
        <l id="s8:l7" met="3" type="+-">Lief ick sit op <rhyme label="c" type="f" corresp="#s8:l5">kolen</rhyme>,</l>
        <l id="s8:l8" met="3" type="+-">My doch trooste <rhyme label="d" type="m" corresp="#s8:l6">sendt</rhyme>.</l>
      </lg>
    </lg>
  </text>
</song>