<song>
  <meta>
    <id>10101</id>
    <date>
      <year-start>1634</year-start>
      <year-end>1634</year-end>
    </date>
    <location>
      <orginal-name>hoorn</orginal-name>
      <standard-name>Hoorn, The Netherlands</standard-name>
      <coordinates>
        <lon>52.653272</lon>
        <lat>5.0735802</lat>
      </coordinates>
    </location>
    <tags>
      <tag standard-name="loflied" translation="praise song">loflied</tag>
    </tags>
    <melody>Schoonste herderin</melody>
    <categories>
      <category translation="religion">godsdienst</category>
    </categories>
  <author>Jacob Coenraetsz Mayvogel</author></meta>
  <text>
    <lg type="song">
      <lg id="s1" type="stanza">
        <l id="s1:l1" met="3" type="+-">WIe en sal niet <rhyme label="a" type="f">prijsen</rhyme></l>
        <l id="s1:l2" met="4" type="+-">Na den eysch en na <rhyme label="b" type="m">waerdy</rhyme>,</l>
        <l id="s1:l3" met="3" type="+-">Wie sal niet <rhyme label="a" type="f" corresp="#s1:l1">bewijsen</rhyme></l>
        <l id="s1:l4" met="4" type="+-">Eere door het soet <rhyme label="b" type="m" corresp="#s1:l2">ghevry</rhyme>,</l>
        <l id="s1:l5" met="4" type="+-">D&#8217; eed&#8217;le Minne en sijn <rhyme label="c" type="m">vreught</rhyme>,</l>
        <l id="s1:l6" met="4" type="+-">Die de Minnaer soo <rhyme label="c" type="m" corresp="#s1:l5">verheught</rhyme>.</l>
      </lg>
      <lg id="s2" type="stanza">
        <l id="s2:l1" met="3" type="+-">Isser wel op <rhyme label="a" type="f">aerden</rhyme></l>
        <l id="s2:l2" met="4" type="+-">Soeter als der <rhyme label="b" type="m">minne-bandt</rhyme>,</l>
        <l id="s2:l3" met="3" type="+-">Die hem recht <rhyme label="a" type="f" corresp="#s2:l1">aenvaerden</rhyme>?</l>
        <l id="s2:l4" met="4" type="+-">Neen ghewis, gheen beter <rhyme label="b" type="m" corresp="#s2:l2">standt</rhyme>,</l>
        <l id="s2:l5" met="4" type="+-">Minne is het hooghste <rhyme label="c" type="m">soet</rhyme>,</l>
        <l id="s2:l6" met="4" type="+-">Minne &#8216;t hert verheughen <rhyme label="c" type="m" corresp="#s2:l5">doet</rhyme>.</l>
      </lg>
      <lg id="s3" type="stanza">
        <l id="s3:l1" met="3" type="+-">Minne kan <rhyme label="a" type="f">vermaken</rhyme></l>
        <l id="s3:l2" met="4" type="+-">Bey te samen jongh en <rhyme label="b" type="m">oudt</rhyme>,</l>
        <l id="s3:l3" met="3" type="+-">Minne doet oock <rhyme label="a" type="f" corresp="#s3:l1">staken</rhyme></l>
        <l id="s3:l4" met="4" type="+-">Deel ghepeynsen <rhyme label="b" type="m" corresp="#s3:l2">menichfout</rhyme>,</l>
        <l id="s3:l5" met="4" type="+-">Minne stelt het al aen <rhyme label="c" type="m">sy</rhyme>,</l>
        <l id="s3:l6" met="4" type="+-">Droefheydt en <rhyme label="c" type="m" corresp="#s3:l5">melancoly</rhyme>.</l>
      </lg>
      <lg id="s4" type="stanza">
        <l id="s4:l1" met="3" type="+-">Waer die lieve <rhyme label="a" type="f">Minne</rhyme></l>
        <l id="s4:l2" met="4" type="+-">Wert gepleecht, in d&#8217;hoochste <rhyme label="b" type="m">graet</rhyme>,</l>
        <l id="s4:l3" met="3" type="+-">Op een soet <rhyme label="a" type="f" corresp="#s4:l1">vriendinne</rhyme>,</l>
        <l id="s4:l4" met="4" type="+-">Daer is dat voorwaer <rhyme label="b" type="m" corresp="#s4:l2">vergaet</rhyme></l>
        <l id="s4:l5" met="4" type="+-">Suchten, duchten nacht en <rhyme label="c" type="m">dach</rhyme>,</l>
        <l id="s4:l6" met="4" type="+-">Wenen, stenen en <rhyme label="c" type="m" corresp="#s4:l5">gheklach</rhyme>.</l>
      </lg>
      <lg id="s5" type="stanza">
        <l id="s5:l1" met="3" type="+-">Minne doet <rhyme label="a" type="f">verblijden</rhyme>,</l>
        <l id="s5:l2" met="4" type="+-">En verquickt een treurich <rhyme label="b" type="m">hert</rhyme>,</l>
        <l id="s5:l3" met="3" type="+-">Dat aen alle <rhyme label="a" type="f" corresp="#s5:l1">zyden</rhyme></l>
        <l id="s5:l4" met="4" type="+-">Is beset, vervult met <rhyme label="b" type="m" corresp="#s5:l2">smert</rhyme>,</l>
        <l id="s5:l5" met="4" type="+-">Inde min is gheen <rhyme label="c" type="m">verdriet</rhyme>,</l>
        <l id="s5:l6" met="4" type="+-">Die de min nae wensch <rhyme label="c" type="m" corresp="#s5:l5">gheniet</rhyme>.</l>
      </lg>
      <lg id="s6" type="stanza">
        <l id="s6:l1" met="3" type="+-">Hierom wilt vry <rhyme label="a" type="f">loven</rhyme></l>
        <l id="s6:l2" met="4" type="+-">Overluyd de waerde <rhyme label="b" type="m">Min</rhyme>,</l>
        <l id="s6:l3" met="3" type="+-">Maer de Heer van <rhyme label="a" type="f" corresp="#s6:l1">boven</rhyme></l>
        <l id="s6:l4" met="4" type="+-">Aldermeest met hert en <rhyme label="b" type="m" corresp="#s6:l2">zin</rhyme>,</l>
        <l id="s6:l5" met="4" type="+-">Die het gheeft dat ghy recht <rhyme label="c" type="m">mint</rhyme></l>
        <l id="s6:l6" met="4" type="+-">En u lief daer door <rhyme label="c" type="m" corresp="#s6:l5">verwint</rhyme>.</l>
      </lg>
    </lg>
  </text>
</song>