<song>
  <meta>
    <id>10102</id>
    <date>
      <year-start>1634</year-start>
      <year-end>1634</year-end>
    </date>
    <location>
      <orginal-name>hoorn</orginal-name>
      <standard-name>Hoorn, The Netherlands</standard-name>
      <coordinates>
        <lon>52.653272</lon>
        <lat>5.0735802</lat>
      </coordinates>
    </location>
    <tags>
      <tag standard-name="loflied" translation="praise song">loflied</tag>
    </tags>
    <melody>Branle Parthenice</melody>
    <categories>
      <category translation="religion">godsdienst</category>
    </categories>
  <author>Jacob Coenraetsz Mayvogel</author></meta>
  <text>
    <lg type="song">
      <lg id="s1" type="stanza">
        <l id="s1:l1" met="4" type="-+">GHy soete Venus <rhyme label="a" type="f">minnaeren</rhyme>,</l>
        <l id="s1:l2" met="2" type="-+">Die met <rhyme label="b" type="m">gheneucht</rhyme>,</l>
        <l id="s1:l3" met="4" type="+-">Soeckt al met een lief te <rhyme label="a" type="f" corresp="#s1:l1">paren</rhyme></l>
        <l id="s1:l4" met="2" type="-+">In eer en <rhyme label="b" type="m" corresp="#s1:l2">deught</rhyme>,</l>
        <l id="s1:l5" met="4" type="-+">Gaet vry, gaet vry al sonder <rhyme label="c" type="f">schromen</rhyme></l>
        <l id="s1:l6" met="2" type="-+">Daer mede <rhyme label="d" type="m">voort</rhyme>,</l>
        <l id="s1:l7" met="4" type="-+">Arbeyt dat ghy cont <rhyme label="c" type="f" corresp="#s1:l5">bekomen</rhyme></l>
        <l id="s1:l8" met="2" type="+-">Van haer &#8216;t jae <rhyme label="d" type="m" corresp="#s1:l6">woordt</rhyme>.</l>
      </lg>
      <lg id="s2" type="stanza">
        <l id="s2:l1" met="4" type="-+">O die eed&#8217;le soete <rhyme label="a" type="f">Minne</rhyme></l>
        <l id="s2:l2" met="2" type="-+">Brenght vreuchde <rhyme label="b" type="m">aen</rhyme>,</l>
        <l id="s2:l3" met="4" type="+-">Die sijn lief na wensch kan <rhyme label="a" type="f" corresp="#s2:l1">winnen</rhyme></l>
        <l id="s2:l4" met="2" type="-+">Die mach wel <rhyme label="b" type="m" corresp="#s2:l2">gaen</rhyme>,</l>
        <l id="s2:l5" met="4" type="-+">En doen van herten den <rhyme label="c" type="f">Heere</rhyme></l>
        <l id="s2:l6" met="2" type="-+">Eens <rhyme label="d" type="m">offerandt</rhyme>,</l>
        <l id="s2:l7" met="4" type="-+">Dewijl Godt hem gaet <rhyme label="c" type="f" corresp="#s2:l5">vereeren</rhyme></l>
        <l id="s2:l8" met="2" type="+-">Sijn liefste <rhyme label="d" type="m" corresp="#s2:l6">pandt</rhyme>.</l>
      </lg>
      <lg id="s3" type="stanza">
        <l id="s3:l1" met="4" type="-+">Ick wil overluyd&#8217; gaen <rhyme label="a" type="f">loven</rhyme>,</l>
        <l id="s3:l2" met="2" type="-+">Nae &#8216;t recht <rhyme label="b" type="m">ghebodt</rhyme>,</l>
        <l id="s3:l3" met="4" type="+-">Alleene den Heer van <rhyme label="a" type="f" corresp="#s3:l1">boven</rhyme>,</l>
        <l id="s3:l4" met="2" type="-+">Die grootste <rhyme label="b" type="m" corresp="#s3:l2">Godt</rhyme>,</l>
        <l id="s3:l5" met="4" type="-+">Die yder als een <rhyme label="c" type="f">water-beke</rhyme></l>
        <l id="s3:l6" met="2" type="-+">Het herte <rhyme label="d" type="m">stiert</rhyme>,</l>
        <l id="s3:l7" met="4" type="-+">Dan hem, van hem so wil ick <rhyme label="c" type="f" corresp="#s3:l5">spreken</rhyme></l>
        <l id="s3:l8" met="2" type="+-">Die &#8216;t al <rhyme label="d" type="m" corresp="#s3:l6">regiert</rhyme>.</l>
      </lg>
      <lg id="s4" type="stanza">
        <l id="s4:l1" met="4" type="-+">&#8216;Tsijn al t&#8217;samen groote <rhyme label="a" type="f">sotten</rhyme></l>
        <l id="s4:l2" met="2" type="-+">Die Venus <rhyme label="b" type="m">eerdt</rhyme>,</l>
        <l id="s4:l3" met="4" type="+-">Waerdich sijn sy te <rhyme label="a" type="f" corresp="#s4:l1">bespotten</rhyme>,</l>
        <l id="s4:l4" met="2" type="-+">Die sulcks oock <rhyme label="b" type="m" corresp="#s4:l2">leerdt</rhyme>,</l>
        <l id="s4:l5" met="4" type="-+">&#8216;Theeft al, &#8216;theeft al voorwaer sijn <rhyme label="c" type="f">wesen</rhyme>,</l>
        <l id="s4:l6" met="2" type="-+">Wat datmen <rhyme label="d" type="m">hoort</rhyme>,</l>
        <l id="s4:l7" met="4" type="-+">Dan boven, ghelijck wy <rhyme label="c" type="f" corresp="#s4:l5">lesen</rhyme></l>
        <l id="s4:l8" met="2" type="+-">In Godes <rhyme label="d" type="m" corresp="#s4:l6">woordt</rhyme>.</l>
      </lg>
      <lg id="s5" type="stanza">
        <l id="s5:l1" met="4" type="-+">Jeuchdich herten jongh van <rhyme label="a" type="f">jaren</rhyme></l>
        <l id="s5:l2" met="2" type="-+">Die zijt <rhyme label="b" type="m">ghesint</rhyme></l>
        <l id="s5:l3" met="4" type="+-">Om in liefde voort te <rhyme label="a" type="f" corresp="#s5:l1">baren</rhyme>,</l>
        <l id="s5:l4" met="2" type="-+">Ick bid, <rhyme label="b" type="m" corresp="#s5:l2">bemint</rhyme></l>
        <l id="s5:l5" met="4" type="-+">U lief oprecht, dat ghy door <rhyme label="c" type="f">deuchde</rhyme></l>
        <l id="s5:l6" met="2" type="-+">O mensch <rhyme label="d" type="m">gheniet</rhyme>,</l>
        <l id="s5:l7" met="4" type="-+">Ghelijckerwijs als met <rhyme label="c" type="f" corresp="#s5:l5">vreuchden</rhyme></l>
        <l id="s5:l8" met="2" type="+-">My is <rhyme label="d" type="m" corresp="#s5:l6">gheschiet</rhyme>.</l>
      </lg>
    </lg>
  </text>
</song>