<song>
  <meta>
    <id>111269</id>
    <date>
      <year-start>1875</year-start>
      <year-end>1875</year-end>
    </date>
    <location>
      <orginal-name>leiden</orginal-name>
      <standard-name>Leiden, The Netherlands</standard-name>
      <coordinates>
        <lon>52.1598645</lon>
        <lat>4.4824271</lat>
      </coordinates>
    </location>
    <tags>
      <tag standard-name="kinderlied" translation="children's song">kinderlied</tag>
    </tags>
    <melody>Vrije zonen dezer stranden</melody>
    <categories>
      <category translation="children">kinderen</category>
    </categories>
  <author>Anonymous</author></meta>
  <text>
    <lg type="song">
      <lg id="s1" type="stanza">
        <l id="s1:l1">Vrije zonen dezer stranden,</l>
        <l id="s1:l2">mild besproeid met Willems bloed,</l>
        <l id="s1:l3">kroost van 't volk der Ze-ven Landen,</l>
        <l id="s1:l4">groot door Maurits' zwaard en moed.</l>
        <l id="s1:l5">Hou-den wij door alle tijden</l>
        <l id="s1:l6">'t oud verbond ge-trouw in eer:</l>
        <l id="s1:l7">met Oranje in vreugd en lijden!</l>
        <l id="s1:l8">blijv' de leus, wat valle of keer'.</l>
        <l id="s1:l9">Met Oranje in vreugd en lijden!</l>
        <l id="s1:l10">blijv' de leus, wat valle of keer'.</l>
      </lg>
      <lg id="s2" type="stanza">
        <l id="s2:l1">Krachtig als in 't grijs verleden,</l>
        <l id="s2:l2">Eerlijk, 't schoon voordezen waard,</l>
        <l id="s2:l3">Ons in 't wisselzieke heden</l>
        <l id="s2:l4">Om d'alouden stam geschaard.</l>
        <l id="s2:l5">Nooit, waar Vorst en Volk zich wijden</l>
        <l id="s2:l6">Aan elkanders heil en eer,</l>
        <l id="s2:l7">Storten in den stroom der tijden,</l>
        <l id="s2:l8">Troon of vrijheidsouter neer.</l>
        <l id="s2:l9">Storten in den stroom der tijden,</l>
        <l id="s2:l10">Troon of vrijheidsouter neer.</l>
      </lg>
      <lg id="s3" type="stanza">
        <l id="s3:l1">God der trouwe! sla genadig</l>
        <l id="s3:l2">'t Oog op onzen dierbren grond.</l>
        <l id="s3:l3">Krone Uw Vadergunst weldadig</l>
        <l id="s3:l4">Dag aan dag ons vast verbond.</l>
        <l id="s3:l5">Geef dat d'eendracht t'allen tijden,</l>
        <l id="s3:l6">Ons beziele en sterke, o Heer!</l>
        <l id="s3:l7">En in lijden en verblijden,</l>
        <l id="s3:l8">Zijn we 't Ne&#234;rland van weleer.</l>
        <l id="s3:l9">En in lijden en verblijden,</l>
        <l id="s3:l10">Zijn we 't Ne&#234;rland van weleer.</l>
      </lg>
    </lg>
  </text>
</song>