<song>
  <meta>
    <id>111340</id>
    <date>
      <year-start>1875</year-start>
      <year-end>1875</year-end>
    </date>
    <location>
      <orginal-name>leiden</orginal-name>
      <standard-name>Leiden, The Netherlands</standard-name>
      <coordinates>
        <lon>52.1598645</lon>
        <lat>4.4824271</lat>
      </coordinates>
    </location>
    <tags>
      <tag standard-name="vaderlands lied" translation="patriotic song">vaderlands lied</tag>
    </tags>
    <melody>Wilhelmus</melody>
    <categories>
      <category translation="politics and history">politiek en geschiedenis</category>
    </categories>
  <author>Anonymous</author></meta>
  <text>
    <lg type="song">
      <lg id="s1" type="stanza">
        <l id="s1:l1">Laat klin-ken in deez' dagen</l>
        <l id="s1:l2">een har-tig Ne&#234;r-landsch lied.</l>
        <l id="s1:l3">De bloo-daards mo-gen sagen</l>
        <l id="s1:l4">maar wij versa-gen niet.</l>
        <l id="s1:l5">Wie 't met de hazen hou-&#234;,</l>
        <l id="s1:l6">wij blijven in den nood</l>
        <l id="s1:l7">het Va-der-land ge-trou-we,</l>
        <l id="s1:l8">ge-trouw tot in den dood.</l>
      </lg>
      <lg id="s2" type="stanza">
        <l id="s2:l1">Wij gunnen 't groot Germanje</l>
        <l id="s2:l2">Zijn eenheid en zijn recht,</l>
        <l id="s2:l3">Maar blijven aan Oranje</l>
        <l id="s2:l4">En eigen stam gehecht.</l>
        <l id="s2:l5">Elk Nederlander voede</l>
        <l id="s2:l6">Den ouden vrijheidsdorst,</l>
        <l id="s2:l7">En bouwe op Uwe hoede,</l>
        <l id="s2:l8">O God der Vorsten Vorst!</l>
      </lg>
      <lg id="s3" type="stanza">
        <l id="s3:l1">Elk volk, dat vrij wil wezen,</l>
        <l id="s3:l2">Wijst juist op Nederland,</l>
        <l id="s3:l3">En hoe het eens v&#243;&#243;r dezen</l>
        <l id="s3:l4">Den Spanjaard heeft vermand.</l>
        <l id="s3:l5">De stem van 's Lands historie</l>
        <l id="s3:l6">Roept: Nederlanders, ziet!</l>
        <l id="s3:l7">Bevlekt der vadren glorie,</l>
        <l id="s3:l8">De zaak der vrijheid niet!</l>
      </lg>
      <lg id="s4" type="stanza">
        <l id="s4:l1">Ja vrij moet blijvend wezen</l>
        <l id="s4:l2">Ons dierbaar vaderland!</l>
        <l id="s4:l3">Uit wier en slib verrezen,</l>
        <l id="s4:l4">Gevormd als met de hand;</l>
        <l id="s4:l5">Met eigen taal en zeden,</l>
        <l id="s4:l6">En eigen grootsch verle&#234;n,</l>
        <l id="s4:l7">Als Zwitserland en Zweden</l>
        <l id="s4:l8">Heldhaftig, rustig, kleen.</l>
      </lg>
      <lg id="s5" type="stanza">
        <l id="s5:l1">Voorwaar, zoolang een koning,</l>
        <l id="s5:l2">Zoo goed als Willem Drie!</l>
        <l id="s5:l3">In wakkre moedsbetooning</l>
        <l id="s5:l4">Ons voorgaat, wat geschi&#234;, -</l>
        <l id="s5:l5">Dan blijft ons volk het ouwe,</l>
        <l id="s5:l6">Oranjes bondgenoot,</l>
        <l id="s5:l7">En 't Vaderland getrouwe,</l>
        <l id="s5:l8">Getrouw tot in den dood.</l>
      </lg>
    </lg>
  </text>
</song>