<song>
  <meta>
    <id>111380</id>
    <date>
      <year-start>1875</year-start>
      <year-end>1875</year-end>
    </date>
    <location>
      <orginal-name>leiden</orginal-name>
      <standard-name>Leiden, The Netherlands</standard-name>
      <coordinates>
        <lon>52.1598645</lon>
        <lat>4.4824271</lat>
      </coordinates>
    </location>
    <tags>
      <tag standard-name="vaderlands lied" translation="patriotic song">vaderlands lied</tag>
    </tags>
    <melody>De wereld is in rep en roer</melody>
    <categories>
      <category translation="politics and history">politiek en geschiedenis</category>
    </categories>
  <author>Anonymous</author></meta>
  <text>
    <lg type="song">
      <lg id="s1" type="stanza">
        <l id="s1:l1">Van alle lan-den, die er zijn,</l>
        <l id="s1:l2">behaagt mij 't aller-meest het mijn':</l>
        <l id="s1:l3">het is er goed te wonen;</l>
        <l id="s1:l4">het brengt ju-weel noch gouderts voort,</l>
        <l id="s1:l5">maar mannen - mannen van hun woord,</l>
        <l id="s1:l6">en onbesproken schoonen,</l>
        <l id="s1:l7">en onbesproken schoonen.</l>
      </lg>
      <lg id="s2" type="stanza">
        <l id="s2:l1">Van alle talen, die men leest,</l>
        <l id="s2:l2">Bevalt het Hollandsch mij het meest,</l>
        <l id="s2:l3">Hoe slecht de vreemden 't spreken;</l>
        <l id="s2:l4">Het laat voor geen gevoel van 't hart,</l>
        <l id="s2:l5">Voor liefde, wrevel, vreugde of smart</l>
        <l id="s2:l6">Mij 't regte woord ontbreken.</l>
        <l id="s2:l7">Mij 't regte woord ontbreken.</l>
      </lg>
      <lg id="s3" type="stanza">
        <l id="s3:l1">Van alle meisjes, die ik zag,</l>
        <l id="s3:l2">In Holland bloeit het liefste slag:</l>
        <l id="s3:l3">Ze ontwennen nooit te blozen;</l>
        <l id="s3:l4">Zijn ze elders geestig, dartel, stout,</l>
        <l id="s3:l5">Hier zijn ze kuisch en rein als goud:</l>
        <l id="s3:l6">'t Zijn onbevlekte rozen.</l>
        <l id="s3:l7">'t Zijn onbevlekte rozen.</l>
      </lg>
      <lg id="s4" type="stanza">
        <l id="s4:l1">Van alle vrouwen op heel de aard'</l>
        <l id="s4:l2">Is 't Hollandsch vrouwtje de eerkroon waard</l>
        <l id="s4:l3">Er leeft er nergens goeder.</l>
        <l id="s4:l4">Ze is vlijtig, zuinig, vroom en net</l>
        <l id="s4:l5">En eerbaar, ook in 't huwlijksbed;</l>
        <l id="s4:l6">Zij is een teedre moeder.</l>
        <l id="s4:l7">Zij is een teedre moeder.</l>
      </lg>
      <lg id="s5" type="stanza">
        <l id="s5:l1">Van elk gebruik en levenstrant</l>
        <l id="s5:l2">Verkies ik die van 't Vaderland,</l>
        <l id="s5:l3">Onze oude, goede zeden.</l>
        <l id="s5:l4">Wij doen aan disch en beker eer,</l>
        <l id="s5:l5">Maar leggen 't hoofd niet 's avonds neer,</l>
        <l id="s5:l6">Of hebben eerst gebeden.</l>
        <l id="s5:l7">Of hebben eerst gebeden.</l>
      </lg>
      <lg id="s6" type="stanza">
        <l id="s6:l1">Ik groet u, volken, wijd en zijd,</l>
        <l id="s6:l2">Voor wat altaar gij God belijdt,</l>
        <l id="s6:l3">Wat kleur gij hebt gekregen!</l>
        <l id="s6:l4">De gansche wereld bloei en tier,</l>
        <l id="s6:l5">Maar in geen voller maat dan hier</l>
        <l id="s6:l6">Daal' ergens 's Hemels zegen!</l>
        <l id="s6:l7">Daal' ergens 's Hemels zegen!</l>
      </lg>
    </lg>
  </text>
</song>