<song>
  <meta>
    <id>111393</id>
    <date>
      <year-start>1875</year-start>
      <year-end>1875</year-end>
    </date>
    <location>
      <orginal-name>leiden</orginal-name>
      <standard-name>Leiden, The Netherlands</standard-name>
      <coordinates>
        <lon>52.1598645</lon>
        <lat>4.4824271</lat>
      </coordinates>
    </location>
    <tags>
      <tag standard-name="vaderlands lied" translation="patriotic song">vaderlands lied</tag>
    </tags>
    <melody>Het is plicht dat iedere jongen</melody>
    <categories>
      <category translation="politics and history">politiek en geschiedenis</category>
    </categories>
  <author>Anonymous</author></meta>
  <text>
    <lg type="song">
      <lg id="s1" type="stanza">
        <l id="s1:l1">'t Is plicht, dat ieder jongen,</l>
        <l id="s1:l2">aan d'onafhank'lijk-heid</l>
        <l id="s1:l3">van zijn ge-lief-de Va-der-land,</l>
        <l id="s1:l4">zijn beste krachten wijdt.</l>
        <l id="s1:l5">Hoezee! Hoezee!</l>
        <l id="s1:l6">Voor Nederland hoe-zee!</l>
        <l id="s1:l7">Hoezee! Hoezee!</l>
        <l id="s1:l8">Voor Nederland hoe-zee!</l>
        <l id="s1:l9">Voor Koning en voor Vaderland</l>
        <l id="s1:l10">waakt ieder jon-gen mee,</l>
        <l id="s1:l11">voor Koning en voor Vaderland</l>
        <l id="s1:l12">waakt ieder jongen mee.</l>
      </lg>
      <lg id="s2" type="stanza">
        <l id="s2:l1">Als vaderlandsche jongens,</l>
        <l id="s2:l2">Beminnen wij den grond,</l>
        <l id="s2:l3">Waarop het graf der vad'ren staat,</l>
        <l id="s2:l4">En onze wieg eens stond.</l>
        <l id="s2:l5">Hoezee! Hoezee!</l>
        <l id="s2:l6">Voor 't Vaderland hoezee!</l>
        <l id="s2:l7">Hoezee! Hoezee!</l>
        <l id="s2:l8">Voor 't Vaderland hoezee!</l>
        <l id="s2:l9">Voor Koning en voor Vaderland,</l>
        <l id="s2:l10">Waakt ieder jongen mee.</l>
        <l id="s2:l11">Voor Koning en voor Vaderland,</l>
        <l id="s2:l12">Waakt ieder jongen mee.</l>
      </lg>
      <lg id="s3" type="stanza">
        <l id="s3:l1">Komt ooit de vijand naken,</l>
        <l id="s3:l2">Is 't Vaderland in nood,</l>
        <l id="s3:l3">Dan staan wij pal en blijven het</l>
        <l id="s3:l4">Getrouw tot in den dood.</l>
        <l id="s3:l5">Hoezee! Hoezee!</l>
        <l id="s3:l6">Voor 't Vaderland hoezee!</l>
        <l id="s3:l7">Hoezee! Hoezee!</l>
        <l id="s3:l8">Voor 't Vaderland hoezee!</l>
        <l id="s3:l9">Ja, Nederland, wij allen zijn</l>
        <l id="s3:l10">U trouw tot in den dood.</l>
        <l id="s3:l11">Ja, Nederland, wij allen zijn</l>
        <l id="s3:l12">U trouw tot in den dood.</l>
      </lg>
      <lg id="s4" type="stanza">
        <l id="s4:l1">'Slechts Eendracht maakt ons machtig!'</l>
        <l id="s4:l2">Zij immer ons parool, -</l>
        <l id="s4:l3">De driekleur met Oranje-strik</l>
        <l id="s4:l4">Van Vrijheid het symbool.</l>
        <l id="s4:l5">Hoezee! Hoezee!</l>
        <l id="s4:l6">Voor 't Vaderland hoezee</l>
        <l id="s4:l7">Hoezee! Hoezee!</l>
        <l id="s4:l8">Voor 't Vaderland hoezee</l>
        <l id="s4:l9">Voor Koning en voor Vaderland,</l>
        <l id="s4:l10">Waakt ieder jongen mee</l>
        <l id="s4:l11">Voor Koning en voor Vaderland,</l>
        <l id="s4:l12">Waakt ieder jongen mee</l>
      </lg>
    </lg>
  </text>
</song>