<song>
  <meta>
    <id>111373</id>
    <date>
      <year-start>1875</year-start>
      <year-end>1875</year-end>
    </date>
    <location>
      <orginal-name>leiden</orginal-name>
      <standard-name>Leiden, The Netherlands</standard-name>
      <coordinates>
        <lon>52.1598645</lon>
        <lat>4.4824271</lat>
      </coordinates>
    </location>
    <tags>
      <tag standard-name="kinderlied" translation="children's song">kinderlied</tag>
    </tags>
    <melody />
    <categories>
      <category translation="children">kinderen</category>
    </categories>
  <author>Anonymous</author></meta>
  <text>
    <lg type="song">
      <lg id="s1" type="stanza">
        <l id="s1:l1">Daar wuift ge weer zoo vrij en blij,</l>
        <l id="s1:l2">gij va-der-land-sche vaan!</l>
        <l id="s1:l3">Zoo waait gehoog, en fier, en vrij</l>
        <l id="s1:l4">langs zee en oceaan;</l>
        <l id="s1:l5">Zoo vloogt ge vaak, in Noord en Zuid,</l>
        <l id="s1:l6">op strand en waterbaan</l>
        <l id="s1:l7">aan Ne&#234;rlands roemrijk heir vooruit,</l>
        <l id="s1:l8">gij, Vaderlandsche Vaan,</l>
        <l id="s1:l9">aan Ne&#234;rlands roemrijk heir vooruit,</l>
        <l id="s1:l10">gij Vaderlandsche Vaan!</l>
      </lg>
      <lg id="s2" type="stanza">
        <l id="s2:l1">Uw rood getuigt van edel bloed,</l>
        <l id="s2:l2">Uw blank van zuivre deugd;</l>
        <l id="s2:l3">Uw blauw toont God gewijd gemoed</l>
        <l id="s2:l4">En heilge zielevreugd:</l>
        <l id="s2:l5">O, driekleur, w&#225;&#225;r, en g&#243;&#233;d, en sch&#243;&#243;n, -</l>
        <l id="s2:l6">Ge duidt den Volksaard aan:</l>
        <l id="s2:l7">Een groet van heil en eerbetoon,</l>
        <l id="s2:l8">U, Vaderlandsche Vaan!</l>
        <l id="s2:l9">Een groet van heil en eerbetoon,</l>
        <l id="s2:l10">U, Vaderlandsche Vaan!</l>
      </lg>
      <lg id="s3" type="stanza">
        <l id="s3:l1">Blijf Ne&#234;rlands hoop, blijf Ne&#234;rlands trots,</l>
        <l id="s3:l2">En reik nog 't late kroost,</l>
        <l id="s3:l3">Den zoetsten teug des feestgenots,</l>
        <l id="s3:l4">En moed, en steun, en troost.</l>
        <l id="s3:l5">En, waar wijLand en Vorst getrouw -</l>
        <l id="s3:l6">Aan 't eind staan onzer baan,</l>
        <l id="s3:l7">Bemoedig' ons uw Hemelblauw,</l>
        <l id="s3:l8">O, Vaderlandsche Vaan!</l>
        <l id="s3:l9">Bemoedig' ons uw Hemelblauw,</l>
        <l id="s3:l10">O, Vaderlandsche Vaan!</l>
      </lg>
      <lg id="s4" type="stanza">
        <l id="s4:l1">Wuif hoog dan op, wuif fier en vrij,</l>
        <l id="s4:l2">Gij Vaderlandsche Vaan!</l>
        <l id="s4:l3">Waai eeuwen nog zoo vrij en blij</l>
        <l id="s4:l4">Wijd over d'oceaan!</l>
        <l id="s4:l5">Vlieg eeuwen nog, van Noord tot Zuid,</l>
        <l id="s4:l6">Op strand en waterbaan</l>
        <l id="s4:l7">Aan Ne&#234;rlands nijver volk vooruit,</l>
        <l id="s4:l8">Gij, Vaderlandsche Vaan!</l>
        <l id="s4:l9">Aan Ne&#234;rlands nijver volk vooruit,</l>
        <l id="s4:l10">Gij, Vaderlandsche Vaan!</l>
      </lg>
    </lg>
  </text>
</song>