<song>
  <meta>
    <id>111345</id>
    <date>
      <year-start>1875</year-start>
      <year-end>1875</year-end>
    </date>
    <location>
      <orginal-name>leiden</orginal-name>
      <standard-name>Leiden, The Netherlands</standard-name>
      <coordinates>
        <lon>52.1598645</lon>
        <lat>4.4824271</lat>
      </coordinates>
    </location>
    <tags>
      <tag standard-name="politiek lied" translation="political song">politiek lied</tag>
      <tag standard-name="vaderlands lied" translation="patriotic song">vaderlands lied</tag>
    </tags>
    <melody />
    <categories>
      <category translation="politics and history">politiek en geschiedenis</category>
    </categories>
  <author>Anonymous</author></meta>
  <text>
    <lg type="song">
      <lg id="s1" type="stanza">
        <l id="s1:l1">Aan Ne&#234;rlands koning wijdt ons lied</l>
        <l id="s1:l2">een hulde, die ons 't hart gebiedt:</l>
        <l id="s1:l3">den vader nooit van zor-gen moe,</l>
        <l id="s1:l4">zingt juichend alles zegen toe:</l>
        <l id="s1:l5">Hij leev'! Hij leev'! -</l>
        <l id="s1:l6">Dat Ne&#234;r-lands koning leev' -!</l>
      </lg>
      <lg id="s2" type="stanza">
        <l id="s2:l1">Door eendracht, moed en deugd geschraagd</l>
        <l id="s2:l2">Sta Nassaus troon; vergeefs belaagd!</l>
        <l id="s2:l3">Zoo blijv' der oudren roem ons bij,</l>
        <l id="s2:l4">En eeuw aan eeuw herhaalt als wij:</l>
        <l id="s2:l5">Hoe schoon, hoe schoon</l>
        <l id="s2:l6">Praalt Ne&#234;rlands eerekroon.</l>
      </lg>
    </lg>
  </text>
</song>