<song>
  <meta>
    <id>111336</id>
    <date>
      <year-start>1875</year-start>
      <year-end>1875</year-end>
    </date>
    <location>
      <orginal-name>leiden</orginal-name>
      <standard-name>Leiden, The Netherlands</standard-name>
      <coordinates>
        <lon>52.1598645</lon>
        <lat>4.4824271</lat>
      </coordinates>
    </location>
    <tags>
      <tag standard-name="vaderlands lied" translation="patriotic song">vaderlands lied</tag>
    </tags>
    <melody>Wilhelmus</melody>
    <categories>
      <category translation="politics and history">politiek en geschiedenis</category>
    </categories>
  <author>Anonymous</author></meta>
  <text>
    <lg type="song">
      <lg id="s1" type="stanza">
        <l id="s1:l1">Wilhelmus van Nassouwe,</l>
        <l id="s1:l2">ben ick van duyt-schen bloet,</l>
        <l id="s1:l3">het Va-der-lant getrouwe,</l>
        <l id="s1:l4">blyf ick tot 's Lants be-hoet,</l>
        <l id="s1:l5">'een Prin-ce van Oranjen'</l>
        <l id="s1:l6">ben ick vry on-ver-veert,</l>
        <l id="s1:l7">den Coninck van Hispanjen,</l>
        <l id="s1:l8">ik al-tyd hebb' geeert.</l>
      </lg>
      <lg id="s2" type="stanza">
        <l id="s2:l1">In Godes vrees te leven</l>
        <l id="s2:l2">Heb ick altyts getracht,</l>
        <l id="s2:l3">Daerom ben ick verdreven,</l>
        <l id="s2:l4">Van Lant en goet gebracht.</l>
        <l id="s2:l5">Maar God sal my regeeren</l>
        <l id="s2:l6">Als een goet instrument,</l>
        <l id="s2:l7">Dat ick sal wederkeeren</l>
        <l id="s2:l8">Noch in myn regiment.</l>
      </lg>
      <lg id="s3" type="stanza">
        <l id="s3:l1">Lyd' u myn ondersaten</l>
        <l id="s3:l2">Die oprecht syt van aard,</l>
        <l id="s3:l3">God sal u niet verlaten,</l>
        <l id="s3:l4">Al zyd' ghy nu beswaert.</l>
        <l id="s3:l5">Die vroom begeert te leven,</l>
        <l id="s3:l6">Die bidde nacht en dag,</l>
        <l id="s3:l7">Dat God my kracht wil geven</l>
        <l id="s3:l8">Dat ick u helpen mach.</l>
      </lg>
      <lg id="s4" type="stanza">
        <l id="s4:l1">Lijf, goet, en al te samen</l>
        <l id="s4:l2">Heb ick u niet verschoont.</l>
        <l id="s4:l3">Myn broeders hoog van namen</l>
        <l id="s4:l4">Die hebben 't oock betoont.</l>
        <l id="s4:l5">'Graaf Adolf' is gebleven</l>
        <l id="s4:l6">Te Vrieslant in den slag,</l>
        <l id="s4:l7">Syn ziel, in 't eeuwig leven</l>
        <l id="s4:l8">Verwacht den jongsten dag.</l>
      </lg>
      <lg id="s5" type="stanza">
        <l id="s5:l1">Een edel Prins geboren</l>
        <l id="s5:l2">Van Keyserlick geslacht</l>
        <l id="s5:l3">Een Vorst des rycx verkoren</l>
        <l id="s5:l4">Ick altyts ben geacht.</l>
        <l id="s5:l5">Voor Godes Woord en leere,</l>
        <l id="s5:l6">Heb ick vry onvertsaegt,</l>
        <l id="s5:l7">Gelyck een held met eere,</l>
        <l id="s5:l8">Myn edel bloet gewaegt.</l>
      </lg>
      <lg id="s6" type="stanza">
        <l id="s6:l1">Myn schilt en myn betrouwen</l>
        <l id="s6:l2">Zyt ghy (O God myn Heer!)</l>
        <l id="s6:l3">Op u soo wil ick bouwen;</l>
        <l id="s6:l4">Verlaet my nimmermeer:</l>
        <l id="s6:l5">Opdat ick vroom mach blyven,</l>
        <l id="s6:l6">U Dienaer t' aller tyt,</l>
        <l id="s6:l7">De tyranny verdryven,</l>
        <l id="s6:l8">Die menigh hert doorsnyt.</l>
      </lg>
      <lg id="s7" type="stanza">
        <l id="s7:l1">Voor al die my beswaren,</l>
        <l id="s7:l2">En myn vervolgers zyn,</l>
        <l id="s7:l3">Wil my (o God!) bewaren</l>
        <l id="s7:l4">In desen droeven schyn.</l>
        <l id="s7:l5">Dat sy my niet verrasschen</l>
        <l id="s7:l6">In haren boosen moet,</l>
        <l id="s7:l7">Haer handen niet en wasschen,</l>
        <l id="s7:l8">In myn onschuldig bloet.</l>
      </lg>
      <lg id="s8" type="stanza">
        <l id="s8:l1">Als David moste vluchten</l>
        <l id="s8:l2">Voor Saul den tyran,</l>
        <l id="s8:l3">Soo heb ick moeten suchten,</l>
        <l id="s8:l4">Met menig Edelman:</l>
        <l id="s8:l5">Maer God heeft hem verheven</l>
        <l id="s8:l6">Verlost uyt aller noot,</l>
        <l id="s8:l7">Een Coninckryck gegeven</l>
        <l id="s8:l8">In Isra&#235;l seer groot.</l>
      </lg>
      <lg id="s9" type="stanza">
        <l id="s9:l1">Nae 't suer sal ick ontfangen</l>
        <l id="s9:l2">Van God den Heer oock 't soet,</l>
        <l id="s9:l3">Waer kan meer na verlangen</l>
        <l id="s9:l4">Myn Vorstelick gemoet,</l>
        <l id="s9:l5">Dan dat ick hier mach sterven</l>
        <l id="s9:l6">Met eeren in het veld,</l>
        <l id="s9:l7">En 't eeuwig ryck be&#235;rven,</l>
        <l id="s9:l8">Als een ghetrouwen held.</l>
      </lg>
      <lg id="s10" type="stanza">
        <l id="s10:l1">Niets doet my meer erbarmen</l>
        <l id="s10:l2">In myn swaer ongeval,</l>
        <l id="s10:l3">Dan dat men siet verarmen</l>
        <l id="s10:l4">Des Conincx Landen al.</l>
        <l id="s10:l5">Dat u de Spanjaerts krencken</l>
        <l id="s10:l6">O edel Nederlant!</l>
        <l id="s10:l7">Als ick dat gae bedencken,</l>
        <l id="s10:l8">Myn edel harte brant.</l>
      </lg>
      <lg id="s11" type="stanza">
        <l id="s11:l1">Als een Prins opgeseten</l>
        <l id="s11:l2">Blyf ick met myn heyrkracht</l>
        <l id="s11:l3">Van den tyran vermeten</l>
        <l id="s11:l4">Heb ick den slag verwacht,</l>
        <l id="s11:l5">Die by Maestricht begraven</l>
        <l id="s11:l6">Zeer vreesde myn gewelt.</l>
        <l id="s11:l7">Myn ruyters sach men draven</l>
        <l id="s11:l8">Seer moedig door het velt.</l>
      </lg>
      <lg id="s12" type="stanza">
        <l id="s12:l1">Soo het den wil des Heeren</l>
        <l id="s12:l2">Had op dien tydt geweest</l>
        <l id="s12:l3">Ick had wel willen keeren</l>
        <l id="s12:l4">Van u dit swaer tempeest;</l>
        <l id="s12:l5">Maer dHeere van hier boven</l>
        <l id="s12:l6">Die alle ding regeert,</l>
        <l id="s12:l7">En die elck een moet loven,</l>
        <l id="s12:l8">En heeft het niet begeert.</l>
      </lg>
      <lg id="s13" type="stanza">
        <l id="s13:l1">Seer Christlick was gedreven</l>
        <l id="s13:l2">Myn Princelyck gemoet,</l>
        <l id="s13:l3">Stantvastich is gebleven</l>
        <l id="s13:l4">Myn hert in tegenspoet.</l>
        <l id="s13:l5">Den Heer heb ick gebeden</l>
        <l id="s13:l6">Wt mynes herten gront</l>
        <l id="s13:l7">Dat hy myn saeck en reden,</l>
        <l id="s13:l8">Wtvoeren t'aller stont.</l>
      </lg>
      <lg id="s14" type="stanza">
        <l id="s14:l1">Oorlof myn arme schapen,</l>
        <l id="s14:l2">Die zyt in grooten noot,</l>
        <l id="s14:l3">U herder zal niet slapen,</l>
        <l id="s14:l4">Al lydt ghy veel' aenstoot.</l>
        <l id="s14:l5">Tot God wilt u begeven,</l>
        <l id="s14:l6">Syn heylsaem woord neemt aen,</l>
        <l id="s14:l7">En een vroom Christen leven</l>
        <l id="s14:l8">Want 't is hier haest gedaen.</l>
      </lg>
      <lg id="s15" type="stanza">
        <l id="s15:l1">Voor God wil ick belyden</l>
        <l id="s15:l2">En voor syn groote macht,</l>
        <l id="s15:l3">Dat ick tot geener tyde</l>
        <l id="s15:l4">Den Coninck heb veracht;</l>
        <l id="s15:l5">Dan dat ick Godes eere</l>
        <l id="s15:l6">Most voorstaen aldereerst,</l>
        <l id="s15:l7">Gehoorsaemheyt den Heere</l>
        <l id="s15:l8">Bewysen moste meest.</l>
      </lg>
    </lg>
  </text>
</song>