<song>
  <meta>
    <id>111433</id>
    <date>
      <year-start>1875</year-start>
      <year-end>1875</year-end>
    </date>
    <location>
      <orginal-name>leiden</orginal-name>
      <standard-name>Leiden, The Netherlands</standard-name>
      <coordinates>
        <lon>52.1598645</lon>
        <lat>4.4824271</lat>
      </coordinates>
    </location>
    <tags>
      <tag standard-name="kinderlied" translation="children's song">kinderlied</tag>
    </tags>
    <melody>Windje daar het bos af drilt</melody>
    <categories>
      <category translation="children">kinderen</category>
    </categories>
  <author>Anonymous</author></meta>
  <text>
    <lg type="song">
      <lg id="s1" type="stanza">
        <l id="s1:l1">Och Leliana! al mijn goet,</l>
        <l id="s1:l2">Die mijn hartjen branden doet,</l>
        <l id="s1:l3">Door uw lonkjes,</l>
        <l id="s1:l4">Vol van vonkjes,</l>
        <l id="s1:l5">Vonkjes die van 't lodder oog</l>
        <l id="s1:l6">Quetzen, als pijltjes van een boog.</l>
      </lg>
      <lg id="s2" type="stanza">
        <l id="s2:l1">Schoone, waar schuylje hier in 't groen?</l>
        <l id="s2:l2">'k Moet my laven met een zoen,</l>
        <l id="s2:l3">Voor de tipjes,</l>
        <l id="s2:l4">Van uw lipjes,</l>
        <l id="s2:l5">Lipjes die, als rozebla&#226;n,</l>
        <l id="s2:l6">Zijn met een zoete dauw bela&#226;n.</l>
      </lg>
      <lg id="s3" type="stanza">
        <l id="s3:l1">'t Rijzend zonnetje gaat my voor,</l>
        <l id="s3:l2">Wenkt mijn lusjes, om zijn spoor</l>
        <l id="s3:l3">Na te reppen,</l>
        <l id="s3:l4">En te leppen</l>
        <l id="s3:l5">'t Vochje van uw montje zoet,</l>
        <l id="s3:l6">Als hij 't van zijn Laura doet.</l>
      </lg>
      <lg id="s4" type="stanza">
        <l id="s4:l1">Nu dan mijn waarde, sla geluit,</l>
        <l id="s4:l2">Steek uw hooft ten groenten uit;</l>
        <l id="s4:l3">Met dit wachten,</l>
        <l id="s4:l4">Mijn gedachten</l>
        <l id="s4:l5">Raken in een diep gepeins;</l>
        <l id="s4:l6">Lelienhalsje, dat 's niet reins.</l>
      </lg>
      <lg id="s5" type="stanza">
        <l id="s5:l1">Of hebt gij uit boertery</l>
        <l id="s5:l2">Voorgenomen, datje my</l>
        <l id="s5:l3">Wat zoudt kwellen,</l>
        <l id="s5:l4">En eens stellen</l>
        <l id="s5:l5">In een vuur van ongedult?</l>
        <l id="s5:l6">'k Zweer, dat je 't my betalen zult.</l>
      </lg>
      <lg id="s6" type="stanza">
        <l id="s6:l1">Als ik je nu maar vinden kan,</l>
        <l id="s6:l2">Prille Nimph, zoo moet je 'er an;</l>
        <l id="s6:l3">Hondert kusjes</l>
        <l id="s6:l4">Zijn mijn lusjes</l>
        <l id="s6:l5">Niet genoegzaam tot een wraak:</l>
        <l id="s6:l6">'t Gelt dan uw halsje, mont, en kaak.</l>
      </lg>
    </lg>
  </text>
</song>