<song>
  <meta>
    <id>111488</id>
    <date>
      <year-start>1875</year-start>
      <year-end>1875</year-end>
    </date>
    <location>
      <orginal-name>leiden</orginal-name>
      <standard-name>Leiden, The Netherlands</standard-name>
      <coordinates>
        <lon>52.1598645</lon>
        <lat>4.4824271</lat>
      </coordinates>
    </location>
    <tags>
      <tag standard-name="kinderlied" translation="children's song">kinderlied</tag>
    </tags>
    <melody />
    <categories>
      <category translation="children">kinderen</category>
    </categories>
  <author>Anonymous</author></meta>
  <text>
    <lg type="song">
      <lg id="s1" type="stanza">
        <l id="s1:l1">Ons Liesje zat te trueren,</l>
        <l id="s1:l2">dat doet zoo menig kind, als het mint,</l>
        <l id="s1:l3">ze had nog geenen vrijer</l>
        <l id="s1:l4">en kreet zich d'oogjes blind, 't arme kind.</l>
        <l id="s1:l5">Sa, lieve meid! 't wel aangeleid;</l>
        <l id="s1:l6">de kans kan nog gelukken,</l>
        <l id="s1:l7">sa lieve meid! 't wel aangeleid,</l>
        <l id="s1:l8">eer u de kans misleidt.</l>
      </lg>
      <lg id="s2" type="stanza">
        <l id="s2:l1">De hemel zag haar tranen;</l>
        <l id="s2:l2">Een jongling vol verstand - en galant,</l>
        <l id="s2:l3">Vond 't meisje heel bevallig</l>
        <l id="s2:l4">En bood haar met zijn hand, - geld en land.</l>
        <l id="s2:l5">Sa lieve meid! 't wel aangeleid,</l>
        <l id="s2:l6">De kans kan nog gelukken,</l>
        <l id="s2:l7">Sa lieve meid! 't wel aangeleid,</l>
        <l id="s2:l8">Eer u de kans misleidt.</l>
      </lg>
      <lg id="s3" type="stanza">
        <l id="s3:l1">De zoete lust tot trouwen,</l>
        <l id="s3:l2">Vliegt voor den man soms heen - en met re&#234;n;</l>
        <l id="s3:l3">Ons Liesje had haar grillen,</l>
        <l id="s3:l4">De jongeling, zei neen - en verdween.</l>
        <l id="s3:l5">Slecht had de meid het aangeleid,</l>
        <l id="s3:l6">De kans was aan 't mislukken,</l>
        <l id="s3:l7">Slecht had de meid het aangeleid,</l>
        <l id="s3:l8">De kans had haar misleid.</l>
      </lg>
    </lg>
  </text>
</song>