<song>
  <meta>
    <id>111431</id>
    <date>
      <year-start>1875</year-start>
      <year-end>1875</year-end>
    </date>
    <location>
      <orginal-name>leiden</orginal-name>
      <standard-name>Leiden, The Netherlands</standard-name>
      <coordinates>
        <lon>52.1598645</lon>
        <lat>4.4824271</lat>
      </coordinates>
    </location>
    <tags>
      <tag standard-name="toneellied" translation="theatre song">toneellied</tag>
    </tags>
    <melody>Windje daar het bos af drilt</melody>
    <categories>
      <category translation="theatre">theater</category>
    </categories>
  <author>Anonymous</author></meta>
  <text>
    <lg type="song">
      <lg id="s1" type="stanza">
        <l id="s1:l1">Windeken, daar dit bosch af drilt,</l>
        <l id="s1:l2">wijst mijn brak toch op het wild</l>
        <l id="s1:l3">dat ik jage,</l>
        <l id="s1:l4">spreid die hage</l>
        <l id="s1:l5">en die telgjes van malkaer,</l>
        <l id="s1:l6">mooglijk zit mijn nimfje daar.</l>
      </lg>
      <lg id="s2" type="stanza">
        <l id="s2:l1">Nimfje zoo haast als gij vermoedt</l>
        <l id="s2:l2">Dat mijn gang tot uwaarts spoedt,</l>
        <l id="s2:l3">Gij gaat schuilen</l>
        <l id="s2:l4">In de kuilen</l>
        <l id="s2:l5">In het naauwste van het woud</l>
        <l id="s2:l6">Daar gij met regt vervaard zijn zoud.</l>
      </lg>
      <lg id="s3" type="stanza">
        <l id="s3:l1">Vreest gij niet dat de Saters daar</l>
        <l id="s3:l2">U, eens mogten nemen waar</l>
        <l id="s3:l3">En beknellen,</l>
        <l id="s3:l4">'t Zijn gezellen</l>
        <l id="s3:l5">Die wel nemen 't uwer spijt,</l>
        <l id="s3:l6">Daar u de herder lang om vrijt.</l>
      </lg>
      <lg id="s4" type="stanza">
        <l id="s4:l1">Zonder te duchten dat in 't kruid</l>
        <l id="s4:l2">Dikmaals slangen glad van huid</l>
        <l id="s4:l3">Zijn verholen,</l>
        <l id="s4:l4">Gij gaat dolen,</l>
        <l id="s4:l5">Maar nogtans hoe zeer gij vliedt,</l>
        <l id="s4:l6">Dat gij mij haat en dunkt mij niet.</l>
      </lg>
      <lg id="s5" type="stanza">
        <l id="s5:l1">Want toen wij laatst van 's avonds laat</l>
        <l id="s5:l2">Zongen tot den dageraad</l>
        <l id="s5:l3">Met malkander,</l>
        <l id="s5:l4">D'een door d'ander',</l>
        <l id="s5:l5">Tot den dans ik u verkoos,</l>
        <l id="s5:l6">Bloosden uw wangen als een roos.</l>
      </lg>
      <lg id="s6" type="stanza">
        <l id="s6:l1">Mompelen hoorde ik op dat pas</l>
        <l id="s6:l2">Dat het geen kwaad teeken was,</l>
        <l id="s6:l3">En wanneer ik</l>
        <l id="s6:l4">Zeer begeerlijk</l>
        <l id="s6:l5">Kussen kwam uw mondeken te&#234;r,</l>
        <l id="s6:l6">Repten uw lipjens, docht mij, we&#234;r.</l>
      </lg>
      <lg id="s7" type="stanza">
        <l id="s7:l1">'t Weigeren en de afwezigheid</l>
        <l id="s7:l2">Voegt zoo wel niet als men zeit,</l>
        <l id="s7:l3">Voor de vrouwen,</l>
        <l id="s7:l4">'t Kan haar rouwen,</l>
        <l id="s7:l5">Die geboden dienst versmaadt,</l>
        <l id="s7:l6">Wenscht daar wel om als 't is te laat.</l>
      </lg>
    </lg>
  </text>
</song>