<song>
  <meta>
    <id>111460</id>
    <date>
      <year-start>1875</year-start>
      <year-end>1875</year-end>
    </date>
    <location>
      <orginal-name>leiden</orginal-name>
      <standard-name>Leiden, The Netherlands</standard-name>
      <coordinates>
        <lon>52.1598645</lon>
        <lat>4.4824271</lat>
      </coordinates>
    </location>
    <tags>
      <tag standard-name="kinderlied" translation="children's song">kinderlied</tag>
    </tags>
    <melody>Ik stond op hoge bergen</melody>
    <categories>
      <category translation="children">kinderen</category>
    </categories>
  <author>Anonymous</author></meta>
  <text>
    <lg type="song">
      <lg id="s1" type="stanza">
        <l id="s1:l1">Toen ik op hoo-ge ber-gen stond,</l>
        <l id="s1:l2">keek ik het zee-gat in,</l>
        <l id="s1:l3">daar zag 'k een scheepje zei-len,</l>
        <l id="s1:l4">daar zaten drie ruitertjes in,</l>
        <l id="s1:l5">&#233;en van de drie was naar mijn zin.</l>
        <l id="s1:l6">&#233;en van de drie was naar mijn zin.</l>
      </lg>
      <lg id="s2" type="stanza">
        <l id="s2:l1">Het allerjongste ruitertje,</l>
        <l id="s2:l2">Dat in het scheepje zat,</l>
        <l id="s2:l3">Dat bood mij eens te drinken</l>
        <l id="s2:l4">'t Was koele wijn uit een vat,</l>
        <l id="s2:l5">'t Was van den besten dien hij bezat.</l>
        <l id="s2:l6">'t Was van den besten dien hij bezat.</l>
      </lg>
      <lg id="s3" type="stanza">
        <l id="s3:l1">Ik nam het glaasje aan mijn mond</l>
        <l id="s3:l2">En dronk het lustig uit -</l>
        <l id="s3:l3">En sprak: mijnheer, stout-ruitertje</l>
        <l id="s3:l4">Ik zeg het overluid</l>
        <l id="s3:l5">Hier is mijn ring en hier uw bruid.</l>
        <l id="s3:l6">Hier is mijn ring en hier uw bruid..</l>
      </lg>
      <lg id="s4" type="stanza">
        <l id="s4:l1">Wat zal ik met uw trouwring doen?</l>
        <l id="s4:l2">Ik wensch dien niet tot loon.</l>
        <l id="s4:l3">Gij zijt een Zeeuwsche dienstmaagd,</l>
        <l id="s4:l4">Ik ben eens graven zoon.</l>
        <l id="s4:l5">Neen, uw ring wil 'k niet tot loon.</l>
        <l id="s4:l6">Neen, uw ring wil 'k niet tot loon.</l>
      </lg>
      <lg id="s5" type="stanza">
        <l id="s5:l1">Wilt gij me dan niet hebben, vrind?</l>
        <l id="s5:l2">'t Is goed, daar zijn er meer. -</l>
        <l id="s5:l3">Ik ga naar 't klooster rijen</l>
        <l id="s5:l4">En dien er onzen Heer.</l>
        <l id="s5:l5">En dan zie je mij nooit weer.</l>
        <l id="s5:l6">En dan zie je mij nooit weer.</l>
      </lg>
      <lg id="s6" type="stanza">
        <l id="s6:l1">Toen 't meisje een eindje gereden had,</l>
        <l id="s6:l2">Toen ging haar vader dood,</l>
        <l id="s6:l3">Daar was geen rijker juffer,</l>
        <l id="s6:l4">In Nederland zoo groot,</l>
        <l id="s6:l5">Ja, want haar vader die was dood.</l>
        <l id="s6:l6">Ja, want haar vader die was dood.</l>
      </lg>
      <lg id="s7" type="stanza">
        <l id="s7:l1">Toen 't ruitertje dat te hooren kwam,</l>
        <l id="s7:l2">Sprak hij: kom zadel mijn paard,</l>
        <l id="s7:l3">Naar 't klooster wil ik rijden</l>
        <l id="s7:l4">Dat is mij een kansje waard,</l>
        <l id="s7:l5">Ja, mijn knecht, kom zadel mijn paard.</l>
        <l id="s7:l6">Ja, mijn knecht, kom zadel mijn paard.</l>
      </lg>
      <lg id="s8" type="stanza">
        <l id="s8:l1">Toen hij nu voor het klooster kwam,</l>
        <l id="s8:l2">Toen belde hij lustig &#226;n.</l>
        <l id="s8:l3">En vroeg al aan 't bagijntje,</l>
        <l id="s8:l4">Of 'r ook een nonnetje was,</l>
        <l id="s8:l5">Dat er pas gekomen was.</l>
        <l id="s8:l6">Dat er pas gekomen was.</l>
      </lg>
      <lg id="s9" type="stanza">
        <l id="s9:l1">Ja, hier is wel een nonnetje,</l>
        <l id="s9:l2">Maar ze komt er voor u niet uit.</l>
        <l id="s9:l3">Zij is den Heer gaan dienen,</l>
        <l id="s9:l4">Zij is des Heeren bruid -</l>
        <l id="s9:l5">En ze komt er voor u niet uit.</l>
        <l id="s9:l6">En ze komt er voor u niet uit.</l>
      </lg>
      <lg id="s10" type="stanza">
        <l id="s10:l1">Als gij haar dan niet komen laat,</l>
        <l id="s10:l2">Sprak deze looze guit,</l>
        <l id="s10:l3">Dan zal ik het klooster doen branden</l>
        <l id="s10:l4">Door zwavel en door kruit,</l>
        <l id="s10:l5">En dan komt ze er wis wel uit.</l>
        <l id="s10:l6">En dan komt ze er wis wel uit.</l>
      </lg>
      <lg id="s11" type="stanza">
        <l id="s11:l1">Toen 't klooster stond in volle vlam,</l>
        <l id="s11:l2">Kwam 't nonnetje voor hem staan,</l>
        <l id="s11:l3">Met opgestroopte mouwen,</l>
        <l id="s11:l4">Haar nonnekleed had zij aan,</l>
        <l id="s11:l5">Ja, ze kwam toen voor hem staan.</l>
        <l id="s11:l6">Ja, ze kwam toen voor hem staan.</l>
      </lg>
      <lg id="s12" type="stanza">
        <l id="s12:l1">Zij sprak: 'mijnheer, stout- ruitertje,</l>
        <l id="s12:l2">Wat doet ge mij een schand';</l>
        <l id="s12:l3">Toen ik u mijnen trouwring bood</l>
        <l id="s12:l4">Toen weigerdet gij mijn hand,</l>
        <l id="s12:l5">Ga en vertrek maar uit dit land.'</l>
        <l id="s12:l6">Ga en vertrek maar uit dit land.'</l>
      </lg>
      <lg id="s13" type="stanza">
        <l id="s13:l1">De ruiter keerde zich droevig om</l>
        <l id="s13:l2">En sprak geen enkel woord;</l>
        <l id="s13:l3">Maar toen hij aan 't fonteintje kwam,</l>
        <l id="s13:l4">Toen schoot hij zich zelven dood,</l>
        <l id="s13:l5">Ja, hij schoot zichzelf daar dood!</l>
        <l id="s13:l6">Ja, hij schoot zichzelf daar dood!</l>
      </lg>
      <lg id="s14" type="stanza">
        <l id="s14:l1">Het was er eens op een Donderdag,</l>
        <l id="s14:l2">De non zou halen het brood:</l>
        <l id="s14:l3">Toen zij langs het fonteintje kwam,</l>
        <l id="s14:l4">Toen vond zij het ruitertje dood:</l>
        <l id="s14:l5">Zij was verslagen, hij was dood.</l>
        <l id="s14:l6">Zij was verslagen, hij was dood.</l>
      </lg>
      <lg id="s15" type="stanza">
        <l id="s15:l1">Zij sprak: 'Ach, ach, stout ruitertje</l>
        <l id="s15:l2">Dat was om der wille van mijn.</l>
        <l id="s15:l3">Ik zal u gaan begraven</l>
        <l id="s15:l4">Hier onder de rozemarijn,</l>
        <l id="s15:l5">Waar al die stoute ruitertjes zijn.</l>
        <l id="s15:l6">Waar al die stoute ruitertjes zijn.</l>
      </lg>
      <lg id="s16" type="stanza">
        <l id="s16:l1">'Dan zal ik bloempjes plukken</l>
        <l id="s16:l2">En strooien op uw graf -</l>
        <l id="s16:l3">Dan zal ik tulpen planten</l>
        <l id="s16:l4">Tot aan mijn laatsten dag,</l>
        <l id="s16:l5">Tot ik mijn ruiter, mijn lief weer zag.'</l>
        <l id="s16:l6">Tot ik mijn ruiter, mijn lief weer zag.'</l>
      </lg>
    </lg>
  </text>
</song>