<song>
  <meta>
    <id>111458</id>
    <date>
      <year-start>1875</year-start>
      <year-end>1875</year-end>
    </date>
    <location>
      <orginal-name>leiden</orginal-name>
      <standard-name>Leiden, The Netherlands</standard-name>
      <coordinates>
        <lon>52.1598645</lon>
        <lat>4.4824271</lat>
      </coordinates>
    </location>
    <tags>
      <tag standard-name="kinderlied" translation="children's song">kinderlied</tag>
    </tags>
    <melody>Drie schuintamboers</melody>
    <categories>
      <category translation="children">kinderen</category>
    </categories>
  <author>Anonymous</author></meta>
  <text>
    <lg type="song">
      <lg id="s1" type="stanza">
        <l id="s1:l1">Drie schuintamboers die kwa-men uit het Oosten,</l>
        <l id="s1:l2">drie schuintam-boers die kwamen uit het Oos-ten,</l>
        <l id="s1:l3">van rombom, wat maal ik er om,</l>
        <l id="s1:l4">die kwamen uit het Oosten, van rom.</l>
      </lg>
      <lg id="s2" type="stanza">
        <l id="s2:l1">Een van de drie zag daar een aardig meisje,</l>
        <l id="s2:l2">Een van de drie zag daar een aardig meisje,</l>
        <l id="s2:l3">Van rombom, wat maal ik er om,</l>
        <l id="s2:l4">Zag daar een aardig meisje, van rom.</l>
      </lg>
      <lg id="s3" type="stanza">
        <l id="s3:l1">Zeg meisjelief, wil jij mijn liefste wezen?</l>
        <l id="s3:l2">Zeg meisjelief, wil jij mijn liefste wezen?</l>
        <l id="s3:l3">Van rombom, wat maal ik er om,</l>
        <l id="s3:l4">Wil jij mijn liefste wezen? van rom.</l>
      </lg>
      <lg id="s4" type="stanza">
        <l id="s4:l1">Ja schuin-tamboer, dat moet je vader vragen,</l>
        <l id="s4:l2">Ja schuin-tamboer, dat moet je vader vragen,</l>
        <l id="s4:l3">Van rombom, wat maal ik er om,</l>
        <l id="s4:l4">Dat moet je vader vragen, van rom.</l>
      </lg>
      <lg id="s5" type="stanza">
        <l id="s5:l1">Zeg beste man, mag ik je dochter trouwen?</l>
        <l id="s5:l2">Zeg beste man, mag ik je dochter trouwen?</l>
        <l id="s5:l3">Van rombom, wat maal ik er om,</l>
        <l id="s5:l4">Mag ik je dochter trouwen? van rom.</l>
      </lg>
      <lg id="s6" type="stanza">
        <l id="s6:l1">Zeg schuin-tamboer, zeg mij wat is je rijkdom?</l>
        <l id="s6:l2">Zeg schuin-tamboer, zeg mij wat is je rijkdom?</l>
        <l id="s6:l3">Van rombom, wat maal ik er om,</l>
        <l id="s6:l4">Zeg mij wat is je rijkdom? van rom.</l>
      </lg>
      <lg id="s7" type="stanza">
        <l id="s7:l1">Mijn rijkdom is, daar wil ik niet om jokken,</l>
        <l id="s7:l2">Mijn rijkdom is een trommel met twee stokken,</l>
        <l id="s7:l3">Van rombom, wat maal ik er om,</l>
        <l id="s7:l4">Een trommel met twee stokken, van rom.</l>
      </lg>
      <lg id="s8" type="stanza">
        <l id="s8:l1">Neen schuin-tamboer, mijn kind kun jij niet krijgen,</l>
        <l id="s8:l2">Neen schuin-tamboer, mijn kind kun jij niet krijgen,</l>
        <l id="s8:l3">Van rombom, wat maal ik er om,</l>
        <l id="s8:l4">Mijn kind kun jij niet krijgen, van rom.</l>
      </lg>
      <lg id="s9" type="stanza">
        <l id="s9:l1">Maar oude man, ik heb nog iets vergeten,</l>
        <l id="s9:l2">Maar oude man, ik heb nog iets vergeten,</l>
        <l id="s9:l3">Van rombom, wat maal ik er om,</l>
        <l id="s9:l4">Ik heb nog iets vergeten, van rom.</l>
      </lg>
      <lg id="s10" type="stanza">
        <l id="s10:l1">Mijn vader is groothertog van Castilje,</l>
        <l id="s10:l2">Mijn vader is groothertog van Castilje,</l>
        <l id="s10:l3">Van rombom, wat maal ik er om,</l>
        <l id="s10:l4">Groothertog van Castilje, van rom.</l>
      </lg>
      <lg id="s11" type="stanza">
        <l id="s11:l1">Nu schuin-tamboer, mag jij mijn dochter trouwen,</l>
        <l id="s11:l2">Nu schuin-tamboer, mag jij mijn dochter trouwen,</l>
        <l id="s11:l3">Van rombom, wat maal ik er om,</l>
        <l id="s11:l4">Mag jij mijn dochter trouwen, van rom.</l>
      </lg>
    </lg>
  </text>
</song>