<song>
  <meta>
    <id>111472</id>
    <date>
      <year-start>1875</year-start>
      <year-end>1875</year-end>
    </date>
    <location>
      <orginal-name>leiden</orginal-name>
      <standard-name>Leiden, The Netherlands</standard-name>
      <coordinates>
        <lon>52.1598645</lon>
        <lat>4.4824271</lat>
      </coordinates>
    </location>
    <tags>
      <tag standard-name="kinderlied" translation="children's song">kinderlied</tag>
    </tags>
    <melody>Laatstmaal toen ik in het meiseizoen</melody>
    <categories>
      <category translation="children">kinderen</category>
    </categories>
  <author>Anonymous</author></meta>
  <text>
    <lg type="song">
      <lg id="s1" type="stanza">
        <l id="s1:l1">Wat wordt het laat! de klok slaat acht,</l>
        <l id="s1:l2">waar of mijn Doris blijft?</l>
        <l id="s1:l3">'t Valt moeilijk als men iemand wacht,</l>
        <l id="s1:l4">en als de vreeze ons drijft,</l>
        <l id="s1:l5">te twijf'len aan zijn trouw;</l>
        <l id="s1:l6">hij heeft misschien be-rouw,</l>
        <l id="s1:l7">dat hij een meisje zonder geld,</l>
        <l id="s1:l8">gevraagd heeft tot zijn vrouw -,</l>
        <l id="s1:l9">gevraagd heeft tot zijn vrouw.</l>
      </lg>
      <lg id="s2" type="stanza">
        <l id="s2:l1">Maar foei! - wat doet het ongeduld</l>
        <l id="s2:l2">Mij onrechtvaardig zijn!</l>
        <l id="s2:l3">'k Veroordeel hem wis buiten schuld,</l>
        <l id="s2:l4">En doe mij zelve pijn.</l>
        <l id="s2:l5">Ik ken zijn braaf gemoed;</l>
        <l id="s2:l6">Hij zoekt geen geld of goed:</l>
        <l id="s2:l7">Maar een getrouw en teeder hart,</l>
        <l id="s2:l8">Dat aan zijn' wensch voldoet.</l>
        <l id="s2:l9">Dat aan zijn' wensch voldoet.</l>
      </lg>
      <lg id="s3" type="stanza">
        <l id="s3:l1">Weg, weg met ongegronde vrees,</l>
        <l id="s3:l2">'k Verlang naar hem met smart,</l>
        <l id="s3:l3">Opdat ik in zijn oogen leez'</l>
        <l id="s3:l4">'t Gevoelen van zijn hart.</l>
        <l id="s3:l5">Blijft Doris mij getrouw,</l>
        <l id="s3:l6">En word ik eens zijn vrouw,</l>
        <l id="s3:l7">Dan leeft er geen vorstin op aard,</l>
        <l id="s3:l8">Waar ik mee ruilen zou.</l>
        <l id="s3:l9">Waar ik mee ruilen zou.</l>
      </lg>
      <lg id="s4" type="stanza">
        <l id="s4:l1">Geen groote staat noch overvloed</l>
        <l id="s4:l2">Ons 't waar genoegen geeft.</l>
        <l id="s4:l3">De liefde, die het hart voldoet,</l>
        <l id="s4:l4">Maakt dat men vroolijk leeft:</l>
        <l id="s4:l5">Dan deelt men vreugde en druk,</l>
        <l id="s4:l6">Geluk en ongeluk,</l>
        <l id="s4:l7">En draagt, getroost en welgemoed,</l>
        <l id="s4:l8">Te samen 't huwlijksjuk.</l>
        <l id="s4:l9">Te samen 't huwlijksjuk.</l>
      </lg>
      <lg id="s5" type="stanza">
        <l id="s5:l1">Maar ach! nog komt mijn minnaar niet,</l>
        <l id="s5:l2">Elk uur schijnt mij een' dag:</l>
        <l id="s5:l3">Wat baart zijn afzijn mij verdriet,</l>
        <l id="s5:l4">Wat of hem deren mag?</l>
        <l id="s5:l5">Ik zie alweer eens uit -</l>
        <l id="s5:l6">Maar zacht.... ik hoor geluid....</l>
        <l id="s5:l7">Hij is 't - o ja! - hoe klopt mij 't hart,</l>
        <l id="s5:l8">Kom Doris, kus uw bruid.</l>
        <l id="s5:l9">Kom Doris, kus uw bruid.</l>
      </lg>
    </lg>
  </text>
</song>