<song>
  <meta>
    <id>111451</id>
    <date>
      <year-start>1875</year-start>
      <year-end>1875</year-end>
    </date>
    <location>
      <orginal-name>leiden</orginal-name>
      <standard-name>Leiden, The Netherlands</standard-name>
      <coordinates>
        <lon>52.1598645</lon>
        <lat>4.4824271</lat>
      </coordinates>
    </location>
    <tags>
      <tag standard-name="kinderlied" translation="children's song">kinderlied</tag>
    </tags>
    <melody>Der Ritter von Rosen</melody>
    <categories>
      <category translation="children">kinderen</category>
    </categories>
  <author>Anonymous</author></meta>
  <text>
    <lg type="song">
      <lg id="s1" type="stanza">
        <l id="s1:l1">'t Was ochtend, een Meisje ging wandlen aan strand;</l>
        <l id="s1:l2">een Bootje, dat vlagde, lei re&#234; -;</l>
        <l id="s1:l3">en straks was de vriendlijke Schipper ter hand,</l>
        <l id="s1:l4">die sprak: 'Schoon kind! wilt gij me&#234; -?</l>
        <l id="s1:l5">'t Is het regte getij om te varen,</l>
        <l id="s1:l6">nu de morgen-zon glanst op de baren,</l>
        <l id="s1:l7">grijp moed, Schoon Kind, en vaar me&#234;,</l>
        <l id="s1:l8">grijp moed, Schoon Kind, en vaar me&#234;-!'</l>
      </lg>
      <lg id="s2" type="stanza">
        <l id="s2:l1">Het Meisje, met blosjes op voorhoofd en wang,</l>
        <l id="s2:l2">Stond peinzend aan 't ruim van de zee;</l>
        <l id="s2:l3">Daar klonk uit den hoogen een Toovergezang;</l>
        <l id="s2:l4">Daar murmelde 't zacht langs de re&#234;:</l>
        <l id="s2:l5">'Ga varen, Lief Kind! ga varen!</l>
        <l id="s2:l6">De morgenzon glanst op de baren:</l>
        <l id="s2:l7">Gij voert het Geluk met u me&#234;!'</l>
        <l id="s2:l8">Gij voert het Geluk met u me&#234;!'</l>
      </lg>
      <lg id="s3" type="stanza">
        <l id="s3:l1">Maar tranen bedauwden een moederlijk oog:</l>
        <l id="s3:l2">Het scheiden, het missen doet wee!</l>
        <l id="s3:l3">En troostend begon we&#234;r de Zang van omhoog,</l>
        <l id="s3:l4">En blijder herhaalde de re&#234;:</l>
        <l id="s3:l5">'Laat varen 't Jong Paar! laat varen!</l>
        <l id="s3:l6">Gelijk van gemoed en van jaren,</l>
        <l id="s3:l7">Doorkruist het een veilige zee!'</l>
        <l id="s3:l8">Doorkruist het een veilige zee!'</l>
      </lg>
      <lg id="s4" type="stanza">
        <l id="s4:l1">Wat deed nu het Meisje? Het waagde de kans;</l>
        <l id="s4:l2">En luid riep de Schipper 'hoezee!'</l>
        <l id="s4:l3">En de golfjes droegen, met vrolijken dans,</l>
        <l id="s4:l4">Hun Bootje van de effene re&#234;.</l>
        <l id="s4:l5">'Blijf varen, Jong Paar; blijf varen,</l>
        <l id="s4:l6">Gewiegd op de hupplende baren;</l>
        <l id="s4:l7">In 't Zonlicht van Voorspoed en Vre&#234;!'</l>
        <l id="s4:l8">In 't Zonlicht van Voorspoed en Vre&#234;!'</l>
      </lg>
    </lg>
  </text>
</song>