<song>
  <meta>
    <id>111765</id>
    <date>
      <year-start>1875</year-start>
      <year-end>1875</year-end>
    </date>
    <location>
      <orginal-name>leiden</orginal-name>
      <standard-name>Leiden, The Netherlands</standard-name>
      <coordinates>
        <lon>52.1598645</lon>
        <lat>4.4824271</lat>
      </coordinates>
    </location>
    <tags>
      <tag standard-name="kinderlied" translation="children's song">kinderlied</tag>
    </tags>
    <melody>Aan de oever van een snelle vliet</melody>
    <categories>
      <category translation="children">kinderen</category>
    </categories>
  <author>Anonymous</author></meta>
  <text>
    <lg type="song">
      <lg id="s1" type="stanza">
        <l id="s1:l1">Aan d'oever van een' snellen vliet,</l>
        <l id="s1:l2">een treurend meisje zat;</l>
        <l id="s1:l3">zij weende, zij schreide van verdriet</l>
        <l id="s1:l4">op 't gras van tranen nat.</l>
      </lg>
      <lg id="s2" type="stanza">
        <l id="s2:l1">Zij wierp de bloemen die zij zag,</l>
        <l id="s2:l2">Mistroostig in den stroom,</l>
        <l id="s2:l3">Zij riep: 'ach lieve vader, ach!</l>
        <l id="s2:l4">Ach, lieve broeder koom.</l>
      </lg>
      <lg id="s3" type="stanza">
        <l id="s3:l1">Een heer die wandelt langs den vliet,</l>
        <l id="s3:l2">Bespeurt haar bittre smart;</l>
        <l id="s3:l3">Dat hij het meisje weenen ziet,</l>
        <l id="s3:l4">Treft zijn me&#234;doogend hart.</l>
      </lg>
      <lg id="s4" type="stanza">
        <l id="s4:l1">Hij sprak tot haar: 'wel lieve meid,</l>
        <l id="s4:l2">O, zeg en wees niet schuw,</l>
        <l id="s4:l3">Waarom ge weent, waarom ge schreit,</l>
        <l id="s4:l4">Kan 't zijn, zoo help ik u.'</l>
      </lg>
      <lg id="s5" type="stanza">
        <l id="s5:l1">Zij zuchtte en zag hem treurig aan,</l>
        <l id="s5:l2">En sprak: 'och brave man,</l>
        <l id="s5:l3">Een arme wees ziet gij hier staan,</l>
        <l id="s5:l4">Die God slechts helpen kan.</l>
      </lg>
      <lg id="s6" type="stanza">
        <l id="s6:l1">Ziet gij dat groene bergje niet?</l>
        <l id="s6:l2">Daar is mijn moeders graf;</l>
        <l id="s6:l3">Ziet gij den oever van deez' vliet?</l>
        <l id="s6:l4">Daar gleed mijn vader af.</l>
      </lg>
      <lg id="s7" type="stanza">
        <l id="s7:l1">De felle stroom verwon hem dra,</l>
        <l id="s7:l2">Hij worstelde en hij zonk;</l>
        <l id="s7:l3">Mijn broeder sprong hem achterna,</l>
        <l id="s7:l4">Helaas! ook hij verdronk.</l>
      </lg>
      <lg id="s8" type="stanza">
        <l id="s8:l1">Nu vlucht ik vaak het weeshuis uit,</l>
        <l id="s8:l2">Waar niets dan jammer is.'</l>
        <l id="s8:l3">Zoo sprak zij hare klachten uit,</l>
        <l id="s8:l4">In 't harte droefenis.</l>
      </lg>
      <lg id="s9" type="stanza">
        <l id="s9:l1">Hij sprak: 'kom klaag niet, lieve kind,</l>
        <l id="s9:l2">Uw hart verdient geen pijn,</l>
        <l id="s9:l3">Ik wil uw broeder en uw vrind,</l>
        <l id="s9:l4">Ik wil uw vader zijn.'</l>
      </lg>
      <lg id="s10" type="stanza">
        <l id="s10:l1">Hij nam haar vriendlijk bij de hand,</l>
        <l id="s10:l2">Hij, met haar lot begaan,</l>
        <l id="s10:l3">Hij gaf haar kle&#234;ren naar zijn stand,</l>
        <l id="s10:l4">Voor weesjes kle&#234;ren aan.</l>
      </lg>
      <lg id="s11" type="stanza">
        <l id="s11:l1">Zij at zijn spijs, zij dronk zijn drank</l>
        <l id="s11:l2">Gestadig dag bij dag,</l>
        <l id="s11:l3">Heb dank, o edel', brave man,</l>
        <l id="s11:l4">Voor zoo een goed gedrag.</l>
      </lg>
    </lg>
  </text>
</song>