<song>
  <meta>
    <id>111780</id>
    <date>
      <year-start>1875</year-start>
      <year-end>1875</year-end>
    </date>
    <location>
      <orginal-name>leiden</orginal-name>
      <standard-name>Leiden, The Netherlands</standard-name>
      <coordinates>
        <lon>52.1598645</lon>
        <lat>4.4824271</lat>
      </coordinates>
    </location>
    <tags>
      <tag standard-name="kinderlied" translation="children's song">kinderlied</tag>
    </tags>
    <melody>Ich hab ein kleines H&#252;ttchen nur</melody>
    <categories>
      <category translation="children">kinderen</category>
    </categories>
  <author>Anonymous</author></meta>
  <text>
    <lg type="song">
      <lg id="s1" type="stanza">
        <l id="s1:l1">Ik heb een huisje: 't is wel klein,</l>
        <l id="s1:l2">maar flink ge-bouwd en blinkend rein;</l>
        <l id="s1:l3">dicht bij het huisje vliet een beek,</l>
        <l id="s1:l4">het sieraad van de heele streek,</l>
        <l id="s1:l5">dicht bij het huisje vliet een beek,</l>
        <l id="s1:l6">het sieraad van de heele streek.</l>
      </lg>
      <lg id="s2" type="stanza">
        <l id="s2:l1">Een mooie boom beschut het huis,</l>
        <l id="s2:l2">Al maakt de wind nog zoo'n gedruisch,</l>
        <l id="s2:l3">Al brandt de zon ook fel op de aard',</l>
        <l id="s2:l4">In 't huisjen is men w&#232;l bewaard.</l>
        <l id="s2:l5">Al brandt de zon ook fel op de aard',</l>
        <l id="s2:l6">In 't huisjen is men w&#232;l bewaard.</l>
      </lg>
      <lg id="s3" type="stanza">
        <l id="s3:l1">En in den boom - een vog'lenkoor</l>
        <l id="s3:l2">Zingt mij de schoonste lied'ren voor;</l>
        <l id="s3:l3">Een ieder die langs 't huisje gaat,</l>
        <l id="s3:l4">Er gaarne, luistrend stille staat.</l>
        <l id="s3:l5">Een ieder die langs 't huisje gaat,</l>
        <l id="s3:l6">Er gaarne, luistrend stille staat.</l>
      </lg>
      <lg id="s4" type="stanza">
        <l id="s4:l1">De beek die langs zijn wortels vliet,</l>
        <l id="s4:l2">Al kabblend' instemt met het lied.</l>
        <l id="s4:l3">Maar ach! ik ben alleen in 't huis;</l>
        <l id="s4:l4">Alleen zijn! - 't is zoo'n bitter kruis.</l>
        <l id="s4:l5">Maar ach! ik ben alleen in 't huis;</l>
        <l id="s4:l6">Alleen zijn! - 't is zoo'n bitter kruis.</l>
      </lg>
      <lg id="s5" type="stanza">
        <l id="s5:l1">O, gij, mijn lief! - mijn zonneschijn!</l>
        <l id="s5:l2">Wilt gij er meesteresse zijn?</l>
        <l id="s5:l3">Ik zal u minnen, dienen trouw,</l>
        <l id="s5:l4">Kom, ga met mij en word mijn vrouw!</l>
        <l id="s5:l5">Ik zal u minnen, dienen trouw,</l>
        <l id="s5:l6">Kom, ga met mij en word mijn vrouw!</l>
      </lg>
    </lg>
  </text>
</song>