<song>
  <meta>
    <id>111782</id>
    <date>
      <year-start>1875</year-start>
      <year-end>1875</year-end>
    </date>
    <location>
      <orginal-name>leiden</orginal-name>
      <standard-name>Leiden, The Netherlands</standard-name>
      <coordinates>
        <lon>52.1598645</lon>
        <lat>4.4824271</lat>
      </coordinates>
    </location>
    <tags>
      <tag standard-name="kinderlied" translation="children's song">kinderlied</tag>
    </tags>
    <melody>De spinster</melody>
    <categories>
      <category translation="children">kinderen</category>
    </categories>
  <author>Anonymous</author></meta>
  <text>
    <lg type="song">
      <lg id="s1" type="stanza">
        <l id="s1:l1">'k Zat voor mijn deur en spon en zong;</l>
        <l id="s1:l2">een jongling hoorde mijne zangen,</l>
        <l id="s1:l3">hij was zoo schoon - hij loeg mij toe,</l>
        <l id="s1:l4">en rooder gloeiden zijne wangen,</l>
        <l id="s1:l5">ik keek eens op, maar 'k sprak geen woord,</l>
        <l id="s1:l6">ik zat be-schaamd en spon al voort.</l>
      </lg>
      <lg id="s2" type="stanza">
        <l id="s2:l1">Hij zei me vriendlijk goeden dag,</l>
        <l id="s2:l2">Trad bij me en scheen bedeesd te wezen;</l>
        <l id="s2:l3">Ik werd zoo bang... de draad brak af,</l>
        <l id="s2:l4">En 't hart... zoo sloeg het nooit voor dezen;</l>
        <l id="s2:l5">Ik hechtt' den draad, zoo goed ik kon,</l>
        <l id="s2:l6">Ik zat beschaamd en spon en spon.</l>
      </lg>
      <lg id="s3" type="stanza">
        <l id="s3:l1">Liefkozend nam hij mijne hand,</l>
        <l id="s3:l2">En lei die zachtkens in de zijne,</l>
        <l id="s3:l3">Hij zag nog nooit een hand, zoo schoon,</l>
        <l id="s3:l4">Zoo blank, zoo poezel, als de mijne -</l>
        <l id="s3:l5">Hoezeer die lof mijn harte won,</l>
        <l id="s3:l6">Ik zat beschaamd en spon en spon.</l>
      </lg>
      <lg id="s4" type="stanza">
        <l id="s4:l1">Hij leunde toen op mijnen stoel,</l>
        <l id="s4:l2">Terwijl hij 't fijne draadje roemde,</l>
        <l id="s4:l3">En met een' hartelijken zucht,</l>
        <l id="s4:l4">Vertrouwlijk mij zijn meisje noemde:</l>
        <l id="s4:l5">Hij zag mij aan, ik sprak geen woord,</l>
        <l id="s4:l6">Ik zat beschaamd en spon al voort.</l>
      </lg>
      <lg id="s5" type="stanza">
        <l id="s5:l1">Zijn wang kwam nader bij mijn wang,</l>
        <l id="s5:l2">Daar 't helder oog nog teedrer blikte....</l>
        <l id="s5:l3">Toevallig raakte hem mijn hoofd,</l>
        <l id="s5:l4">Dat onder 't spinnen zachtkens knikte,</l>
        <l id="s5:l5">Hij kuste mij, ik sprak geen woord,</l>
        <l id="s5:l6">Ik zat beschaamd en spon nog voort.</l>
      </lg>
      <lg id="s6" type="stanza">
        <l id="s6:l1">Met ernst wees ik den jongling af;</l>
        <l id="s6:l2">Dit scheen hem stouter nog te maken,</l>
        <l id="s6:l3">Onstuimig vloog hij me om den hals,</l>
        <l id="s6:l4">En kuste rood, als vuur, mijn kaken....</l>
        <l id="s6:l5">O! zeg mij, of het wezen kon,</l>
        <l id="s6:l6">Dat ik in 't eind nog verder spon</l>
      </lg>
    </lg>
  </text>
</song>