<song>
  <meta>
    <id>111769</id>
    <date>
      <year-start>1875</year-start>
      <year-end>1875</year-end>
    </date>
    <location>
      <orginal-name>leiden</orginal-name>
      <standard-name>Leiden, The Netherlands</standard-name>
      <coordinates>
        <lon>52.1598645</lon>
        <lat>4.4824271</lat>
      </coordinates>
    </location>
    <tags>
      <tag standard-name="kinderlied" translation="children's song">kinderlied</tag>
    </tags>
    <melody>Hier heeft mij Rozemond bescheiden</melody>
    <categories>
      <category translation="children">kinderen</category>
    </categories>
  <author>Anonymous</author></meta>
  <text>
    <lg type="song">
      <lg id="s1" type="stanza">
        <l id="s1:l1">Hier heeft mij Rozemont bescheiden;</l>
        <l id="s1:l2">hier, bij deez' boom, die weligh wast.</l>
        <l id="s1:l3">Waer magh de schoone zoo lang beiden,</l>
        <l id="s1:l4">dat zy niet op het uurtje past?</l>
      </lg>
      <lg id="s2" type="stanza">
        <l id="s2:l1">Of ben ik wat te vroeg gekomen,</l>
        <l id="s2:l2">Door drift der min, waarvan ik quyn?</l>
        <l id="s2:l3">O zaligh velt! o groene boomen!</l>
        <l id="s2:l4">'t Kost hier te nacht wel bruiloft zyn.</l>
      </lg>
      <lg id="s3" type="stanza">
        <l id="s3:l1">Maer och, hoe lang zijn thans de stonden!</l>
        <l id="s3:l2">Elk omzien duurt een jaar gewis.</l>
        <l id="s3:l3">Op achten was de komst gevonden:</l>
        <l id="s3:l4">Ik schat het al ruim negen is.</l>
      </lg>
      <lg id="s4" type="stanza">
        <l id="s4:l1">Val, avont. Zoudt ge uw' plicht niet weten?</l>
        <l id="s4:l2">Of is de tyt zijn wieken quyt?</l>
        <l id="s4:l3">Of heeft Apol zijn zweep vergeten,</l>
        <l id="s4:l4">Dat hy dus traeglyk zeewaert rydt?</l>
      </lg>
      <lg id="s5" type="stanza">
        <l id="s5:l1">Daghvoerder, laet u dit toch lusten:</l>
        <l id="s5:l2">Verkort den dagh en rek den nacht.</l>
        <l id="s5:l3">Spoei voort: gij zult by Thetis rusten,</l>
        <l id="s5:l4">En ik by 't meisje dat ik wacht.</l>
      </lg>
    </lg>
  </text>
</song>