<song>
  <meta>
    <id>111866</id>
    <date>
      <year-start>1875</year-start>
      <year-end>1875</year-end>
    </date>
    <location>
      <orginal-name>leiden</orginal-name>
      <standard-name>Leiden, The Netherlands</standard-name>
      <coordinates>
        <lon>52.1598645</lon>
        <lat>4.4824271</lat>
      </coordinates>
    </location>
    <tags>
      <tag standard-name="kinderlied" translation="children's song">kinderlied</tag>
      <tag standard-name="dialooglied" translation="dialogue song">dialooglied</tag>
    </tags>
    <melody>Schirwit waar is uw vrouw</melody>
    <categories>
      <category translation="formal genres">formele genres</category>
      <category translation="children">kinderen</category>
    </categories>
  <author>Anonymous</author></meta>
  <text>
    <lg type="song">
      <lg id="s1" type="stanza">
        <l id="s1:l1">Schir-wit, waar is uw vrouw?</l>
        <l id="s1:l2">Schir-wit, waar is uw vrouw?</l>
        <l id="s1:l3">Schirwit waar is uw tremeldewee,</l>
        <l id="s1:l4">Tremeldewemel de wup op zee.</l>
        <l id="s1:l5">Schir-wit, waar is uw vrouw?</l>
      </lg>
      <lg id="s2" type="stanza">
        <l id="s2:l1">Mijn vrouw is naar de stad.</l>
        <l id="s2:l2">Mijn vrouw is naar de stad.</l>
        <l id="s2:l3">Mijn vrouw is naar de tremeldewee,</l>
        <l id="s2:l4">Tremeldewemel de wup op zee:</l>
        <l id="s2:l5">Mijn vrouw is haar de stad.</l>
      </lg>
      <lg id="s3" type="stanza">
        <l id="s3:l1">Wat doet zij naar de stad?</l>
        <l id="s3:l2">Wat doet zij naar de stad?</l>
        <l id="s3:l3">Wat doet zij naar de tremeldewee?</l>
        <l id="s3:l4">Tremeldewemel de wup op zee:</l>
        <l id="s3:l5">Wat doet zij naar de stad?</l>
      </lg>
      <lg id="s4" type="stanza">
        <l id="s4:l1">Zij haalt ons kind een koek.</l>
        <l id="s4:l2">Zij haalt ons kind een koek.</l>
        <l id="s4:l3">Zij haalt ons kind een tremeldewee,</l>
        <l id="s4:l4">Tremeldewemel de wup op zee:</l>
        <l id="s4:l5">Zij haalt ons kind een koek.</l>
      </lg>
      <lg id="s5" type="stanza">
        <l id="s5:l1">Schirwit, waar is uw knecht?</l>
        <l id="s5:l2">Schirwit, waar is uw knecht?</l>
        <l id="s5:l3">Schirwit, waar is uw tremeldewee,</l>
        <l id="s5:l4">Tremeldewemel de wup op zee:</l>
        <l id="s5:l5">Schirwit, waar is uw knecht?</l>
      </lg>
      <lg id="s6" type="stanza">
        <l id="s6:l1">Mijn knecht is naar de schuur.</l>
        <l id="s6:l2">Mijn knecht is naar de schuur.</l>
        <l id="s6:l3">Mijn knecht is naar de tremeldewee,</l>
        <l id="s6:l4">Tremeldewemel de wup op zee:</l>
        <l id="s6:l5">Mijn knecht is naar de schuur.</l>
      </lg>
      <lg id="s7" type="stanza">
        <l id="s7:l1">Wat doet hij in de schuur?</l>
        <l id="s7:l2">Wat doet hij in de schuur?</l>
        <l id="s7:l3">Wat doet hij in de tremeldewee,</l>
        <l id="s7:l4">Tremeldewemel de wup op zee:</l>
        <l id="s7:l5">Wat doet hij in de schuur?</l>
      </lg>
      <lg id="s8" type="stanza">
        <l id="s8:l1">Hij haalt ons bontkoe hooi.</l>
        <l id="s8:l2">Hij haalt ons bontkoe hooi.</l>
        <l id="s8:l3">Hij haalt ons bontkoe tremeldewee,</l>
        <l id="s8:l4">Tremeldewemel de wup op zee:</l>
        <l id="s8:l5">Hij haalt ons bontkoe hooi.</l>
      </lg>
      <lg id="s9" type="stanza">
        <l id="s9:l1">Schirwit, waar is uw meid?</l>
        <l id="s9:l2">Schirwit, waar is uw meid?</l>
        <l id="s9:l3">Schirwit, waar is uw tremeldewee,</l>
        <l id="s9:l4">Tremeldewemel de wup op zee:</l>
        <l id="s9:l5">Schirwit, waar is uw meid?</l>
      </lg>
      <lg id="s10" type="stanza">
        <l id="s10:l1">Mijn meid is naar den stal.</l>
        <l id="s10:l2">Mijn meid is naar den stal.</l>
        <l id="s10:l3">Mijn meid is naar de tremeldewee,</l>
        <l id="s10:l4">Tremeldewemel de wup op zee:</l>
        <l id="s10:l5">Mijn meid is naar den stal.</l>
      </lg>
      <lg id="s11" type="stanza">
        <l id="s11:l1">Wat doet zij naar den stal?</l>
        <l id="s11:l2">Wat doet zij naar den stal?</l>
        <l id="s11:l3">Wat doet zij naar de tremeldewee,</l>
        <l id="s11:l4">Tremeldewemel de wup op zee:</l>
        <l id="s11:l5">Wat doet zij naar den stal?</l>
      </lg>
      <lg id="s12" type="stanza">
        <l id="s12:l1">Zij melkt ons bonte koe</l>
        <l id="s12:l2">Zij melkt ons bonte koe</l>
        <l id="s12:l3">Zij melkt ons bonte tremeldewee,</l>
        <l id="s12:l4">Tremeldewemel de wup op zee:</l>
        <l id="s12:l5">Zij melkt ons bonte koe.</l>
      </lg>
    </lg>
  </text>
</song>