<song>
  <meta>
    <id>111827</id>
    <date>
      <year-start>1875</year-start>
      <year-end>1875</year-end>
    </date>
    <location>
      <orginal-name>leiden</orginal-name>
      <standard-name>Leiden, The Netherlands</standard-name>
      <coordinates>
        <lon>52.1598645</lon>
        <lat>4.4824271</lat>
      </coordinates>
    </location>
    <tags>
      <tag standard-name="kinderlied" translation="children's song">kinderlied</tag>
    </tags>
    <melody>Mars van de schutters</melody>
    <categories>
      <category translation="children">kinderen</category>
    </categories>
  <author>Anonymous</author></meta>
  <text>
    <lg type="song">
      <lg id="s1" type="stanza">
        <l id="s1:l1">Ik ben een jong soldaatje</l>
        <l id="s1:l2">van twee en twintig jaren -,</l>
        <l id="s1:l3">geboren op het Zand, faldera,</l>
        <l id="s1:l4">geboren op het Zand, faldera,</l>
        <l id="s1:l5">geboren op het Zand, -</l>
        <l id="s1:l6">dat is mijn vaderland.</l>
      </lg>
      <lg id="s2" type="stanza">
        <l id="s2:l1">O man der medicijnen,</l>
        <l id="s2:l2">Verlos mij van de pijnen.</l>
        <l id="s2:l3">Ik ben nog niet bereid, faldera,</l>
        <l id="s2:l4">Ik ben nog niet bereid, faldera,</l>
        <l id="s2:l5">Ik ben nog niet bereid,</l>
        <l id="s2:l6">Al voor de eeuwigheid.</l>
      </lg>
      <lg id="s3" type="stanza">
        <l id="s3:l1">Als ik gestorven ben,</l>
        <l id="s3:l2">Dan zullen ze mij begraven;</l>
        <l id="s3:l3">Al in een graf van eer, faldera,</l>
        <l id="s3:l4">Al in een graf van eer, faldera,</l>
        <l id="s3:l5">Al in een graf van eer,</l>
        <l id="s3:l6">Daar leggen ze mij in neer.</l>
      </lg>
    </lg>
  </text>
</song>