<song>
  <meta>
    <id>111859</id>
    <date>
      <year-start>1875</year-start>
      <year-end>1875</year-end>
    </date>
    <location>
      <orginal-name>leiden</orginal-name>
      <standard-name>Leiden, The Netherlands</standard-name>
      <coordinates>
        <lon>52.1598645</lon>
        <lat>4.4824271</lat>
      </coordinates>
    </location>
    <tags>
      <tag standard-name="kinderlied" translation="children's song">kinderlied</tag>
    </tags>
    <melody>Ma Normandie</melody>
    <categories>
      <category translation="children">kinderen</category>
    </categories>
  <author>Anonymous</author></meta>
  <text>
    <lg type="song">
      <lg id="s1" type="stanza">
        <l id="s1:l1">'Eilieve, Nicht! wat moet ik hooren?'</l>
        <l id="s1:l2">- Zegt Tante, een maagd van zestig jaar,</l>
        <l id="s1:l3">'laat gij door 't manvolk u bekoren,</l>
        <l id="s1:l4">en haakt ge reeds naar 't echtaltaar?</l>
        <l id="s1:l5">Een kleuter, nauw der school ontwassen,</l>
        <l id="s1:l6">denkt al aan trouwen! ..... Booze tijd!</l>
        <l id="s1:l7">'k Vrees, weet men er niet op te pas-sen,</l>
        <l id="s1:l8">men eer-lang in de wieg al vrijt.'</l>
      </lg>
      <lg id="s2" type="stanza">
        <l id="s2:l1">'Nu, sluip niet weg; hoor nog een woordje;</l>
        <l id="s2:l2">Denk, dat het tot uw best verstrekt: -</l>
        <l id="s2:l3">Wat hangt daar aan dat zijden koordje,</l>
        <l id="s2:l4">Dat gij zoo met de hand bedekt?....</l>
        <l id="s2:l5">Hoe! een portret? een manlijk wezen,</l>
        <l id="s2:l6">Gevat in een' vergulden rand?</l>
        <l id="s2:l7">Maria! 'k moet het ergste vreezen,</l>
        <l id="s2:l8">'t Is waarlijk van een' Luitenant!'</l>
      </lg>
      <lg id="s3" type="stanza">
        <l id="s3:l1">'Hoe komt ge er toe? Die epauletten</l>
        <l id="s3:l2">Verleiden thans wat jonge li&#234;n!</l>
        <l id="s3:l3">Maar 'k zal dien gouden tor beletten,</l>
        <l id="s3:l4">U ooit of immer weer te zien!</l>
        <l id="s3:l5">Als Argus zal ik u bewaken,</l>
        <l id="s3:l6">En komt hij hier, die looze vos,</l>
        <l id="s3:l7">Hij moog' zijn testament dan maken;</l>
        <l id="s3:l8">Den bulhond laat ik op hem los.'</l>
      </lg>
      <lg id="s4" type="stanza">
        <l id="s4:l1">Een vuurgloed kleurt Maria's wangen:</l>
        <l id="s4:l2">Zij beeft van angst, gelijk een riet,</l>
        <l id="s4:l3">Verbergt een briefje, juist ontvangen,</l>
        <l id="s4:l4">Uit vrees, dat Tante 't moog'lijk ziet.</l>
        <l id="s4:l5">Zij smeekt God Amor om ontfermen,</l>
        <l id="s4:l6">Die, diep bewogen met het kind,</l>
        <l id="s4:l7">Me&#234;warig luistert naar heur kermen,</l>
        <l id="s4:l8">En Tante's oogen stil verblindt.</l>
      </lg>
      <lg id="s5" type="stanza">
        <l id="s5:l1">Zoo kon die 't briefje niet ontdekken</l>
        <l id="s5:l2">Dien liefdebode van den held, -</l>
        <l id="s5:l3">Die, in met bloed geschreven trekken,</l>
        <l id="s5:l4">Het uurtje der bijeenkomst meldt.</l>
        <l id="s5:l5">Wie, meisjes! zal de strijd hier winnen?</l>
        <l id="s5:l6">Houdt gij het op Maria's hand?</l>
        <l id="s5:l7">Ja, 't lot dient hen die trouw beminnen:</l>
        <l id="s5:l8">Het Nichtje krijgt haar' Luitenant.</l>
      </lg>
    </lg>
  </text>
</song>