<song>
  <meta>
    <id>118790</id>
    <date>
      <year-start>1732</year-start>
      <year-end>1732</year-end>
    </date>
    <location>
      <orginal-name>groningen</orginal-name>
      <standard-name>Groningen, The Netherlands</standard-name>
      <coordinates>
        <lon>53.2190652</lon>
        <lat>6.5680077</lat>
      </coordinates>
    </location>
    <tags>
      <tag standard-name="bespiegelend lied" translation="reflective song">bespiegelend lied</tag>
    </tags>
    <melody>Psalm 100 Datheen</melody>
    <categories>
      <category translation="religion">godsdienst</category>
    </categories>
  <author>Alle Dercks</author></meta>
  <text>
    <lg type="song">
      <lg id="s1" type="stanza">
        <l id="s1:l1">ALs ik des Werelds doen ter deeg,</l>
        <l id="s1:l2">In mijnder herten overweeg,</l>
        <l id="s1:l3">Niet is 'er dat my meer behaegt,</l>
        <l id="s1:l4">Dan dat men zich Godvruchtig draegt.</l>
      </lg>
      <lg id="s2" type="stanza">
        <l id="s2:l1">Want al dat hier beneden leid;</l>
        <l id="s2:l2">Vergaet, en is slechts ydelheyd;</l>
        <l id="s2:l3">Maer die sijn hert na boven stuurd</l>
        <l id="s2:l4">Die vind een goed dat eeuwig duurd.</l>
      </lg>
      <lg id="s3" type="stanza">
        <l id="s3:l1">Prijswaardig is de jonge jeugd,</l>
        <l id="s3:l2">In wien de lust ontsteekt tot deugd,</l>
        <l id="s3:l3">Die steeds het oog op Christus slaan,</l>
        <l id="s3:l4">Waar door sy recht ten Hemel gaan.</l>
      </lg>
      <lg id="s4" type="stanza">
        <l id="s4:l1">Die zo een lust in zich gevoeld,</l>
        <l id="s4:l2">En nergens als na boven doeld,</l>
        <l id="s4:l3">Die heeft gantsch niets met d' aard in 't zin:</l>
        <l id="s4:l4">Maer houd de Heer voor zijn gewin.</l>
      </lg>
      <lg id="s5" type="stanza">
        <l id="s5:l1">O! dat die lust nooit op en hiel,</l>
        <l id="s5:l2">Tot rust en troost van mijne ziel,</l>
        <l id="s5:l3">En tot mijn Heilands lof en eer!</l>
        <l id="s5:l4">O God! dit is al mijn begeer.</l>
      </lg>
    </lg>
  </text>
</song>