<song>
  <meta>
    <id>118797</id>
    <date>
      <year-start>1732</year-start>
      <year-end>1732</year-end>
    </date>
    <location>
      <orginal-name>groningen</orginal-name>
      <standard-name>Groningen, The Netherlands</standard-name>
      <coordinates>
        <lon>53.2190652</lon>
        <lat>6.5680077</lat>
      </coordinates>
    </location>
    <tags>
      <tag standard-name="bespiegelend lied" translation="reflective song">bespiegelend lied</tag>
    </tags>
    <melody>Psalm 004 Datheen</melody>
    <categories>
      <category translation="religion">godsdienst</category>
    </categories>
  <author>Alle Dercks</author></meta>
  <text>
    <lg type="song">
      <lg id="s1" type="stanza">
        <l id="s1:l1">GOe vrienden! die met liefde treden,</l>
        <l id="s1:l2">Met uw geselschap zijt genaakt;</l>
        <l id="s1:l3">Met ziel-verquikkelijke reden,</l>
        <l id="s1:l4">Met ernst en vuurige gebeden</l>
        <l id="s1:l5">Ons hart zo sticht'lijk hebt vermaakt:</l>
        <l id="s1:l6">En nu met onderlinge smarten,</l>
        <l id="s1:l7">Na d' aardse wooning we'er zult gaan:</l>
        <l id="s1:l8">Laat hier u welgenegen harten,</l>
        <l id="s1:l9">So willen wy uw liefde tarten,</l>
        <l id="s1:l10">En in de liefd niet laager staan.</l>
      </lg>
      <lg id="s2" type="stanza">
        <l id="s2:l1">Hebt gy iets zoets by ons bevonden,</l>
        <l id="s2:l2">Aan uw gemoeden opgedist;</l>
        <l id="s2:l3">Om die met yver te doorwonden,</l>
        <l id="s2:l4">Om God te dienen t' aller stonden:</l>
        <l id="s2:l5">'t Had zonder uwe komst gemist.</l>
        <l id="s2:l6">Dus hebt gy 't zelfs ons komen b'rechten,</l>
        <l id="s2:l7">Wy weten 't dank aan uw bezoek.</l>
        <l id="s2:l8">Maar breng hier na wat meer gerechten.</l>
        <l id="s2:l9">Laat ons om d' overwinning vechten,</l>
        <l id="s2:l10">Wie tot meer stichting zich bekloek.</l>
      </lg>
      <lg id="s3" type="stanza">
        <l id="s3:l1">Den tijd is lieffelijk versleeten,</l>
        <l id="s3:l2">Met ernst en stichting doorgebragt.</l>
        <l id="s3:l3">Laat ons malkander nooit vergeeten.</l>
        <l id="s3:l4">En 't Geest'lijk voedzel altijd eeten,</l>
        <l id="s3:l5">Met ongescheiden zielen kracht</l>
        <l id="s3:l6">Laat ons , als 't lichaam is gescheiden,</l>
        <l id="s3:l7">En elk we'er in zijn huys gekeerd,</l>
        <l id="s3:l8">d' Opwekking trachten mee te leiden,</l>
        <l id="s3:l9">Om nimmer met het hart te scheiden,</l>
        <l id="s3:l10">Gelijk ons' Heer ons heeft geleerd.</l>
      </lg>
      <lg id="s4" type="stanza">
        <l id="s4:l1">Laat dit toch al onz' poogen weezen:</l>
        <l id="s4:l2">Want als 't al we'er het oude wierd,</l>
        <l id="s4:l3">Hou zou men niet met reden vreezen,</l>
        <l id="s4:l4">Dat ons de Wereld zal beleezen,</l>
        <l id="s4:l5">Dat haar de toom weer werd gevierd</l>
        <l id="s4:l6">Laat ons dan altijd zaamen reizen,</l>
        <l id="s4:l7">Langs 't smalle pad, door d' enge poort,</l>
        <l id="s4:l8">Naar 's Hemels vrolijke paleizen,</l>
        <l id="s4:l9">Daar d' afscheids wensch, zo meenig reizen,</l>
        <l id="s4:l10">Als hier, nooit werden zal gehoord.</l>
      </lg>
    </lg>
  </text>
</song>