<song>
  <meta>
    <id>118838</id>
    <date>
      <year-start>1732</year-start>
      <year-end>1732</year-end>
    </date>
    <location>
      <orginal-name>groningen</orginal-name>
      <standard-name>Groningen, The Netherlands</standard-name>
      <coordinates>
        <lon>53.2190652</lon>
        <lat>6.5680077</lat>
      </coordinates>
    </location>
    <tags>
      <tag standard-name="bespiegelend lied" translation="reflective song">bespiegelend lied</tag>
    </tags>
    <melody>Psalm 118 Datheen</melody>
    <categories>
      <category translation="religion">godsdienst</category>
    </categories>
  <author>Alle Dercks</author></meta>
  <text>
    <lg type="song">
      <lg id="s1" type="stanza">
        <l id="s1:l1">REcht op, mijn ziel, uit al uw krachten</l>
        <l id="s1:l2">Een Denk-pijlaar ter eeren Gods,</l>
        <l id="s1:l3">Met het bespieg'len, en betrachten,</l>
        <l id="s1:l4">Van zijne liefde, door den Rots</l>
        <l id="s1:l5">Des Heyls, Gods waarde Zoon, bewesen:</l>
        <l id="s1:l6">Daar vloeid genade op gena,</l>
        <l id="s1:l7">Zo laag gedaald, en hoog gereesen,</l>
        <l id="s1:l8">Onmeetlijk zonder wederga</l>
      </lg>
      <lg id="s2" type="stanza">
        <l id="s2:l1">Hoe diep daald Godes liefde neder,</l>
        <l id="s2:l2">Wijl z' een gevallen aardworm red!</l>
        <l id="s2:l3">Hoe hemel-hoog stijgt die dan weder,</l>
        <l id="s2:l4">Wijl s' hem, verheerlijkt, by God zet!</l>
        <l id="s2:l5">Haar lengte heeft nog maat nog palen,</l>
        <l id="s2:l6">Wijl s' hem by 't eeuwig heil bewaard.</l>
        <l id="s2:l7">Haar breedte spreid alomm' haar stralen</l>
        <l id="s2:l8">Aan alle menschen op der aard.</l>
      </lg>
      <lg id="s3" type="stanza">
        <l id="s3:l1">Daar is 't dat God zijn hand', en armen</l>
        <l id="s3:l2">Van liefde, en van goedigheid,</l>
        <l id="s3:l3">Uit louter innerlijk ontfarmen,</l>
        <l id="s3:l4">Heeft over 't menschdom uitgebreid;</l>
        <l id="s3:l5">Zijn ingewanden als ontsloten,</l>
        <l id="s3:l6">'t Gena-tresoor wijd opgedaan,</l>
        <l id="s3:l7">Haar, naar verdiensten, niet verstoten,</l>
        <l id="s3:l8">Maar onverdiend in gunst ontfaan.</l>
      </lg>
      <lg id="s4" type="stanza">
        <l id="s4:l1">O grote liefde Gods! wiens grootheid,</l>
        <l id="s4:l2">Gantsch wonderbaar, nog meer vergroot,</l>
        <l id="s4:l3">Indien de vyandschap en snoodheid</l>
        <l id="s4:l4">Van 't Menschdom, straf baar tot der dood,</l>
        <l id="s4:l5">Bemerkt word; dat God deez' vyanden,</l>
        <l id="s4:l6">Door zin der boosheid, zijn ellend,</l>
        <l id="s4:l7">Nochtans voor haar zijn ingewanden</l>
        <l id="s4:l8">Van deernis opend, tot haar wend.</l>
      </lg>
      <lg id="s5" type="stanza">
        <l id="s5:l1">Mijn Ziele, wil deez' groote zegen,</l>
        <l id="s5:l2">En liefde, die geen weerga heeft,</l>
        <l id="s5:l3">Uw leeven door wel overweegen;</l>
        <l id="s5:l4">Op dat gy God die eere geeft,</l>
        <l id="s5:l5">Dat hy is d' alleen goeden Vader,</l>
        <l id="s5:l6">Die, schoon hoe haatlijk gy ook waard,</l>
        <l id="s5:l7">En afgeweken, tot u nader,</l>
        <l id="s5:l8">En u zijn liefde heeft verklaard.</l>
      </lg>
      <lg id="s6" type="stanza">
        <l id="s6:l1">Wat is de mensch, o God der Goden?</l>
        <l id="s6:l2">Dat gy nog aan den aardworm denkt,</l>
        <l id="s6:l3">Wiens dienst gy niet en hebt van noden,</l>
        <l id="s6:l4">Dien gy zo hoog met gunst beschenkt,</l>
        <l id="s6:l5">Al waar hy by u vry wat waardig,</l>
        <l id="s6:l6">Daar hy uit zich niet is al Niet.</l>
        <l id="s6:l7">En, nog door zonden onregtvaardig,</l>
        <l id="s6:l8">Geworden een verdoemlijk iet.</l>
      </lg>
    </lg>
  </text>
</song>