<song>
  <meta>
    <id>118833</id>
    <date>
      <year-start>1732</year-start>
      <year-end>1732</year-end>
    </date>
    <location>
      <orginal-name>groningen</orginal-name>
      <standard-name>Groningen, The Netherlands</standard-name>
      <coordinates>
        <lon>53.2190652</lon>
        <lat>6.5680077</lat>
      </coordinates>
    </location>
    <tags>
      <tag standard-name="bespiegelend lied" translation="reflective song">bespiegelend lied</tag>
      <tag standard-name="vermaanlied" translation="admonitory song">vermaanlied</tag>
    </tags>
    <melody>Psalm 091 Datheen</melody>
    <categories>
      <category translation="religion">godsdienst</category>
    </categories>
  <author>Alle Dercks</author></meta>
  <text>
    <lg type="song">
      <lg id="s1" type="stanza">
        <l id="s1:l1">O Lieve Ieugd! hoe komt het toe,</l>
        <l id="s1:l2">Dat gy dus gaat vertragen,</l>
        <l id="s1:l3">En eer gy schier begint, zijt moe,</l>
        <l id="s1:l4">Om Christus jok te dragen!</l>
        <l id="s1:l5">Mijn ziel uw zaligheid bemind,</l>
        <l id="s1:l6">Ik ben tot u genegen.</l>
        <l id="s1:l7">Ik bid u ga niet ziende blind</l>
        <l id="s1:l8">Verkeerde quaade wegen.</l>
      </lg>
      <lg id="s2" type="stanza">
        <l id="s2:l1">Noch hier u ook niet en betroud</l>
        <l id="s2:l2">Op kracht noch jonge jaren.</l>
        <l id="s2:l3">Denk eens hoe weinig worden oud.</l>
        <l id="s2:l4">Maar jong en snel heen varen.</l>
        <l id="s2:l5">Zie hoe de Heer met groot geduld</l>
        <l id="s2:l6">U roept met groot verlangen!</l>
        <l id="s2:l7">Dat gy hem eenmaal dienen zult;</l>
        <l id="s2:l8">Ei spoei wat meer uw gangen.</l>
      </lg>
      <lg id="s3" type="stanza">
        <l id="s3:l1">En zeg toch niet, het is te vroo,</l>
        <l id="s3:l2">Ik ben te jong van zinnen,</l>
        <l id="s3:l3">'t Verstand te klein, natuur te bloo,</l>
        <l id="s3:l4">Ik kan 't noch niet beginnen.</l>
        <l id="s3:l5">Of ook de Wereld is te zoet,</l>
        <l id="s3:l6">Ik lust haar niet te laten:</l>
        <l id="s3:l7">Maar jeugd wanneer gy van hier moet</l>
        <l id="s3:l8">Wat meind gy, zal 't u baten?</l>
      </lg>
      <lg id="s4" type="stanza">
        <l id="s4:l1">Dat gy op klein verstand, of jeugd,</l>
        <l id="s4:l2">U nu gaat excuseeren,</l>
        <l id="s4:l3">Als God ontzeid u 's hemels vreugd,</l>
        <l id="s4:l4">Hoe zal het u dan deeren,</l>
        <l id="s4:l5">Dat gy u tijd van jaar tot jaar</l>
        <l id="s4:l6">Hier dus hebt gaan uitstellen?</l>
        <l id="s4:l7">Och denk hoe droevig ende naar</l>
        <l id="s4:l8">Zal 't wesen in der helle.</l>
      </lg>
      <lg id="s5" type="stanza">
        <l id="s5:l1">Wanneer Gods tooren overgroot</l>
        <l id="s5:l2">Gelijk een vier zal branden:</l>
        <l id="s5:l3">De droefheid, angst en grote nood,</l>
        <l id="s5:l4">Het wringen in de handen,</l>
        <l id="s5:l5">Dat daar den zondaar is bereid,</l>
        <l id="s5:l6">Is schier niet om te denken,</l>
        <l id="s5:l7">In aller eeuwen eeuwigheid</l>
        <l id="s5:l8">In 'd afgrond te versinken.</l>
      </lg>
      <lg id="s6" type="stanza">
        <l id="s6:l1">Dus jeugd, wanneer God roept, sta ree,</l>
        <l id="s6:l2">En dien hem doch ter deegen,</l>
        <l id="s6:l3">Of gy zult dan in t' eeuwig wee</l>
        <l id="s6:l4">Op 't hoogste zijn verlegen.</l>
        <l id="s6:l5">Daarom zo haat dit ydel spel,</l>
        <l id="s6:l6">Als liegen, boertig spreken,</l>
        <l id="s6:l7">Want immers, zo verstaat gy wel,</l>
        <l id="s6:l8">Dat dit zijn qua'e gebreken.</l>
      </lg>
    </lg>
  </text>
</song>