<song>
  <meta>
    <id>118826</id>
    <date>
      <year-start>1732</year-start>
      <year-end>1732</year-end>
    </date>
    <location>
      <orginal-name>groningen</orginal-name>
      <standard-name>Groningen, The Netherlands</standard-name>
      <coordinates>
        <lon>53.2190652</lon>
        <lat>6.5680077</lat>
      </coordinates>
    </location>
    <tags>
      <tag standard-name="bespiegelend lied" translation="reflective song">bespiegelend lied</tag>
      <tag standard-name="gebedslied" translation="prayer">gebedslied</tag>
    </tags>
    <melody>Psalm 103 Datheen</melody>
    <categories>
      <category translation="religion">godsdienst</category>
    </categories>
  <author>Alle Dercks</author></meta>
  <text>
    <lg type="song">
      <lg id="s1" type="stanza">
        <l id="s1:l1">O! Alleen goede God, die nooit volpresen,</l>
        <l id="s1:l2">De oorsprong zijt, en stut, van wat in wesen,</l>
        <l id="s1:l3">Of was, of is, of namaals noch zijn sal,</l>
        <l id="s1:l4">Ik hef mijn hert in nedrigheid na boven,</l>
        <l id="s1:l5">Om U, mijn heil, met dankbaarheid te loven,</l>
        <l id="s1:l6">Voor uwe gunst, so groot, en sonder tal.</l>
      </lg>
      <lg id="s2" type="stanza">
        <l id="s2:l1">Wil noch een gunst aan my by al die schenken,</l>
        <l id="s2:l2">Dat 's om uw gunst geduurig, Heer, te denken,</l>
        <l id="s2:l3">Niet slegts ter vlugt, noch overlopen wijs;</l>
        <l id="s2:l4">Maar met een hert dat vol verwonderingen,</l>
        <l id="s2:l5">Van uwe liefd', al zijn bespiegelingen</l>
        <l id="s2:l6">Alleen besteed tot uwe eer en prijs.</l>
      </lg>
      <lg id="s3" type="stanza">
        <l id="s3:l1">Wat voorwerp Heer staat nutter my t' aanschouwen</l>
        <l id="s3:l2">Als uwe liefd' die 't alles moet behouden?</l>
        <l id="s3:l3">Zo ik die maar houw waardiglijk in 't hert,</l>
        <l id="s3:l4">En laat mijn ziel tot wederliefd' ontfonken,</l>
        <l id="s3:l5">Van my ontzelft, in u, mijn heil, versonken,</l>
        <l id="s3:l6">Dan gaat het wis dat ik behouden werd.</l>
      </lg>
      <lg id="s4" type="stanza">
        <l id="s4:l1">Kom my te hulp, gy kent mijn onvermogen,</l>
        <l id="s4:l2">O heil-fontein! zijt dan tot my bewogen,</l>
        <l id="s4:l3">Uw liefde zy mijn liefde tot een stut.</l>
        <l id="s4:l4">Want zonder u derf ik my niet betrouwen.</l>
        <l id="s4:l5">Hou u aan my, om u aan my te houwen</l>
        <l id="s4:l6">Zo eer ik u met 't allerhoogste nut.</l>
      </lg>
    </lg>
  </text>
</song>