<song>
  <meta>
    <id>118830</id>
    <date>
      <year-start>1732</year-start>
      <year-end>1732</year-end>
    </date>
    <location>
      <orginal-name>groningen</orginal-name>
      <standard-name>Groningen, The Netherlands</standard-name>
      <coordinates>
        <lon>53.2190652</lon>
        <lat>6.5680077</lat>
      </coordinates>
    </location>
    <tags>
      <tag standard-name="bespiegelend lied" translation="reflective song">bespiegelend lied</tag>
      <tag standard-name="loflied" translation="praise song">loflied</tag>
    </tags>
    <melody>Psalm 119 Datheen</melody>
    <categories>
      <category translation="religion">godsdienst</category>
    </categories>
  <author>Alle Dercks</author></meta>
  <text>
    <lg type="song">
      <lg id="s1" type="stanza">
        <l id="s1:l1">O God! uw lof zy eeuwig uitgebreid,</l>
        <l id="s1:l2">Uw roem en eer verhoogd in alle landen,</l>
        <l id="s1:l3">In Zion moet uw groote Majesteit</l>
        <l id="s1:l4">Verheerlijkt zijn, met will'ge offerhanden,</l>
        <l id="s1:l5">Niet met het vet, of eenig dieren bloed,</l>
        <l id="s1:l6">Maar herten, die in yver vuurig branden.</l>
      </lg>
      <lg id="s2" type="stanza">
        <l id="s2:l1">O Heer! ontsteek in ons al zulken gloed.</l>
        <l id="s2:l2">Doe ons gemoed in yver vuurig blaken,</l>
        <l id="s2:l3">Laat onse ziel dat aldersoetste zoet,</l>
        <l id="s2:l4">'t Waar Hemels brood 't verborgen manna smaken</l>
        <l id="s2:l5">Dat wy verheugd met vreugd uw lof en eer,</l>
        <l id="s2:l6">Uw liefd' en trouw, en goedheid ken'lijk maken.</l>
      </lg>
      <lg id="s3" type="stanza">
        <l id="s3:l1">Uw grote macht en wijsheid blijkt, o Heer!</l>
        <l id="s3:l2">Wanneer m' aanmerkt de schepping aller dingen.</l>
        <l id="s3:l3">Uw goedheid vloeid tot alle schepsels ne'er.</l>
        <l id="s3:l4">Uw gunst bestraald den Mensch zo zonderlinge</l>
        <l id="s3:l5">Met vriend'lijkheid en liefd in d' hoogste graad;</l>
        <l id="s3:l6">Die wie u lof met voller herten zingen.</l>
      </lg>
      <lg id="s4" type="stanza">
        <l id="s4:l1">Grootmachtig Heer! in wien het al bestaet,</l>
        <l id="s4:l2">Die zijt, en waart, en wederom zult komen,</l>
        <l id="s4:l3">De eer uws naams door alle landen gaat.</l>
        <l id="s4:l4">Uw heerlijkheid doorvloei met volle stromen</l>
        <l id="s4:l5">Dit groote rond. Dat nimmer ondergaat</l>
        <l id="s4:l6">Het licht uws geests; tot heil en troost der vromen.</l>
      </lg>
      <lg id="s5" type="stanza">
        <l id="s5:l1">Uw roem zy steeds in onse hert en mond,</l>
        <l id="s5:l2">Om uwen naam te loven en te prijsen.</l>
        <l id="s5:l3">Wy danken u, O Heer! uit 's herten grond,</l>
        <l id="s5:l4">En willen u met lofzang eer bewijsen.</l>
        <l id="s5:l5">Uw mogentheid en goedheid maken kond,</l>
        <l id="s5:l6">Zo lang het licht zal aan den Hemel rijsen.</l>
      </lg>
    </lg>
  </text>
</song>