<song>
  <meta>
    <id>118825</id>
    <date>
      <year-start>1732</year-start>
      <year-end>1732</year-end>
    </date>
    <location>
      <orginal-name>groningen</orginal-name>
      <standard-name>Groningen, The Netherlands</standard-name>
      <coordinates>
        <lon>53.2190652</lon>
        <lat>6.5680077</lat>
      </coordinates>
    </location>
    <tags>
      <tag standard-name="bespiegelend lied" translation="reflective song">bespiegelend lied</tag>
      <tag standard-name="vermaanlied" translation="admonitory song">vermaanlied</tag>
    </tags>
    <melody>Psalm 068 Datheen</melody>
    <categories>
      <category translation="religion">godsdienst</category>
    </categories>
  <author>Alle Dercks</author></meta>
  <text>
    <lg type="song">
      <lg id="s1" type="stanza">
        <l id="s1:l1">O Aardeworm! verhef uw oog</l>
        <l id="s1:l2">Van 't nietig stof, en zie om hoog,</l>
        <l id="s1:l3">Den Hemel kom beschouwen.</l>
        <l id="s1:l4">Sie na uw huis en vaderland,</l>
        <l id="s1:l5">'t Welk God door zijn sterke hand</l>
        <l id="s1:l6">Dus cierelijk ging bouwen;</l>
        <l id="s1:l7">Daar boven in Gods heerlijkheid,</l>
        <l id="s1:l8">Daar is de rust en vreugd bereid,</l>
        <l id="s1:l9">Daar is een zalig leeven,</l>
        <l id="s1:l10">Een leeven zonder nood of dood.</l>
        <l id="s1:l11">Waar is een goed of zoet zo groot,</l>
        <l id="s1:l12">Dat God daar niet zal geeven?</l>
      </lg>
      <lg id="s2" type="stanza">
        <l id="s2:l1">Daar is de stad so schoon geboud,</l>
        <l id="s2:l2">Wiens straaten sijn van suiver goud,</l>
        <l id="s2:l3">De poorten en haar muuren</l>
        <l id="s2:l4">Van paar'l en eed'le steenen sijn;</l>
        <l id="s2:l5">Daar hoeft geen zon of maane-schijn,</l>
        <l id="s2:l6">Haar licht sal eeuwig duuren.</l>
        <l id="s2:l7">Daar is geen sond noch ellend meer.</l>
        <l id="s2:l8">Alles in allen is de Heer</l>
        <l id="s2:l9">Voor sijne Hemelingen;</l>
        <l id="s2:l10">Die eeuw'lijk sijn voor sijnen throon,</l>
        <l id="s2:l11">Met een volmaakt Hemel-toon</l>
        <l id="s2:l12">Halleluja staan singen.</l>
      </lg>
      <lg id="s3" type="stanza">
        <l id="s3:l1">Waarom, o Mensch! dan dus gewroet?</l>
        <l id="s3:l2">Waarom so laage van gemoed?</l>
        <l id="s3:l3">Is uwen schat op aarden?</l>
        <l id="s3:l4">O neen! het alderhoogste goed,</l>
        <l id="s3:l5">Daar eens uw ziel op rusten moet,</l>
        <l id="s3:l6">Oneindig groot van waarden,</l>
        <l id="s3:l7">Is in den Hemel weggeleid</l>
        <l id="s3:l8">Door Iesus zelfs voor ons bereid.</l>
        <l id="s3:l9">Wel aan de ziel om hooge!</l>
        <l id="s3:l10">Vergeet dat hier beneden is,</l>
        <l id="s3:l11">Daar boven is uw erffenis,</l>
        <l id="s3:l12">Heer daar uw hert en ooge.</l>
      </lg>
    </lg>
  </text>
</song>