<song>
  <meta>
    <id>118810</id>
    <date>
      <year-start>1732</year-start>
      <year-end>1732</year-end>
    </date>
    <location>
      <orginal-name>groningen</orginal-name>
      <standard-name>Groningen, The Netherlands</standard-name>
      <coordinates>
        <lon>53.2190652</lon>
        <lat>6.5680077</lat>
      </coordinates>
    </location>
    <tags>
      <tag standard-name="bespiegelend lied" translation="reflective song">bespiegelend lied</tag>
      <tag standard-name="gebedslied" translation="prayer">gebedslied</tag>
    </tags>
    <melody>Lofzang van Maria</melody>
    <categories>
      <category translation="religion">godsdienst</category>
    </categories>
  <author>Alle Dercks</author></meta>
  <text>
    <lg type="song">
      <lg id="s1" type="stanza">
        <l id="s1:l1">KOm Iesus Godes Zoon,</l>
        <l id="s1:l2">Kom Heer van alle Goo'n,</l>
        <l id="s1:l3">Doorwond mijn ziel van binnen,</l>
        <l id="s1:l4">Op dat ik vry van zond',</l>
        <l id="s1:l5">Uit mijner zielen grond</l>
        <l id="s1:l6">U vuurig mag beminnen.</l>
      </lg>
      <lg id="s2" type="stanza">
        <l id="s2:l1">O ware zielen rust!</l>
        <l id="s2:l2">O bron van alle lust!</l>
        <l id="s2:l3">O rijkdom der genade!</l>
        <l id="s2:l4">Geef dat ik om uw min</l>
        <l id="s2:l5">En kennis, al 't gewin</l>
        <l id="s2:l6">Des Werelds acht voor schade.</l>
      </lg>
      <lg id="s3" type="stanza">
        <l id="s3:l1">O volheid alles goeds!</l>
        <l id="s3:l2">O Sonne mijns gemoeds!</l>
        <l id="s3:l3">O Iesus mijn beminde!</l>
        <l id="s3:l4">Send in mijn ziel een blik</l>
        <l id="s3:l5">Uws klaarheids, op dat ik</l>
        <l id="s3:l6">U zoekende mag vinden.</l>
      </lg>
      <lg id="s4" type="stanza">
        <l id="s4:l1">O waarde Bruidegom!</l>
        <l id="s4:l2">O zoete Iesus! kom,</l>
        <l id="s4:l3">Kom nooit genoeg verheven,</l>
        <l id="s4:l4">Trek my uit 's Werelds slijk,</l>
        <l id="s4:l5">En doe my eeuwiglijk</l>
        <l id="s4:l6">In vreugde by U leven.</l>
      </lg>
    </lg>
  </text>
</song>