<song>
  <meta>
    <id>118808</id>
    <date>
      <year-start>1732</year-start>
      <year-end>1732</year-end>
    </date>
    <location>
      <orginal-name>groningen</orginal-name>
      <standard-name>Groningen, The Netherlands</standard-name>
      <coordinates>
        <lon>53.2190652</lon>
        <lat>6.5680077</lat>
      </coordinates>
    </location>
    <tags>
      <tag standard-name="bespiegelend lied" translation="reflective song">bespiegelend lied</tag>
      <tag standard-name="gebedslied" translation="prayer">gebedslied</tag>
    </tags>
    <melody>Psalm 038 Datheen</melody>
    <categories>
      <category translation="religion">godsdienst</category>
    </categories>
  <author>Alle Dercks</author></meta>
  <text>
    <lg type="song">
      <lg id="s1" type="stanza">
        <l id="s1:l1">IK, door liefde gants ontsteken,</l>
        <l id="s1:l2">Kom u smeken</l>
        <l id="s1:l3">Hem die mijne ziel bemind:</l>
        <l id="s1:l4">'t Is mijn vriend zo overschone,</l>
        <l id="s1:l5">'t Is Gods Zone,</l>
        <l id="s1:l6">Daar in zy genoegen vind.</l>
      </lg>
      <lg id="s2" type="stanza">
        <l id="s2:l1">By, door kracht uws Geestes woorde,</l>
        <l id="s2:l2">My bekoorde,</l>
        <l id="s2:l3">Dat ik my U overgaf.</l>
        <l id="s2:l4">Och ik was ter dood verweesen,</l>
        <l id="s2:l5">'k Ben verresen</l>
        <l id="s2:l6">Door u uit des zondes graf.</l>
      </lg>
      <lg id="s3" type="stanza">
        <l id="s3:l1">Toen Gy my van nieuws woud geven</l>
        <l id="s3:l2">Kracht ten leven,</l>
        <l id="s3:l3">Dwong tot U mijn hert en zin:</l>
        <l id="s3:l4">Toen wierd ik ontlast van schromen,</l>
        <l id="s3:l5">Want volkomen</l>
        <l id="s3:l6">Zwoerd Gy my uw trouwe min.</l>
      </lg>
      <lg id="s4" type="stanza">
        <l id="s4:l1">Want in U ik, mijn beminde!</l>
        <l id="s4:l2">Alles vinde</l>
        <l id="s4:l3">'t Geen tot rust en vrede diend.</l>
        <l id="s4:l4">'k Weet, ik ben uw liefd niet waardig;</l>
        <l id="s4:l5">Gy goedaardig</l>
        <l id="s4:l6">Hebt gy uwe gunst verliend.</l>
      </lg>
      <lg id="s5" type="stanza">
        <l id="s5:l1">Och hoe lang zal ik hier zwerven,</l>
        <l id="s5:l2">En u derven,</l>
        <l id="s5:l3">Zonder u mijn God te zien!</l>
        <l id="s5:l4">Mijne ziel, zo vaak verschooven,</l>
        <l id="s5:l5">Wil na boven,</l>
        <l id="s5:l6">Zo zy konde, by u vli'en.</l>
      </lg>
      <lg id="s6" type="stanza">
        <l id="s6:l1">Gy zijt altijd in mijn herte</l>
        <l id="s6:l2">Tot mijn smerte</l>
        <l id="s6:l3">Zie ik stadig na u om.</l>
        <l id="s6:l4">Och mocht ik tot mijn vermaaken</l>
        <l id="s6:l5">By u raaken,</l>
        <l id="s6:l6">Iesus Heer mijn Bruidegom!</l>
      </lg>
    </lg>
  </text>
</song>