<song>
  <meta>
    <id>118805</id>
    <date>
      <year-start>1732</year-start>
      <year-end>1732</year-end>
    </date>
    <location>
      <orginal-name>groningen</orginal-name>
      <standard-name>Groningen, The Netherlands</standard-name>
      <coordinates>
        <lon>53.2190652</lon>
        <lat>6.5680077</lat>
      </coordinates>
    </location>
    <tags>
      <tag standard-name="bespiegelend lied" translation="reflective song">bespiegelend lied</tag>
    </tags>
    <melody>Psalm 042 Datheen</melody>
    <categories>
      <category translation="religion">godsdienst</category>
    </categories>
  <author>Alle Dercks</author></meta>
  <text>
    <lg type="song">
      <lg id="s1" type="stanza">
        <l id="s1:l1">JEsus, bron van alle goedheid,</l>
        <l id="s1:l2">Lust en leven van mijn ziel,</l>
        <l id="s1:l3">Iesus, zoet van alle zoetheid,</l>
        <l id="s1:l4">Die noot minnaar troost onthiel,</l>
        <l id="s1:l5">O hoe heerlijk is het goed,</l>
        <l id="s1:l6">Dat gy voor my open doet.</l>
        <l id="s1:l7">O hoe is mijn geest aan 't blaaken,</l>
        <l id="s1:l8">Om uw zaal'ge liefd' te smaaken.</l>
      </lg>
      <lg id="s2" type="stanza">
        <l id="s2:l1">'k Ben van u versocht te naad'ren</l>
        <l id="s2:l2">Tot uw heilig liefde-maal,</l>
        <l id="s2:l3">Daar zig oop'nen al uw aad'ren,</l>
        <l id="s2:l4">Tot een Goddelijk onthaal,</l>
        <l id="s2:l5">Vreugde die het herte raakt,</l>
        <l id="s2:l6">Vreugde die men eeuwig smaakt,</l>
        <l id="s2:l7">En veel meer ik kan bedenken,</l>
        <l id="s2:l8">Wilt gy goedste Heer my schenken.</l>
      </lg>
      <lg id="s3" type="stanza">
        <l id="s3:l1">Iesus Heer, mijn lust, mijn leeven,</l>
        <l id="s3:l2">Borge, Heiland eeuw'ge rom,</l>
        <l id="s3:l3">Die uw zelve hebt gegeven</l>
        <l id="s3:l4">Aan my, tot een eygendom.</l>
        <l id="s3:l5">O mijn eeuwig welgevall'!</l>
        <l id="s3:l6">O mijn alvernoegend' Al!</l>
        <l id="s3:l7">Gy, gy zijt al mijn vermaaken,</l>
        <l id="s3:l8">Mocht ik u maar eeuwig smaken.</l>
      </lg>
      <lg id="s4" type="stanza">
        <l id="s4:l1">Och ik zugt, ik hijg, ik kerme</l>
        <l id="s4:l2">Al den dag tot U o Heer!</l>
        <l id="s4:l3">Wilt u mijner eens ontfermen,</l>
        <l id="s4:l4">Daal Heer, daal doch tot my neer.</l>
        <l id="s4:l5">O wat voel ik herten-prang!</l>
        <l id="s4:l6">O waar blijft de uur zo lang,</l>
        <l id="s4:l7">Dat mijn ziel zich zal versaden</l>
        <l id="s4:l8">In uw volheid van genaden.</l>
      </lg>
      <lg id="s5" type="stanza">
        <l id="s5:l1">Wellust, schat en staat, en alle</l>
        <l id="s5:l2">Schepsels zijn van geen waardy.</l>
        <l id="s5:l3">Iesus 't eenigst welgevalle,</l>
        <l id="s5:l4">Is alleen het al van my.</l>
        <l id="s5:l5">Was 'er vreugde buiten u,</l>
        <l id="s5:l6">'k Was om U die vreugde schuw,</l>
        <l id="s5:l7">Liever duisend dooden sterven,</l>
        <l id="s5:l8">Als u zoetste Iesus derven.</l>
      </lg>
    </lg>
  </text>
</song>