<song>
  <meta>
    <id>118922</id>
    <date>
      <year-start>1732</year-start>
      <year-end>1732</year-end>
    </date>
    <location>
      <orginal-name>groningen</orginal-name>
      <standard-name>Groningen, The Netherlands</standard-name>
      <coordinates>
        <lon>53.2190652</lon>
        <lat>6.5680077</lat>
      </coordinates>
    </location>
    <tags>
      <tag standard-name="bespiegelend lied" translation="reflective song">bespiegelend lied</tag>
    </tags>
    <melody>Psalm 008 Datheen</melody>
    <categories>
      <category translation="religion">godsdienst</category>
    </categories>
  <author>Alle Dercks</author></meta>
  <text>
    <lg type="song">
      <lg id="s1" type="stanza">
        <l id="s1:l1">WEl op mijn geest, 't is lang genoeg gezwegen,</l>
        <l id="s1:l2">En onder 't jok des arbeids stijf geleegen.</l>
        <l id="s1:l3">Ey! recht u op, en breng nu aan den dag</l>
        <l id="s1:l4">'t Geen, dat uw ziel ten goede dienen mag.</l>
      </lg>
      <lg id="s2" type="stanza">
        <l id="s2:l1">Waar toe getoefd, om u wel te bereiden,</l>
        <l id="s2:l2">Om wel getroost van hier te mogen scheiden?</l>
        <l id="s2:l3">Want zo gy nu noch na den vleesche leeft,</l>
        <l id="s2:l4">God dan aan u gants geen behagen heeft.</l>
      </lg>
      <lg id="s3" type="stanza">
        <l id="s3:l1">Beproef u wel, of gy al zijt herboren</l>
        <l id="s3:l2">Door Godes Geest, in Christus uitverkoren.</l>
        <l id="s3:l3">En of gy voeld, dat hy al in u woond;</l>
        <l id="s3:l4">En gy de deugd uit uw geloof betoond.</l>
      </lg>
      <lg id="s4" type="stanza">
        <l id="s4:l1">Wees 't aller tijd met yver heel ontsteeken,</l>
        <l id="s4:l2">Om tot Gods eer te beet'ren uw gebreeken,</l>
        <l id="s4:l3">En heilig tracht te leven na den Geest,</l>
        <l id="s4:l4">Op dat gy God (veel meer als menschen) vreest.</l>
      </lg>
      <lg id="s5" type="stanza">
        <l id="s5:l1">Vry zo u ziel van 't naar en angstig wroegen.</l>
        <l id="s5:l2">Soek in den Heer u zelven te vernoegen.</l>
        <l id="s5:l3">Noit 's Werelds vreugd, nog rijkdom, staat en eer</l>
        <l id="s5:l4">'t Hert zo vernoegd, als 't leven in den Heer.</l>
      </lg>
    </lg>
  </text>
</song>