<song>
  <meta>
    <id>118909</id>
    <date>
      <year-start>1732</year-start>
      <year-end>1732</year-end>
    </date>
    <location>
      <orginal-name>groningen</orginal-name>
      <standard-name>Groningen, The Netherlands</standard-name>
      <coordinates>
        <lon>53.2190652</lon>
        <lat>6.5680077</lat>
      </coordinates>
    </location>
    <tags>
      <tag standard-name="gezongen onze vader" translation="sung Lord's prayer">gezongen onze vader</tag>
    </tags>
    <melody>Psalm 008 Datheen</melody>
    <categories>
      <category translation="religion">godsdienst</category>
    </categories>
  <author>Alle Dercks</author></meta>
  <text>
    <lg type="song">
      <lg id="s1" type="stanza">
        <l id="s1:l1">WAnneer gy dan wilt storten uw gebeden</l>
        <l id="s1:l2">Voor uwen God gebruykt dan dese reden.</l>
        <l id="s1:l3">O Vader ons, die in den Hemel woont</l>
        <l id="s1:l4">Aen uwen naam zy alle eer betoont:</l>
      </lg>
      <lg id="s2" type="stanza">
        <l id="s2:l1">Uw rijk toekom: uw wille zy van waerde</l>
        <l id="s2:l2">In 't Hemelrijk en ook hier op de aerde.</l>
        <l id="s2:l3">U is bekend ons dagelijksche nood,</l>
        <l id="s2:l4">Geef heden ons ons hedendaegsche brood.</l>
      </lg>
      <lg id="s3" type="stanza">
        <l id="s3:l1">Vergeef ons schuld, gelijk wy ook vergeven</l>
        <l id="s3:l2">Wie dat iets quaets heeft tegen ons bedreven.</l>
        <l id="s3:l3">Leyd ons ook niet in al te zwaren strijd,</l>
        <l id="s3:l4">Maer uyt genaed' ons van het quaed bevrijd.</l>
      </lg>
      <lg id="s4" type="stanza">
        <l id="s4:l1">Rijk, kracht en eer, zijn u in d' eeuwigheden:</l>
        <l id="s4:l2">Laet Amen dan het slot-zijn der gebeden.</l>
        <l id="s4:l3">So vergeeft den menschen, uwe Heer</l>
        <l id="s4:l4">Des Hemels God sal u vergeven weer:</l>
      </lg>
      <lg id="s5" type="stanza">
        <l id="s5:l1">Maer so gy niet de sonden quyt wilt schelden</l>
        <l id="s5:l2">Den geenen die u lasterden of quelden,</l>
        <l id="s5:l3">So sult gy ook van Gode niet ontfaen</l>
        <l id="s5:l4">Vergiffenis van 't geen gy hebt misdaen.</l>
      </lg>
    </lg>
  </text>
</song>