<song>
  <meta>
    <id>118919</id>
    <date>
      <year-start>1732</year-start>
      <year-end>1732</year-end>
    </date>
    <location>
      <orginal-name>groningen</orginal-name>
      <standard-name>Groningen, The Netherlands</standard-name>
      <coordinates>
        <lon>53.2190652</lon>
        <lat>6.5680077</lat>
      </coordinates>
    </location>
    <tags>
      <tag standard-name="bespiegelend lied" translation="reflective song">bespiegelend lied</tag>
    </tags>
    <melody>Psalm 084 Datheen</melody>
    <categories>
      <category translation="religion">godsdienst</category>
    </categories>
  <author>Alle Dercks</author></meta>
  <text>
    <lg type="song">
      <lg id="s1" type="stanza">
        <l id="s1:l1">WAt is de goedheid overgroot,</l>
        <l id="s1:l2">Die gy uit uwen vollen schoot</l>
        <l id="s1:l3">Laat van den Hemel nederdaalen</l>
        <l id="s1:l4">Op hun, die u bewijsen eer;</l>
        <l id="s1:l5">O rijke God! o milde Heer!</l>
        <l id="s1:l6">Op hun, die steeds hun luister haalen</l>
        <l id="s1:l7">Uit u? o overschoone zon!</l>
        <l id="s1:l8">Uit u? o aldersoetste bron?</l>
      </lg>
      <lg id="s2" type="stanza">
        <l id="s2:l1">Gy maakt hen zuiver aan 't gemoed</l>
        <l id="s2:l2">Door 't heilig en gezegend bloed,</l>
        <l id="s2:l3">Dat voor de Wereld is vergooten:</l>
        <l id="s2:l4">Door 't bloed van u hoogwaarde Soon,</l>
        <l id="s2:l5">Dien gy liet dalen uyt uw Throon.</l>
        <l id="s2:l6">Wie zal na waarde toch begrooten</l>
        <l id="s2:l7">Zo overgrooten Hemel-min,</l>
        <l id="s2:l8">Waar in men vind het hoogst gewin;</l>
      </lg>
      <lg id="s3" type="stanza">
        <l id="s3:l1">Gy kleed hem met het schoon cieraad</l>
        <l id="s3:l2">En 't eeuwig blinkende gewaad,</l>
        <l id="s3:l3">Waar mee des Hemels schaaren pronken:</l>
        <l id="s3:l4">'t Cieraad van deugd en heiligheid</l>
        <l id="s3:l5">O overschoone heerlijkheid!</l>
        <l id="s3:l6">Uit 's Hemels milde schoot geschonken.</l>
        <l id="s3:l7">Wat is 'er op de gantse Aard</l>
        <l id="s3:l8">Zo overschoon, zoo hoog van waard?</l>
      </lg>
      <lg id="s4" type="stanza">
        <l id="s4:l1">Zy worden door uw geest verheugd</l>
        <l id="s4:l2">Met lieffelijken troost en vreugd,</l>
        <l id="s4:l3">Wanneer hun hier in 't aardse leeven,</l>
        <l id="s4:l4">Der lang beloofde zaligheid,</l>
        <l id="s4:l5">Die in den Hemel staat bereid</l>
        <l id="s4:l6">Het vaste zegel word gegeeven:</l>
        <l id="s4:l7">Zo krijgd een voorsmaak aan 't gemoed</l>
        <l id="s4:l8">Van 't alderzoetste Hemel zoet.</l>
      </lg>
      <lg id="s5" type="stanza">
        <l id="s5:l1">Gy voerd hun uit dit tranen-dal</l>
        <l id="s5:l2">Des Werelds by het zoet geschal</l>
        <l id="s5:l3">Der Eng'len in des Hemels hoven:</l>
        <l id="s5:l4">Daar zy uw glori schouwen aan,</l>
        <l id="s5:l5">En altoos voor uw aanschijn staan,</l>
        <l id="s5:l6">Daar zy uw naam met blijdschap looven,</l>
        <l id="s5:l7">En zingen met een zoet geluid</l>
        <l id="s5:l8">Uws goedheids lof eeuw in eeuw uit.</l>
      </lg>
      <lg id="s6" type="stanza">
        <l id="s6:l1">Wel zalig dubbel zalig dan,</l>
        <l id="s6:l2">Is hy, die word gezegend van</l>
        <l id="s6:l3">Den Bron-a'er der volmaakte gaaven.</l>
        <l id="s6:l4">Uit wien des levens water stroomd,</l>
        <l id="s6:l5">Uit wien volmaakte vreugde koomt,</l>
        <l id="s6:l6">Die 't al vertroosten kan en laaven.</l>
        <l id="s6:l7">Ai God! geef dat uw goedheids straal</l>
        <l id="s6:l8">Diep in ons herte nederdaal'.</l>
      </lg>
    </lg>
  </text>
</song>