<song>
  <meta>
    <id>118916</id>
    <date>
      <year-start>1732</year-start>
      <year-end>1732</year-end>
    </date>
    <location>
      <orginal-name>groningen</orginal-name>
      <standard-name>Groningen, The Netherlands</standard-name>
      <coordinates>
        <lon>53.2190652</lon>
        <lat>6.5680077</lat>
      </coordinates>
    </location>
    <tags>
      <tag standard-name="bespiegelend lied" translation="reflective song">bespiegelend lied</tag>
    </tags>
    <melody>Psalm 024 Datheen</melody>
    <categories>
      <category translation="religion">godsdienst</category>
    </categories>
  <author>Alle Dercks</author></meta>
  <text>
    <lg type="song">
      <lg id="s1" type="stanza">
        <l id="s1:l1">WIe zit zo heerlijk op den throon</l>
        <l id="s1:l2">Aan 's Vaders rechterhand ten toon?</l>
        <l id="s1:l3">Wie is het dien de zuiv're reijen</l>
        <l id="s1:l4">Der heil'ge Eng'len zingen lof,</l>
        <l id="s1:l5">In 't Godgewijde Hemels-hof,</l>
        <l id="s1:l6">En met geschal zijn eer uitbreijen?</l>
      </lg>
      <lg id="s2" type="stanza">
        <l id="s2:l1">'t Is Iesus: wiens gezegend rijk</l>
        <l id="s2:l2">Niet van de wereld was, gelijk</l>
        <l id="s2:l3">De heerschappy van 's Werelds Grooten,</l>
        <l id="s2:l4">Toen hy des aardrijks vloer betrad:</l>
        <l id="s2:l5">Maar die zijn goude rijkstaf had</l>
        <l id="s2:l6">In 't hoogste Hemelrijk besloten.</l>
      </lg>
      <lg id="s3" type="stanza">
        <l id="s3:l1">'t Is Iesus, Gods geheiligd Lam,</l>
        <l id="s3:l2">Die 's Werelds zonden op zich nam,</l>
        <l id="s3:l3">En wien de Wereld niet wou eeren.</l>
        <l id="s3:l4">'t Is Iesus, die omringd met druk,</l>
        <l id="s3:l5">En bloot van 's Werelds schijn-geluk,</l>
        <l id="s3:l6">Den weg ter zaligheid quam leeren.</l>
      </lg>
      <lg id="s4" type="stanza">
        <l id="s4:l1">Voor hem nu moeten buigen ne'er,</l>
        <l id="s4:l2">Als voor hun Vorst en Opper-heer,</l>
        <l id="s4:l3">Des Hemels hoog verheven scharen,</l>
        <l id="s4:l4">En al wat op den aardkloot leeft:</l>
        <l id="s4:l5">Ia selfs de helse Koning beeft</l>
        <l id="s4:l6">Voor hem, met alle zijn dienaren</l>
      </lg>
      <lg id="s5" type="stanza">
        <l id="s5:l1">Hy die den Menschen was een spot,</l>
        <l id="s5:l2">Is aldermeest geacht by God,</l>
        <l id="s5:l3">En die geen luister had op aarden,</l>
        <l id="s5:l4">Is na zijn droeve ramp en kruis</l>
        <l id="s5:l5">Verheven in zijns Vaders huis:</l>
        <l id="s5:l6">En heeft de staat der hoogster waarde.</l>
      </lg>
      <lg id="s6" type="stanza">
        <l id="s6:l1">Wel aan dan, o mijn ziele! loofd</l>
        <l id="s6:l2">Den naam van uwen Opper-hoofd:</l>
        <l id="s6:l3">Den naam van Iesus zo verheven:</l>
        <l id="s6:l4">En buig u neder voor zijn throon:</l>
        <l id="s6:l5">Stijg opwaarts na het opper schoon,</l>
        <l id="s6:l6">Daar hy bereid heeft 't eeuwig leven.</l>
      </lg>
    </lg>
  </text>
</song>