<song>
  <meta>
    <id>118915</id>
    <date>
      <year-start>1732</year-start>
      <year-end>1732</year-end>
    </date>
    <location>
      <orginal-name>groningen</orginal-name>
      <standard-name>Groningen, The Netherlands</standard-name>
      <coordinates>
        <lon>53.2190652</lon>
        <lat>6.5680077</lat>
      </coordinates>
    </location>
    <tags>
      <tag standard-name="bespiegelend lied" translation="reflective song">bespiegelend lied</tag>
    </tags>
    <melody>Psalm 091 Datheen</melody>
    <categories>
      <category translation="religion">godsdienst</category>
    </categories>
  <author>Alle Dercks</author></meta>
  <text>
    <lg type="song">
      <lg id="s1" type="stanza">
        <l id="s1:l1">WIe God tot zijnen toevlugt heeft</l>
        <l id="s1:l2">In allen ramp en noden,</l>
        <l id="s1:l3">En heilig in zijn wandel leeft,</l>
        <l id="s1:l4">Gelijk hy heeft geboden,</l>
        <l id="s1:l5">Die word van hem besorgd, gemind,</l>
        <l id="s1:l6">En met genegentheden,</l>
        <l id="s1:l7">Gekoesterd als zijn lieve kind</l>
        <l id="s1:l8">In alle tegenheden.</l>
      </lg>
      <lg id="s2" type="stanza">
        <l id="s2:l1">Zo dat geen nood te groot en word</l>
        <l id="s2:l2">In wisselvalligheden,</l>
        <l id="s2:l3">Noch leed, hoe wreed, ter afgrond stort;</l>
        <l id="s2:l4">Dewijl hy met gebeden</l>
        <l id="s2:l5">Den throon van zijnen Vader naakt,</l>
        <l id="s2:l6">Met hertelijk vertrouwen;</l>
        <l id="s2:l7">Die hem dan met zijn geest we'er raakt,</l>
        <l id="s2:l8">En 't herte komt bedouwen.</l>
      </lg>
      <lg id="s3" type="stanza">
        <l id="s3:l1">Zo dat hy midden in den druk</l>
        <l id="s3:l2">Met zangen God kan loven,</l>
        <l id="s3:l3">Om dat hy weet, dat zijn geluk</l>
        <l id="s3:l4">Hem niemand kan ontroven:</l>
        <l id="s3:l5">Nadien hem God dat goed bewaard,</l>
        <l id="s3:l6">In zijn Hemel-zalen.</l>
        <l id="s3:l7">En dat hy hem in 't eind van d'aard.</l>
        <l id="s3:l8">By hem zal komen halen.</l>
      </lg>
      <lg id="s4" type="stanza">
        <l id="s4:l1">En stellen hem in all' zijn goed,</l>
        <l id="s4:l2">'t Besit van 't eeuwig leeven;</l>
        <l id="s4:l3">Dus zal hy 't alderzoetste zoet</l>
        <l id="s4:l4">Hem dan met Liefde geeven.</l>
        <l id="s4:l5">Alwaar men dan in eeuwigheid</l>
        <l id="s4:l6">Met d' Eng'len zal verkeeren,</l>
        <l id="s4:l7">En looven Godes Majesteit,</l>
        <l id="s4:l8">En Christus onsen Heere.</l>
      </lg>
      <lg id="s5" type="stanza">
        <l id="s5:l1">Hierom mijn ziel neem dan geduld</l>
        <l id="s5:l2">In 't geen u God komt zenden,</l>
        <l id="s5:l3">Dewijl g' hier niet lang weesen sult,</l>
        <l id="s5:l4">Maar rend vast naar uw ende.</l>
        <l id="s5:l5">De tijd is snel, het leeven kort,</l>
        <l id="s5:l6">Ramp kan niet lange duuren,</l>
        <l id="s5:l7">Want al dat hier genoten word,</l>
        <l id="s5:l8">Dat duurt maar weinig uuren.</l>
      </lg>
      <lg id="s6" type="stanza">
        <l id="s6:l1">O dwase mensch! waar loopt gy om,</l>
        <l id="s6:l2">Om 't geen u zal verlaten?</l>
        <l id="s6:l3">Het leeven is een yd'le blom,</l>
        <l id="s6:l4">Al 't goed kan u niet baten.</l>
        <l id="s6:l5">Daarom lief toch een ander lot,</l>
        <l id="s6:l6">En volg des Hemels Koning,</l>
        <l id="s6:l7">Dan komt gy mede by dien God,</l>
        <l id="s6:l8">In zijne Hemel-woning.</l>
      </lg>
    </lg>
  </text>
</song>