<song>
  <meta>
    <id>118908</id>
    <date>
      <year-start>1732</year-start>
      <year-end>1732</year-end>
    </date>
    <location>
      <orginal-name>groningen</orginal-name>
      <standard-name>Groningen, The Netherlands</standard-name>
      <coordinates>
        <lon>53.2190652</lon>
        <lat>6.5680077</lat>
      </coordinates>
    </location>
    <tags>
      <tag standard-name="bespiegelend lied" translation="reflective song">bespiegelend lied</tag>
    </tags>
    <melody>Psalm 023 Datheen</melody>
    <categories>
      <category translation="religion">godsdienst</category>
    </categories>
  <author>Alle Dercks</author></meta>
  <text>
    <lg type="song">
      <lg id="s1" type="stanza">
        <l id="s1:l1">VErhef, mijn ziel, nu alle uwe krachten,</l>
        <l id="s1:l2">Beschouw Gods majesteit met uw gedachten,</l>
        <l id="s1:l3">Laat uw eerbiedige bespiegelingen,</l>
        <l id="s1:l4">Getrokken van vergankelijke dingen,</l>
        <l id="s1:l5">'t Onsienlijk Al zo houden als voor oogen,</l>
        <l id="s1:l6">Dat gy, op God verliefd, blijft opgetogen.</l>
      </lg>
      <lg id="s2" type="stanza">
        <l id="s2:l1">Wat geven u, mijn ziel, d' alwaardigheden</l>
        <l id="s2:l2">Des grooten Gods al rijke stof, en reden,</l>
        <l id="s2:l3">Om u tot hem, 't Vernoegsaam Al, te keeren,</l>
        <l id="s2:l4">Die al uw lust, en uitgestrekt begeeren,</l>
        <l id="s2:l5">Hoe veel, en groot, ook boven uw gedachten,</l>
        <l id="s2:l6">Vervullen kan door zijn onmeetb're krachten.</l>
      </lg>
      <lg id="s3" type="stanza">
        <l id="s3:l1">God zy uw heil Al wie zich wil verkloeken</l>
        <l id="s3:l2">Om buiten God zijn wel-zijn op te zoeken,</l>
        <l id="s3:l3">Zal afgemat, niet anders in het ende</l>
        <l id="s3:l4">Bevinden, als zijn dwaasheid en ellende.</l>
        <l id="s3:l5">Laat dan, mijn ziel, uw heil-lust daar-en-tegen,</l>
        <l id="s3:l6">Om God, uw heil, te zoeken, sterk bewegen.</l>
      </lg>
      <lg id="s4" type="stanza">
        <l id="s4:l1">In God is 't al. Daar moet gy u vernoegen.</l>
        <l id="s4:l2">Vergeefs uw zin gewend op alle boegen.</l>
        <l id="s4:l3">Die buiten God verzaken wil zijn lusten,</l>
        <l id="s4:l4">Zal, onvernoegt, in geen ding konnen rusten:</l>
        <l id="s4:l5">En, om en om, dan hier, dan daar heen zwerven,</l>
        <l id="s4:l6">Vol ziel-verdried, het eeuwig wel-zijn derven.</l>
      </lg>
      <lg id="s5" type="stanza">
        <l id="s5:l1">Wat is, mijn ziel, zelfs hemel, en de aarde</l>
        <l id="s5:l2">By Gods onmeetbaarheid, van kleene waarde!</l>
        <l id="s5:l3">Maar in Gods heil is alle heil besloten:</l>
        <l id="s5:l4">Zijn goedheid, die hy zijne gunstgenoten</l>
        <l id="s5:l5">Gemeensaamlijk bewijst, zal u meer geven</l>
        <l id="s5:l6">Als 't grond-genot zelfs van het lieve leven.</l>
      </lg>
      <lg id="s6" type="stanza">
        <l id="s6:l1">Alwaarde Majesteit, en zaal'ge Heere,</l>
        <l id="s6:l2">U, om u zelf, zy d' allerhoogste eere,</l>
        <l id="s6:l3">Uw heerlijkheid en heeft nog tijd, nog palen,</l>
        <l id="s6:l4">Daar al 't vernuft in sussen moet, en dwalen.</l>
        <l id="s6:l5">Wie kan, o Allerhoogste!  u aanschouwen</l>
        <l id="s6:l6">Met sterfelijk gesigt, en 't leeven houwen.</l>
      </lg>
    </lg>
  </text>
</song>