<song>
  <meta>
    <id>122097</id>
    <date>
      <year-start>1828</year-start>
      <year-end>1828</year-end>
    </date>
    <location>
      <orginal-name>'s-gravenhage</orginal-name>
      <standard-name>The Hague, The Netherlands</standard-name>
      <coordinates>
        <lon>52.0799838</lon>
        <lat>4.3113461</lat>
      </coordinates>
    </location>
    <tags>
      <tag standard-name="verhalend lied" translation="narrative song">verhalend lied</tag>
    </tags>
    <melody>Laatstmaal ging ik ter jacht</melody>
    <categories>
      <category translation="narratives">verhalen</category>
    </categories>
  <author>Anonymous</author></meta>
  <text>
    <lg type="song">
      <lg id="s1" type="stanza">
        <l id="s1:l1">Onlangs zag ik een kind</l>
        <l id="s1:l2">Snel vliegen met zijn vlerken,</l>
        <l id="s1:l3">Heen drijven op de wind</l>
        <l id="s1:l4">Met uitgenomen werken,</l>
        <l id="s1:l5">'t Had in zijn vuist een wonder ding,</l>
        <l id="s1:l6">'t Geen zwijmde vrij wat zonderling,</l>
        <l id="s1:l7">Zwijmde vrij wat zonderling.</l>
      </lg>
      <lg id="s2" type="stanza">
        <l id="s2:l1">Het dreide ginds en we&#234;r,</l>
        <l id="s2:l2">Ik was in eenigheden,</l>
        <l id="s2:l3">Ik stelde mij ter ne&#234;r</l>
        <l id="s2:l4">En sprak met zoete reden:</l>
        <l id="s2:l5">Wel lieve wicht! hoe zwiert, hoe zweit</l>
        <l id="s2:l6">Gij met zoo wakk're snelligheid,</l>
        <l id="s2:l7">Met zoo wakk're snelligheid.</l>
      </lg>
      <lg id="s3" type="stanza">
        <l id="s3:l1">Ten lange laatste, ziet,</l>
        <l id="s3:l2">'t Kwam dalen met zijn schichten,</l>
        <l id="s3:l3">Mij docht, hij had 't gebied</l>
        <l id="s3:l4">Om minnaars pijn te ligten,</l>
        <l id="s3:l5">Hij stelde vast zijn tuigjen ree</l>
        <l id="s3:l6">En mikte toen van lieverlee,</l>
        <l id="s3:l7">Mikte toen van lieverlee.</l>
      </lg>
      <lg id="s4" type="stanza">
        <l id="s4:l1">Ik zat, als heel beducht,</l>
        <l id="s4:l2">En docht: wat wil de bengel?</l>
        <l id="s4:l3">Ik nam terstond de vlugt,</l>
        <l id="s4:l4">Maar hij, met veel gestrengel,</l>
        <l id="s4:l5">Schoot zijn vergulde pijltjens, ziet,</l>
        <l id="s4:l6">'t Voorloopen kost mij baten niet,</l>
        <l id="s4:l7">Kost mij baten niet.</l>
      </lg>
      <lg id="s5" type="stanza">
        <l id="s5:l1">Ik blees (eilaas!) gewond;</l>
        <l id="s5:l2">Het hart inwendig woelde,</l>
        <l id="s5:l3">Ik keerde mij terstond</l>
        <l id="s5:l4">Naar hem die op mij doelde.</l>
        <l id="s5:l5">Wel wat is 't, schutter, dat u schort?</l>
        <l id="s5:l6">Gij doet mijn hart en ziel te kort,</l>
        <l id="s5:l7">Mijn hart en ziel te kort.</l>
      </lg>
      <lg id="s6" type="stanza">
        <l id="s6:l1">Met reden hij bewees,</l>
        <l id="s6:l2">En toonde mij zijn pijlen;</l>
        <l id="s6:l3">D'een is van hoop en vrees,</l>
        <l id="s6:l4">En d'ander kwetst somwijlen.</l>
        <l id="s6:l5">Maar deze treffing die u plaagt</l>
        <l id="s6:l6">Dat's dat gij minnen moet een maagd.</l>
        <l id="s6:l7">Dat gij minnen moet een maagd.</l>
      </lg>
      <lg id="s7" type="stanza">
        <l id="s7:l1">Ik vraag naar dwang noch regt,</l>
        <l id="s7:l2">Noch uw gescherpte vlijmen.</l>
        <l id="s7:l3">Wel zeid' hij: lieve knecht!</l>
        <l id="s7:l4">Gij dicht veel zoete rijmen,</l>
        <l id="s7:l5">Zoo van de liefde en van we&#234;rmin:</l>
        <l id="s7:l6">Maar nooit kwam 't in uw zotte zin,</l>
        <l id="s7:l7">Nooit kwam 't in uw zotte zin.</l>
      </lg>
      <lg id="s8" type="stanza">
        <l id="s8:l1">Gij hebt veel vrijers loos</l>
        <l id="s8:l2">Getokkeld tot het minnen.</l>
        <l id="s8:l3">Al waart gij nog zoo boos,</l>
        <l id="s8:l4">Gij kunt mij niet verslinnen.</l>
        <l id="s8:l5">Somma, zijn krachten werkten doe</l>
        <l id="s8:l6">Tot binnen in mijn hartjen toe,</l>
        <l id="s8:l7">Binnen in mijn hartjen toe.</l>
      </lg>
      <lg id="s9" type="stanza">
        <l id="s9:l1">Ik die nooit eenig lust</l>
        <l id="s9:l2">Had in de schoone vrouwen, -</l>
        <l id="s9:l3">Zoo werd mijn vreugd onrust</l>
        <l id="s9:l4">En moest een meisjen trouwen:</l>
        <l id="s9:l5">Ik vond dees band zoo overzoet</l>
        <l id="s9:l6">Dat ik hem nog bedanken moet,</l>
        <l id="s9:l7">Ik hem nog bedanken moet.</l>
      </lg>
      <lg id="s10" type="stanza">
        <l id="s10:l1">Het hemelde omhoog</l>
        <l id="s10:l2">En schaterde van vreugde,</l>
        <l id="s10:l3">Zoo lang als ik zijn boog</l>
        <l id="s10:l4">Kost zien, ik mij verheugde,</l>
        <l id="s10:l5">Adieu riep ik, &#244; God zeer groot</l>
        <l id="s10:l6">Gij zijt Verligter in den nood,</l>
        <l id="s10:l7">Zijt Verligter in den nood.</l>
      </lg>
    </lg>
  </text>
</song>