<song>
  <meta>
    <id>122062</id>
    <date>
      <year-start>1828</year-start>
      <year-end>1828</year-end>
    </date>
    <location>
      <orginal-name>'s-gravenhage</orginal-name>
      <standard-name>The Hague, The Netherlands</standard-name>
      <coordinates>
        <lon>52.0799838</lon>
        <lat>4.3113461</lat>
      </coordinates>
    </location>
    <tags>
      <tag standard-name="historielied" translation="historical song">historielied</tag>
      <tag standard-name="loflied" translation="praise song">loflied</tag>
      <tag standard-name="danslied" translation="dancing song">danslied</tag>
    </tags>
    <melody>Ik vrijde een vrouwtje</melody>
    <categories>
      <category translation="amusement">vermaak</category>
      <category translation="politics and history">politiek en geschiedenis</category>
      <category translation="religion">godsdienst</category>
    </categories>
  <author>Anonymous</author></meta>
  <text>
    <lg type="song">
      <lg id="s1" type="stanza">
        <l id="s1:l1">Springt alle zeer wijfs ende mans,</l>
        <l id="s1:l2">Knechtkens en meiskens t'zamen:</l>
        <l id="s1:l3">Laet ons verheugen dezen dans,</l>
        <l id="s1:l4">'t Wordt te onzer aller vramen:</l>
        <l id="s1:l5">De mare is hier</l>
        <l id="s1:l6">In 't Vlaemsch vergier,</l>
        <l id="s1:l7">'t Bescheid mag elk wel hooren,</l>
        <l id="s1:l8">Lof hoogst' Princier</l>
        <l id="s1:l9">Van dit bestier</l>
        <l id="s1:l10">Een Prince is ons geboren.</l>
      </lg>
      <lg id="s2" type="stanza">
        <l id="s2:l1">Den Vlaming is vreeze ende ducht</l>
        <l id="s2:l2">Geweerd met veel calaignen:</l>
        <l id="s2:l3">Geboren was dees edel vrucht</l>
        <l id="s2:l4">Nu kortelinge in Spaignen:</l>
        <l id="s2:l5">Dien God bemint</l>
        <l id="s2:l6">Dwaelt niet een twindt,</l>
        <l id="s2:l7">Laet ons hem niet verstoren:</l>
        <l id="s2:l8">Deur dit bewindt</l>
        <l id="s2:l9">Weest vro gezind,</l>
        <l id="s2:l10">Een Prince is ons geboren.</l>
      </lg>
      <lg id="s3" type="stanza">
        <l id="s3:l1">Danst alle zeer deur dit bedrijf</l>
        <l id="s3:l2">Ons blijft nu paeys en minne:</l>
        <l id="s3:l3">God wil vertroosten 't reine wijf</l>
        <l id="s3:l4">Ons edel Keyzerinne:</l>
        <l id="s3:l5">Nooit zulk een pand</l>
        <l id="s3:l6">Veur onderstrand.</l>
        <l id="s3:l7">Kwam ons van haer te voren.</l>
        <l id="s3:l8">Schoon Vlaenderland</l>
        <l id="s3:l9">Weest nu playsant</l>
        <l id="s3:l10">Een Prince is ons geboren.</l>
      </lg>
      <lg id="s4" type="stanza">
        <l id="s4:l1">Prince, hoogste God! ons liberael,</l>
        <l id="s4:l2">Lof U deur dit gevaren:</l>
        <l id="s4:l3">Wij bidden Gy dezen vassael</l>
        <l id="s4:l4">Ons lange wilt bewaren,</l>
        <l id="s4:l5">En sparen doet</l>
        <l id="s4:l6">Veur tegenspoed</l>
        <l id="s4:l7">Wy hebben uitverkoren:</l>
        <l id="s4:l8">Lof, hoogste goed!</l>
        <l id="s4:l9">Met zin en moed,</l>
        <l id="s4:l10">Een Prince is ons geboren.</l>
      </lg>
    </lg>
  </text>
</song>