<song>
  <meta>
    <id>122113</id>
    <date>
      <year-start>1828</year-start>
      <year-end>1828</year-end>
    </date>
    <location>
      <orginal-name>'s-gravenhage</orginal-name>
      <standard-name>The Hague, The Netherlands</standard-name>
      <coordinates>
        <lon>52.0799838</lon>
        <lat>4.3113461</lat>
      </coordinates>
    </location>
    <tags>
      <tag standard-name="bespiegelend lied" translation="reflective song">bespiegelend lied</tag>
    </tags>
    <melody>De stille nacht genaakt</melody>
    <categories>
      <category translation="religion">godsdienst</category>
    </categories>
  <author>Anonymous</author></meta>
  <text>
    <lg type="song">
      <lg id="s1" type="stanza">
        <l id="s1:l1">Al het uitmuntend hoog,</l>
        <l id="s1:l2">Hoe sterk in het oog,</l>
        <l id="s1:l3">Loopt prijkel van 't onweder.</l>
        <l id="s1:l4">De sterke storrem slaat</l>
        <l id="s1:l5">'t Geen hoog verheven staat</l>
        <l id="s1:l6">Ter aarden schielijk neder.</l>
      </lg>
      <lg id="s2" type="stanza">
        <l id="s2:l1">Hoe menig schip verslindt</l>
        <l id="s2:l2">De felle noorde wind,</l>
        <l id="s2:l3">En rooft den schipper 't leven;</l>
        <l id="s2:l4">Als, met een dolle kop,</l>
        <l id="s2:l5">Hij 't zeil trekt in den top,</l>
        <l id="s2:l6">Wil voor geen buijen reven.</l>
      </lg>
      <lg id="s3" type="stanza">
        <l id="s3:l1">Berouw 't gemoed dan slaat,</l>
        <l id="s3:l2">Als 't dikwijls is te laat;</l>
        <l id="s3:l3">Dies wil men 't prijkel derven,</l>
        <l id="s3:l4">Beeft voor de wellust ras</l>
        <l id="s3:l5">En neemt tot uw kompas</l>
        <l id="s3:l6">De spreuk: Gedenkt te sterven.</l>
      </lg>
      <lg id="s4" type="stanza">
        <l id="s4:l1">Uw zinnen obstinaat,</l>
        <l id="s4:l2">De wereld boos en kwaad,</l>
        <l id="s4:l3">Wilt niet te veel vertrouwen,</l>
        <l id="s4:l4">En eigen wijsheid valsch</l>
        <l id="s4:l5">Ontslaat u van den hals,</l>
        <l id="s4:l6">Wilt op geen rijkdom bouwen.</l>
      </lg>
      <lg id="s5" type="stanza">
        <l id="s5:l1">Zoekt gij vermaak en rust,</l>
        <l id="s5:l2">Schept in de deugd uw lust,</l>
        <l id="s5:l3">Met nooddruft zijt te vreden,</l>
        <l id="s5:l4">De overvloed verlaat:</l>
        <l id="s5:l5">Kiest een gemeene staat,</l>
        <l id="s5:l6">Die geeft gerustigheden.</l>
      </lg>
    </lg>
  </text>
</song>