<song>
  <meta>
    <id>122111</id>
    <date>
      <year-start>1828</year-start>
      <year-end>1828</year-end>
    </date>
    <location>
      <orginal-name>'s-gravenhage</orginal-name>
      <standard-name>The Hague, The Netherlands</standard-name>
      <coordinates>
        <lon>52.0799838</lon>
        <lat>4.3113461</lat>
      </coordinates>
    </location>
    <tags>
      <tag standard-name="liefdesklacht" translation="love complaint">liefdesklacht</tag>
    </tags>
    <melody>Si cette malheureuse bande</melody>
    <categories>
      <category translation="love and sex">liefde en seks</category>
    </categories>
  <author>Anonymous</author></meta>
  <text>
    <lg type="song">
      <lg id="s1" type="stanza">
        <l id="s1:l1">Laat uw te&#234;re telgjes buigen</l>
        <l id="s1:l2">Sprakeloos geboomt:</l>
        <l id="s1:l3">Beekjes wilt mijn droefheid tuigen</l>
        <l id="s1:l4">Als gij ruischend stroomt,</l>
        <l id="s1:l5">Door duin, door zand,</l>
        <l id="s1:l6">Door berg, door land,</l>
        <l id="s1:l7">Met groene linde digt beplant.</l>
      </lg>
      <lg id="s2" type="stanza">
        <l id="s2:l1">Als Dorilea hier komt weij&#234;n</l>
        <l id="s2:l2">Eenzaam met haar vee:</l>
        <l id="s2:l3">Tuigt dan al het droevig schreijen</l>
        <l id="s2:l4">Dat ik om haar de&#234;.</l>
        <l id="s2:l5">Ach! boompjes treurt,</l>
        <l id="s2:l6">Ei! telgjes scheurt:</l>
        <l id="s2:l7">Tuigt haar hetgeen hier is gebeurd.</l>
      </lg>
      <lg id="s3" type="stanza">
        <l id="s3:l1">Wanneer zij de zachte treedjes</l>
        <l id="s3:l2">Herwaards heenen stiert,</l>
        <l id="s3:l3">Met hare fiere fluksche leedjes</l>
        <l id="s3:l4">Door de lommer zwiert:</l>
        <l id="s3:l5">Stort van uw bla&#234;n</l>
        <l id="s3:l6">Dan al 't getraan</l>
        <l id="s3:l7">Dat gij, o telgjes! hebt gela&#234;n.</l>
      </lg>
      <lg id="s4" type="stanza">
        <l id="s4:l1">Druipt zachtjes op haar roode kaken,</l>
        <l id="s4:l2">Dringt in haar gemoed,</l>
        <l id="s4:l3">Glijdt zoetjes van de gladde daken,</l>
        <l id="s4:l4">Mengt u in haar bloed:</l>
        <l id="s4:l5">Dat zij beproeft</l>
        <l id="s4:l6">Hoe 't hart, bedroeft</l>
        <l id="s4:l7">Door trouwe minne, troost behoeft.</l>
      </lg>
    </lg>
  </text>
</song>