<song>
  <meta>
    <id>122321</id>
    <date>
      <year-start>1828</year-start>
      <year-end>1828</year-end>
    </date>
    <location>
      <orginal-name>'s-gravenhage</orginal-name>
      <standard-name>The Hague, The Netherlands</standard-name>
      <coordinates>
        <lon>52.0799838</lon>
        <lat>4.3113461</lat>
      </coordinates>
    </location>
    <tags>
      <tag standard-name="geuzenlied" translation="Geuzen song">geuzenlied</tag>
      <tag standard-name="historielied" translation="historical song">historielied</tag>
      <tag standard-name="dialectlied" translation="dialect song">dialectlied</tag>
    </tags>
    <melody>Rozemond die lag gedoken</melody>
    <categories>
      <category translation="groups">groepen</category>
      <category translation="politics and history">politiek en geschiedenis</category>
    </categories>
  <author>Anonymous</author></meta>
  <text>
    <lg type="song">
      <lg id="s1" type="stanza">
        <l id="s1:l1">Ba goe liens van Ghendt en Brugge</l>
        <l id="s1:l2">Ba tjen dit es malheureus:</l>
        <l id="s1:l3">'t Loopt nu t'eenegaar terugge,</l>
        <l id="s1:l4">'t Es nu al: vive le geus,</l>
        <l id="s1:l5">Vive Vrankrijk en Nassouw.</l>
        <l id="s1:l6">'t Es nu al: aes up Pappouw.</l>
      </lg>
      <lg id="s2" type="stanza">
        <l id="s2:l1">Nu den Prins met al zijn knechten</l>
        <l id="s2:l2">Komt in 't arte van et land,</l>
        <l id="s2:l3">Hons soo art en fel bevechten</l>
        <l id="s2:l4">Stellet alles naar zijn andt.</l>
        <l id="s2:l5">Hons volk liggen toe en zien</l>
        <l id="s2:l6">Watter varink zal geschi&#234;n.</l>
      </lg>
      <lg id="s3" type="stanza">
        <l id="s3:l1">W'adden wilder al goe ope,</l>
        <l id="s3:l2">'t Was al diep en laat in 't jaar,</l>
        <l id="s3:l3">Maar wij zijn subyt bekropen</l>
        <l id="s3:l4">Van Zijn Oogheid, dat es raar,</l>
        <l id="s3:l5">Das se hover zijn gerocht</l>
        <l id="s3:l6">t'Wijl daar niemand hop en docht.</l>
      </lg>
      <lg id="s4" type="stanza">
        <l id="s4:l1">Sterke schansen en fortressen,</l>
        <l id="s4:l2">'t Sas en Ulst wij zijn 't al kwijt:</l>
        <l id="s4:l3">In stee van de Poopsche messen</l>
        <l id="s4:l4">Oord men daar te dezer tijd</l>
        <l id="s4:l5">Psalmen zingen, zoet van toon,</l>
        <l id="s4:l6">Zoo m'in Olland is gewoon.</l>
      </lg>
      <lg id="s5" type="stanza">
        <l id="s5:l1">Nu ligt Lieven in de greppe,</l>
        <l id="s5:l2">Ba, eys 't nu niet wel gebuyt?</l>
        <l id="s5:l3">Tsa Signoren, wilt u reppen,</l>
        <l id="s5:l4">Pakt u vrij ten lande huit:</l>
        <l id="s5:l5">Wilt in tijds naar Spagne gaan,</l>
        <l id="s5:l6">Daar ge eerstmaal kwaamt van daan.</l>
      </lg>
      <lg id="s6" type="stanza">
        <l id="s6:l1">Maar en wilde niet vertrekken</l>
        <l id="s6:l2">Dees Ollanders zullen u</l>
        <l id="s6:l3">Desschen up uw Essebekken,</l>
        <l id="s6:l4">Da 'k van uwentwege gruw:</l>
        <l id="s6:l5">Neemt dan vollik uw afscheed,</l>
        <l id="s6:l6">Want uw paspoort es gereed.</l>
      </lg>
      <lg id="s7" type="stanza">
        <l id="s7:l1">Tjen, men zal nog om-ent-omme</l>
        <l id="s7:l2">Rommen tot Zijn Oogheids lof:</l>
        <l id="s7:l3">Van zijn goeteit niet omsommen.</l>
        <l id="s7:l4">Maar de Spagnaarts gaan te grof,</l>
        <l id="s7:l5">S'ebben hons genoeg geplaagd</l>
        <l id="s7:l6">En zijn over tijd verjaagd.</l>
      </lg>
    </lg>
  </text>
</song>