<song>
  <meta>
    <id>122377</id>
    <date>
      <year-start>1828</year-start>
      <year-end>1828</year-end>
    </date>
    <location>
      <orginal-name>'s-gravenhage</orginal-name>
      <standard-name>The Hague, The Netherlands</standard-name>
      <coordinates>
        <lon>52.0799838</lon>
        <lat>4.3113461</lat>
      </coordinates>
    </location>
    <tags>
      <tag standard-name="afscheidslied" translation="farewell song">afscheidslied</tag>
      <tag standard-name="dialooglied" translation="dialogue song">dialooglied</tag>
    </tags>
    <melody />
    <categories>
      <category translation="formal genres">formele genres</category>
      <category translation="occasions">gelegenheden</category>
    </categories>
  <author>Anonymous</author></meta>
  <text>
    <lg type="song">
      <lg id="s1" type="stanza">
        <l id="s1:l1">Hoort hier de droeve klagten aan</l>
        <l id="s1:l2">Van eenen zoon tegen zijn moeder,</l>
        <l id="s1:l3">Die moet naar het slagveld gaan.</l>
        <l id="s1:l4">De zuster weent met haren broeder,</l>
        <l id="s1:l5">De vader vol bezwaren,</l>
        <l id="s1:l6">Hij zei: mijn liefste kind,</l>
        <l id="s1:l7">In uwe kinderjaren</l>
        <l id="s1:l8">Waar hebt gij dit verdiend,</l>
        <l id="s1:l9">Dat gij van ons moet scheiden,</l>
        <l id="s1:l10">Scheiden voor uw leven?</l>
        <l id="s1:l11">Mijn hart dat zucht. Mijn hart dat zucht.</l>
        <l id="s1:l12">Gij zijt, helaas! uw moeders eerste vrucht.</l>
      </lg>
      <lg id="s2" type="stanza">
        <l id="s2:l1">De moeder roept: ach liefste kind!</l>
        <l id="s2:l2">Moet gij gaan onder de soldaten?</l>
        <l id="s2:l3">Ik heb u van jongs af zoo te&#234;r bemind,</l>
        <l id="s2:l4">Moet gij uw moeder gaan verlaten!</l>
        <l id="s2:l5">Ik heb u met mijn borsten</l>
        <l id="s2:l6">Te&#234;rhartig opgevoed.</l>
        <l id="s2:l7">Het zal mij 't leven kosten,</l>
        <l id="s2:l8">Mijn eigen vleesch en bloed.</l>
        <l id="s2:l9">Van uw achttiende jaar</l>
        <l id="s2:l10">Moet gij de wapens dragen,</l>
        <l id="s2:l11">Ach wat verdriet,</l>
        <l id="s2:l12">Dat menig moeder van haar kinders ziet.</l>
      </lg>
      <lg id="s3" type="stanza">
        <l id="s3:l1">Ach! had ik u in uw jonkheid</l>
        <l id="s3:l2">Liever aan de aarde moeten geven,</l>
        <l id="s3:l3">Dan was ik van dien druk bevrijd;</l>
        <l id="s3:l4">Ik voel mijn bloed en aders beven.</l>
        <l id="s3:l5">Moet ik u zien marcheren,</l>
        <l id="s3:l6">Met uw kinder verstand,</l>
        <l id="s3:l7">Uw leven gaan riskeeren,</l>
        <l id="s3:l8">En tegen den vijand</l>
        <l id="s3:l9">Strijden in het veld,</l>
        <l id="s3:l10">Dien ik zoo te&#234;r beminde!</l>
        <l id="s3:l11">Mijn zoontje klein,</l>
        <l id="s3:l12">Moet gij gescheiden van uw moeder zijn?</l>
      </lg>
      <lg id="s4" type="stanza">
        <l id="s4:l1">Moeder het is mijn droevig lot;</l>
        <l id="s4:l2">Zuchten en klagen kan niet baten;</l>
        <l id="s4:l3">Peinst dat het is de wil van God</l>
        <l id="s4:l4">Dat ik mijne ouders moet verlaten.</l>
        <l id="s4:l5">Vertroost u, lieve moeder!</l>
        <l id="s4:l6">En, vader! hebt geduld,</l>
        <l id="s4:l7">Zuster bid voor uw broeder</l>
        <l id="s4:l8">Als gij bepeinzen zult</l>
        <l id="s4:l9">Dat ik ben in den strijd.</l>
        <l id="s4:l10">Ik zal den zegen vragen</l>
        <l id="s4:l11">In mijn gedacht: In mijn gedacht:</l>
        <l id="s4:l12">Dat God mij zal verleenen moed en kracht.</l>
      </lg>
      <lg id="s5" type="stanza">
        <l id="s5:l1">Kind! vertrek in den naam van God,</l>
        <l id="s5:l2">'k Zal u de benedictie geven,</l>
        <l id="s5:l3">En zijt geduldig in uw lot,</l>
        <l id="s5:l4">De Hemel spaar uw te&#234;r jong leven.</l>
        <l id="s5:l5">Wilt aan uw vader vragen</l>
        <l id="s5:l6">Een zegen voor het lest,</l>
        <l id="s5:l7">Gelijk gij alle dagen</l>
        <l id="s5:l8">Gehoorzaam zijt geweest.</l>
        <l id="s5:l9">Gij blijft toch ons kind.</l>
        <l id="s5:l10">Adieu mijn eerste zoontje,</l>
        <l id="s5:l11">Van achttien jaar:</l>
        <l id="s5:l12">Vertrek met de andere jonkheid al te ga&#234;r.</l>
      </lg>
    </lg>
  </text>
</song>