<song>
  <meta>
    <id>122324</id>
    <date>
      <year-start>1828</year-start>
      <year-end>1828</year-end>
    </date>
    <location>
      <orginal-name>'s-gravenhage</orginal-name>
      <standard-name>The Hague, The Netherlands</standard-name>
      <coordinates>
        <lon>52.0799838</lon>
        <lat>4.3113461</lat>
      </coordinates>
    </location>
    <tags>
      <tag standard-name="historielied" translation="historical song">historielied</tag>
    </tags>
    <melody>Cecilia</melody>
    <categories>
      <category translation="politics and history">politiek en geschiedenis</category>
    </categories>
  <author>Anonymous</author></meta>
  <text>
    <lg type="song">
      <lg id="s1" type="stanza">
        <l id="s1:l1">Fris op bedroefde harten,</l>
        <l id="s1:l2">Begeeft u in het veld,</l>
        <l id="s1:l3">Vergeet uw druk en smarten;</l>
        <l id="s1:l4">Komt spoedt u aan de Scheld</l>
        <l id="s1:l5">t'Antwerpen door de straten</l>
        <l id="s1:l6">Op het kasteele plein,</l>
        <l id="s1:l7">Daar Hertog Karels praten,</l>
        <l id="s1:l8">Tot troost van groot en klein,</l>
        <l id="s1:l9">Geen klem heeft ons te dwingen,</l>
        <l id="s1:l10">Waarom wij vrolijk zingen</l>
        <l id="s1:l11">En springen hier in 't ronde</l>
        <l id="s1:l12">Om zijn gevangenis.</l>
        <l id="s1:l13">De wollef ligt gebonden</l>
        <l id="s1:l14">Nu 't schaapshok open is.</l>
      </lg>
      <lg id="s2" type="stanza">
        <l id="s2:l1">Men heeft zijn Nero's wezen</l>
        <l id="s2:l2">Noch dwang noch tyrannij</l>
        <l id="s2:l3">Noch schennis niet te vreezen,</l>
        <l id="s2:l4">Wij zijn nu veil en vrij.</l>
        <l id="s2:l5">Zijn hongerige troepen</l>
        <l id="s2:l6">En komen nu niet we&#234;r</l>
        <l id="s2:l7">Ons vee en koren snoepen,</l>
        <l id="s2:l8">En werpen 't al ter ne&#234;r;</l>
        <l id="s2:l9">Onz' wijve en dochters benden</l>
        <l id="s2:l10">Behoeven voor het schenden</l>
        <l id="s2:l11">Der Lotteringsche jagers</l>
        <l id="s2:l12">In bosch noch hol te vli&#234;n.</l>
        <l id="s2:l13">Het hoofd der boeren-plagers</l>
        <l id="s2:l14">Wordt hier niet meer gezien.</l>
      </lg>
      <lg id="s3" type="stanza">
        <l id="s3:l1">Komt wilt nu hand aanhou&#234;n</l>
        <l id="s3:l2">En dansen vlug ter been</l>
        <l id="s3:l3">In deze groen landsdouwen</l>
        <l id="s3:l4">Om 't Marrekgraafschap heen,</l>
        <l id="s3:l5">Door Burgerhout en Deuren</l>
        <l id="s3:l6">Of langs de Vlaamsche dijk,</l>
        <l id="s3:l7">En zingen zonder treuren</l>
        <l id="s3:l8">In deez beroemde wijk:</l>
        <l id="s3:l9">Ligt Karel nu gevangen</l>
        <l id="s3:l10">Die ons zoo plag te prangen,</l>
        <l id="s3:l11">Lof zij de groote Koning</l>
        <l id="s3:l12">Van Spanjen, door wiens deugd</l>
        <l id="s3:l13">Ons land en hof en woning</l>
        <l id="s3:l14">Weer groeit en bloeit in vreugd.</l>
      </lg>
      <lg id="s4" type="stanza">
        <l id="s4:l1">Laat alle de Brabanders,</l>
        <l id="s4:l2">In 't gansche land van Waas,</l>
        <l id="s4:l3">Met Luyks- en Gulker-landers</l>
        <l id="s4:l4">Tot aan den Rijn en Maas</l>
        <l id="s4:l5">Voort bij malkander komen</l>
        <l id="s4:l6">Hier aan de Scheldestroom,</l>
        <l id="s4:l7">En roepen zonder schroomen</l>
        <l id="s4:l8">Vrij met een lossen toom:</l>
        <l id="s4:l9">Hier zit de Lotteringer,</l>
        <l id="s4:l10">De straffe landbespringer,</l>
        <l id="s4:l11">Gesloten in der muyten</l>
        <l id="s4:l12">En smoort in zijn fenijn.</l>
        <l id="s4:l13">Wij juichen nu hier buiten,</l>
        <l id="s4:l14">Zoo krijgt een ieder 't zijn.</l>
      </lg>
    </lg>
  </text>
</song>