<song>
  <meta>
    <id>122383</id>
    <date>
      <year-start>1828</year-start>
      <year-end>1828</year-end>
    </date>
    <location>
      <orginal-name>'s-gravenhage</orginal-name>
      <standard-name>The Hague, The Netherlands</standard-name>
      <coordinates>
        <lon>52.0799838</lon>
        <lat>4.3113461</lat>
      </coordinates>
    </location>
    <tags>
      <tag standard-name="verhalend lied" translation="narrative song">verhalend lied</tag>
      <tag standard-name="liefdesklacht" translation="love complaint">liefdesklacht</tag>
    </tags>
    <melody>Dorothea droevig aan de kant</melody>
    <categories>
      <category translation="love and sex">liefde en seks</category>
      <category translation="narratives">verhalen</category>
    </categories>
  <author>Anonymous</author></meta>
  <text>
    <lg type="song">
      <lg id="s1" type="stanza">
        <l id="s1:l1">Daphnis bedrukt, ver van zijn bruid,</l>
        <l id="s1:l2">Zat op zijn riet en neurde,</l>
        <l id="s1:l3">Willend' haar ontrouw zingen uit;</l>
        <l id="s1:l4">Hoort wat deez' knaap gebeurde:</l>
        <l id="s1:l5">De noordewind fel barstend uit</l>
        <l id="s1:l6">Deed, Daphnis niet meer treurde.</l>
      </lg>
      <lg id="s2" type="stanza">
        <l id="s2:l1">Want berg en bosch en beemden door,</l>
        <l id="s2:l2">Door rotzen, kwam hij booren,</l>
        <l id="s2:l3">Tot dat hij 't knaapjen in zijn oor</l>
        <l id="s2:l4">Had zoetlijk laten hooren</l>
        <l id="s2:l5">De tijding zijnes liefs, die voor</l>
        <l id="s2:l6">Veel tijds hij had verloren.</l>
      </lg>
      <lg id="s3" type="stanza">
        <l id="s3:l1">Zoo haast 't minziek knaapje vernam</l>
        <l id="s3:l2">Dorelea's we&#234;rliefdstrouwe,</l>
        <l id="s3:l3">Hij ganschlijk tot zich zelven kwam,</l>
        <l id="s3:l4">Begon dus: zoete vrouwe!</l>
        <l id="s3:l5">Voor de liefste ik u uit andere nam,</l>
        <l id="s3:l6">Zal 'k u ook eeuwig hou&#234;n.</l>
      </lg>
      <lg id="s4" type="stanza">
        <l id="s4:l1">Straks hij verandert van gelaat,</l>
        <l id="s4:l2">'t Bloed stijgt in lip en wangen,</l>
        <l id="s4:l3">Straks hij verandert van gewaad,</l>
        <l id="s4:l4">Laat 't treurkleed niet meer hangen,</l>
        <l id="s4:l5">Schort op zijn kleed'ren groen beblaad,</l>
        <l id="s4:l6">Om doen luchtige gangen.</l>
      </lg>
      <lg id="s5" type="stanza">
        <l id="s5:l1">De held're zon heetschijnend ook</l>
        <l id="s5:l2">Met Daphnis had me&#234;lijden,</l>
        <l id="s5:l3">En haast'lijk achter wolkjes dook,</l>
        <l id="s5:l4">Want d'hett' hij niet kon mijden,</l>
        <l id="s5:l5">Door 't dichtste bosch hij heenen slook,</l>
        <l id="s5:l6">'d Onveiligst pad bezijden.</l>
      </lg>
      <lg id="s6" type="stanza">
        <l id="s6:l1">Dus door 't lang gaan hij na&#234;rde digt</l>
        <l id="s6:l2">Aan 't hutje zijns beminde,</l>
        <l id="s6:l3">En 't scheen van ver, dat 't held're licht</l>
        <l id="s6:l4">Haar's maagd'lijkheid stond in de</l>
        <l id="s6:l5">Deur van de woning, opgesticht</l>
        <l id="s6:l6">Onder een groene linde.</l>
      </lg>
      <lg id="s7" type="stanza">
        <l id="s7:l1">Hij zag zijn lief, zij schier bezweek</l>
        <l id="s7:l2">Toen zij haar's Prins stem hoorde.</l>
        <l id="s7:l3">Hij zei: mijn lief, ach! hoe dus bleek?</l>
        <l id="s7:l4">Haar lonkjens hem bekoorden,</l>
        <l id="s7:l5">En 't hartje niet van 't ander week,</l>
        <l id="s7:l6">Geen Momus haar verstoorde.</l>
      </lg>
    </lg>
  </text>
</song>