<song>
  <meta>
    <id>122311</id>
    <date>
      <year-start>1828</year-start>
      <year-end>1828</year-end>
    </date>
    <location>
      <orginal-name>'s-gravenhage</orginal-name>
      <standard-name>The Hague, The Netherlands</standard-name>
      <coordinates>
        <lon>52.0799838</lon>
        <lat>4.3113461</lat>
      </coordinates>
    </location>
    <tags>
      <tag standard-name="bespiegelend lied" translation="reflective song">bespiegelend lied</tag>
    </tags>
    <melody>R&#233;veillez-vous belle endormie</melody>
    <categories>
      <category translation="religion">godsdienst</category>
    </categories>
  <author>Anonymous</author></meta>
  <text>
    <lg type="song">
      <lg id="s1" type="stanza">
        <l id="s1:l1">Dit waren eertijds breede wegen,</l>
        <l id="s1:l2">En ziet nu zijn het smalle pa&#234;n;</l>
        <l id="s1:l3">Wat is er mij ook aan gelegen?</l>
        <l id="s1:l4">'t Is mij maar om den weg te gaan.</l>
      </lg>
      <lg id="s2" type="stanza">
        <l id="s2:l1">Ik heb op breed noch eng te letten,</l>
        <l id="s2:l2">Wat kan een smalle weg mij scha&#234;n?</l>
        <l id="s2:l3">Kan ik er maar mijn voeten zetten.</l>
        <l id="s2:l4">'t Is mij maar om den weg te gaan.</l>
      </lg>
      <lg id="s3" type="stanza">
        <l id="s3:l1">En of er nog veel schoone straten,</l>
        <l id="s3:l2">Vol sierlijkheid, bezijden aan</l>
        <l id="s3:l3">Dit paadje waren, kon 't mij baten?</l>
        <l id="s3:l4">'t Is mij maar om den weg te gaan.</l>
      </lg>
      <lg id="s4" type="stanza">
        <l id="s4:l1">Begeerig hart wat kan 't u geven,</l>
        <l id="s4:l2">Of u een volle koffer doscht,</l>
        <l id="s4:l3">Of sobre nooddruft wel doet leven?</l>
        <l id="s4:l4">Voor mij, 't is mij maar om den kost.</l>
      </lg>
      <lg id="s5" type="stanza">
        <l id="s5:l1">Geen volle kas kan mij vernoegen,</l>
        <l id="s5:l2">Geen spijs die overschiet mij vo&#234;n,</l>
        <l id="s5:l3">Wat hoef ik om te veel te ploegen?</l>
        <l id="s5:l4">'t Is mij maar om den kost te doen.</l>
      </lg>
      <lg id="s6" type="stanza">
        <l id="s6:l1">Genoeg is eel, of 't breed of smal is,</l>
        <l id="s6:l2">Genoeg, dat kan mij effen vo&#234;n,</l>
        <l id="s6:l3">Genoeg mij in de plaats van al is;</l>
        <l id="s6:l4">'t Is mij maar om den kost te doen.</l>
      </lg>
      <lg id="s7" type="stanza">
        <l id="s7:l1">Een andr'e schat van hooger waarde</l>
        <l id="s7:l2">Is 't daar ik met mijn lust naar hijg,</l>
        <l id="s7:l3">En mij genoeg als ik op aarde</l>
        <l id="s7:l4">Den kost maar voor dit leven krijg.</l>
      </lg>
      <lg id="s8" type="stanza">
        <l id="s8:l1">En of 't een smalle weg moet wezen</l>
        <l id="s8:l2">Die mij geleidt ten Hemel aan,</l>
        <l id="s8:l3">Geen ongemak en wil ik vreezen</l>
        <l id="s8:l4">'t Is mij maar om den weg te gaan.</l>
      </lg>
      <lg id="s9" type="stanza">
        <l id="s9:l1">En zal 'k mijns vaders wijsheid laken,</l>
        <l id="s9:l2">Die 't zoo bestelde naar zijn zin?</l>
        <l id="s9:l3">'t Is mij genoeg kan ik maar raken</l>
        <l id="s9:l4">Door 't smalle pad ten Hemel in.</l>
      </lg>
      <lg id="s10" type="stanza">
        <l id="s10:l1">Ik laat het ruime, voor wiens herte</l>
        <l id="s10:l2">Bezuren zal den zielen-wroeg;</l>
        <l id="s10:l3">Voor mij, mij zijn de korte smerten</l>
        <l id="s10:l4">Van 't smalle pad al ruim genoeg.</l>
      </lg>
    </lg>
  </text>
</song>