<song>
  <meta>
    <id>122371</id>
    <date>
      <year-start>1828</year-start>
      <year-end>1828</year-end>
    </date>
    <location>
      <orginal-name>'s-gravenhage</orginal-name>
      <standard-name>The Hague, The Netherlands</standard-name>
      <coordinates>
        <lon>52.0799838</lon>
        <lat>4.3113461</lat>
      </coordinates>
    </location>
    <tags>
      <tag standard-name="ambachtslied" translation="trademan's song">ambachtslied</tag>
    </tags>
    <melody>Aan de oever van een snelle vliet</melody>
    <categories>
      <category translation="work">werk</category>
    </categories>
  <author>Anonymous</author></meta>
  <text>
    <lg type="song">
      <lg id="s1" type="stanza">
        <l id="s1:l1">Het lieve schoftuur slaat, te regt</l>
        <l id="s1:l2">De wensch van d'ambachtsman:</l>
        <l id="s1:l3">Nu in de schaduw ne&#234;rgelegd,</l>
        <l id="s1:l4">Hoe smaakt de rust mij dan!</l>
      </lg>
      <lg id="s2" type="stanza">
        <l id="s2:l1">Het was van daag ook vreeslijk heet,</l>
        <l id="s2:l2">Er liep, van toen 'k begon,</l>
        <l id="s2:l3">Van mijn gezigt een stroom van zweet,</l>
        <l id="s2:l4">Als lag in 't hoofd een bron.</l>
      </lg>
      <lg id="s3" type="stanza">
        <l id="s3:l1">Wat de arme man niet lijden moet,</l>
        <l id="s3:l2">Voor die niets doende li&#234;n,</l>
        <l id="s3:l3">Die wij, voor lout'ren overvloed,</l>
        <l id="s3:l4">Zich moede rusten zien!</l>
      </lg>
      <lg id="s4" type="stanza">
        <l id="s4:l1">'k Dacht dikwijls, (dan, 'k had ongelijk,</l>
        <l id="s4:l2">Hetgeen ik gaarne erken)</l>
        <l id="s4:l3">Waarom of ik ook niet zoo rijk</l>
        <l id="s4:l4">Als zulke menschen ben?</l>
      </lg>
      <lg id="s5" type="stanza">
        <l id="s5:l1">Maar mij viel in: God vond het goed,</l>
        <l id="s5:l2">Dat is u toch bewust;</l>
        <l id="s5:l3">En 't stukje brood smaakt dien slechts zoet</l>
        <l id="s5:l4">Die na den arbeid rust.</l>
      </lg>
      <lg id="s6" type="stanza">
        <l id="s6:l1">Met alles is 't, na korten tijd,</l>
        <l id="s6:l2">Op de aarde toch gedaan,</l>
        <l id="s6:l3">Dan vangt, ter vrolijke eeuwigheid,</l>
        <l id="s6:l4">De heilige avond aan.</l>
      </lg>
      <lg id="s7" type="stanza">
        <l id="s7:l1">Daar zijn wij allen we&#234;r gelijk,</l>
        <l id="s7:l2">Daar kent men druk noch kruis,</l>
        <l id="s7:l3">Het werk is af, en arm en rijk</l>
        <l id="s7:l4">Gaat om zijn loon naar huis.</l>
      </lg>
    </lg>
  </text>
</song>