<song>
  <meta>
    <id>122337</id>
    <date>
      <year-start>1828</year-start>
      <year-end>1828</year-end>
    </date>
    <location>
      <orginal-name>'s-gravenhage</orginal-name>
      <standard-name>The Hague, The Netherlands</standard-name>
      <coordinates>
        <lon>52.0799838</lon>
        <lat>4.3113461</lat>
      </coordinates>
    </location>
    <tags>
      <tag standard-name="loflied" translation="praise song">loflied</tag>
    </tags>
    <melody>Broertje maat wat zegt</melody>
    <categories>
      <category translation="religion">godsdienst</category>
    </categories>
  <author>Anonymous</author></meta>
  <text>
    <lg type="song">
      <lg id="s1" type="stanza">
        <l id="s1:l1">O Stroom-God van den Amstel-vliet!</l>
        <l id="s1:l2">Waar is er in oud Romen</l>
        <l id="s1:l3">Augustus zoo veel eer geschied</l>
        <l id="s1:l4">Als u, op uwe stroomen?</l>
        <l id="s1:l5">Nooit werd Cesar 't hoofd gesierd</l>
        <l id="s1:l6">Met zulke lauwerieren.</l>
        <l id="s1:l7">Maar werd Cato zoo gevierd</l>
        <l id="s1:l8">In den Raad dien hij bestiert?</l>
        <l id="s1:l9">Athene zag nooit blijer dag,</l>
        <l id="s1:l10">Toen hare zege boven lag.</l>
      </lg>
      <lg id="s2" type="stanza">
        <l id="s2:l1">De Noordstar dook, de Oosterzon</l>
        <l id="s2:l2">Bescheen hier stad en stroomen;</l>
        <l id="s2:l3">De ijverende jachtman kon</l>
        <l id="s2:l4">In 't bed niet langer droomen,</l>
        <l id="s2:l5">Maar ijlt naar jacht en sloep en schuit,</l>
        <l id="s2:l6">Slaat aan en nat zijn zeilen,</l>
        <l id="s2:l7">Hijs op in top de brui, haal uit,</l>
        <l id="s2:l8">Daar veel en keel, trompet en fluit,</l>
        <l id="s2:l9">Om 't zoetste lui, daar komt een bui,</l>
        <l id="s2:l10">Dat leidt op 't oor, hou vol de brui.</l>
      </lg>
      <lg id="s3" type="stanza">
        <l id="s3:l1">Daar 't volkrijk Amsterdam toezag</l>
        <l id="s3:l2">Met honderd duizend oogen,</l>
        <l id="s3:l3">Hier waait een wimpel, daar een vlag,</l>
        <l id="s3:l4">Bij vijftig masten boogen.</l>
        <l id="s3:l5">De zeiltjes hingen aan de wind,</l>
        <l id="s3:l6">De boordjes schepten water.</l>
        <l id="s3:l7">Hier gemoet ons eene vrind</l>
        <l id="s3:l8">Van den jachtraad zoo bemind,</l>
        <l id="s3:l9">Men brengt hem voort, de vlag aan boord,</l>
        <l id="s3:l10">En loopt nog verder van de Noord.</l>
      </lg>
      <lg id="s4" type="stanza">
        <l id="s4:l1">Nu bij de wind, ik kan niet, hee,</l>
        <l id="s4:l2">Dien hoek niet boven raken,</l>
        <l id="s4:l3">Neen, gaat een gang, uw zwaard los, ree,</l>
        <l id="s4:l4">Dat rak is vlak voor 't laken.</l>
        <l id="s4:l5">Viert los uw schoot, hoe legt g'en keft,</l>
        <l id="s4:l6">Wilt gij mij leeren zeilen?</l>
        <l id="s4:l7">Den Admiraal nog wat gehest,</l>
        <l id="s4:l8">Bier, brood aan boord; een jachtje treft;</l>
        <l id="s4:l9">Aan lij uw roer; maak gij ruim vloer;</l>
        <l id="s4:l10">'k Wou dat gij in een stroomnimf voer.</l>
      </lg>
      <lg id="s5" type="stanza">
        <l id="s5:l1">De Admiraal die wende en sprak,</l>
        <l id="s5:l2">Aan ons zijn weet en woord gaf:</l>
        <l id="s5:l3">Wie dat mij lief heeft, volg en zak</l>
        <l id="s5:l4">Met mij we&#234;r om de Noord af;</l>
        <l id="s5:l5">Aan d'Omval zet hij zijn kiel,</l>
        <l id="s5:l6">Hoe schraaltjes zag 't de Molen;</l>
        <l id="s5:l7">Smijt toe uw vanglijn, vrome ziel,</l>
        <l id="s5:l8">Riep hij die dit wel geviel,</l>
        <l id="s5:l9">Dat zoo uw vloot, om bier en brood</l>
        <l id="s5:l10">Kwam vlotten in zijn omvals boot.</l>
      </lg>
      <lg id="s6" type="stanza">
        <l id="s6:l1">'t Sa tap, schaf bier in glas en kan,</l>
        <l id="s6:l2">En ovens om te smoken,</l>
        <l id="s6:l3">Zoo veel als 't alles zuigen kan,</l>
        <l id="s6:l4">Een troostrijk woord gesproken</l>
        <l id="s6:l5">Van onzen Admiraal, dien held,</l>
        <l id="s6:l6">Een blom van zulken offer,</l>
        <l id="s6:l7">Den Stroomgod hier ter eer gesteld,</l>
        <l id="s6:l8">De roemers men bij 't klinken telt,</l>
        <l id="s6:l9">Men drink, men zing, men lagch, men spring.</l>
        <l id="s6:l10">Den avond viel en ieder ging,</l>
      </lg>
      <lg id="s7" type="stanza">
        <l id="s7:l1">We&#234;r scheep, toen lag der winden God</l>
        <l id="s7:l2">In slaap en buiten magten,</l>
        <l id="s7:l3">Zoo maakt men een getakeld vlot</l>
        <l id="s7:l4">Van t'zaamgebonden jachten.</l>
        <l id="s7:l5">Zoo drijft men zonder wind voor stroom,</l>
        <l id="s7:l6">Men spoelt met Bacchus-tranen</l>
        <l id="s7:l7">Den overloop, tot dat men koom</l>
        <l id="s7:l8">Al zoet al zachtjes door den boom,</l>
        <l id="s7:l9">Daar zet men 't strak, de nadorst sprak:</l>
        <l id="s7:l10">Ga lesch mij in de regen-bak.</l>
      </lg>
      <lg id="s8" type="stanza">
        <l id="s8:l1">Zoodanig was het schip-gewoel</l>
        <l id="s8:l2">Van Amstels burger bootsman,</l>
        <l id="s8:l3">De puts en plegt verstrekt een stoel,</l>
        <l id="s8:l4">De kittebro&#234;r een lootsman,</l>
        <l id="s8:l5">In 't roemmert, elke smookebro&#234;r</l>
        <l id="s8:l6">Voer hier voor een bosschieter,</l>
        <l id="s8:l7">De Ruime tijd die stond aan 't roer,</l>
        <l id="s8:l8">Ik twijfel hoe de Nasmart voer,</l>
        <l id="s8:l9">Had ik gezien, krioel geschi&#234;n,</l>
        <l id="s8:l10">'k Zou daar een beter bod naar bi&#234;n.</l>
      </lg>
    </lg>
  </text>
</song>