<song>
  <meta>
    <id>122340</id>
    <date>
      <year-start>1828</year-start>
      <year-end>1828</year-end>
    </date>
    <location>
      <orginal-name>'s-gravenhage</orginal-name>
      <standard-name>The Hague, The Netherlands</standard-name>
      <coordinates>
        <lon>52.0799838</lon>
        <lat>4.3113461</lat>
      </coordinates>
    </location>
    <tags>
      <tag standard-name="spotlied" translation="mocking song">spotlied</tag>
      <tag standard-name="liefdesklacht" translation="love complaint">liefdesklacht</tag>
    </tags>
    <melody>Belle qui me vas martyrisant</melody>
    <categories>
      <category translation="love and sex">liefde en seks</category>
      <category translation="amusement">vermaak</category>
    </categories>
  <author>Anonymous</author></meta>
  <text>
    <lg type="song">
      <lg id="s1" type="stanza">
        <l id="s1:l1">Een oude fabel van lange wijl</l>
        <l id="s1:l2">Stelt ons Cupido voor,</l>
        <l id="s1:l3">Dat hij met zijne boog ende pijl</l>
        <l id="s1:l4">Des minnaars hert schiet door,</l>
        <l id="s1:l5">Waaruit terstond de minne zwelt</l>
        <l id="s1:l6">En maakt dat hij zijn liefde op iemand stelt.</l>
      </lg>
      <lg id="s2" type="stanza">
        <l id="s2:l1">Men stelt hem met een fakkel in d'hand,</l>
        <l id="s2:l2">Gevuld met brandend licht,</l>
        <l id="s2:l3">Daardoor hij terstond in 't ingewand</l>
        <l id="s2:l4">Een minnevlamme sticht:</l>
        <l id="s2:l5">Zij schild'ren hem ook als een kind</l>
        <l id="s2:l6">Zonder gezigt, en beide oogen blind.</l>
      </lg>
      <lg id="s3" type="stanza">
        <l id="s3:l1">Die dit versierde zeer grootelijks loog,</l>
        <l id="s3:l2">En die 't gelooft is mal:</l>
        <l id="s3:l3">Een kind, een fakkel, een pijl, een boog,</l>
        <l id="s3:l4">Die doen hier niet met al:</l>
        <l id="s3:l5">De minnevlam, die zoete brand</l>
        <l id="s3:l6">Die komt ons toe van een heel ander kant.</l>
      </lg>
      <lg id="s4" type="stanza">
        <l id="s4:l1">De minne die zijnen scherpen schicht</l>
        <l id="s4:l2">Mij tot de ziel schoot in,</l>
        <l id="s4:l3">Kwam aangevlogen uit het gezigt</l>
        <l id="s4:l4">Van haar die ik bemin.</l>
        <l id="s4:l5">Haar zoet en minnelijken oog,</l>
        <l id="s4:l6">Was 't altemaal, de pees, de pijl en boog.</l>
      </lg>
      <lg id="s5" type="stanza">
        <l id="s5:l1">De fakkel die mij in mijne jeugd</l>
        <l id="s5:l2">Het herte stak in brand,</l>
        <l id="s5:l3">Dat was haar reine en witte deugd</l>
        <l id="s5:l4">Haar zeden en, verstand:</l>
        <l id="s5:l5">En daar kwam ook haar, schoonheid bij,</l>
        <l id="s5:l6">Waarbij Heleen niet te gelijken zij.</l>
      </lg>
      <lg id="s6" type="stanza">
        <l id="s6:l1">Maar Cupido die en was er niet,</l>
        <l id="s6:l2">Hij heeft mij nooit geplaagd,</l>
        <l id="s6:l3">Maar die mijn hert heeft in haar gebied</l>
        <l id="s6:l4">Dat is een jonge maagd:</l>
        <l id="s6:l5">Ik zwijg wie 't is: maar zegge zoo:</l>
        <l id="s6:l6">Mijn liefste is nu zelve Cupido.</l>
      </lg>
    </lg>
  </text>
</song>