<song>
  <meta>
    <id>122360</id>
    <date>
      <year-start>1828</year-start>
      <year-end>1828</year-end>
    </date>
    <location>
      <orginal-name>'s-gravenhage</orginal-name>
      <standard-name>The Hague, The Netherlands</standard-name>
      <coordinates>
        <lon>52.0799838</lon>
        <lat>4.3113461</lat>
      </coordinates>
    </location>
    <tags>
      <tag standard-name="liefdesklacht" translation="love complaint">liefdesklacht</tag>
    </tags>
    <melody />
    <categories>
      <category translation="love and sex">liefde en seks</category>
    </categories>
  <author>Anonymous</author></meta>
  <text>
    <lg type="song">
      <lg id="s1" type="stanza">
        <l id="s1:l1">Laast in de stille nacht gelegen</l>
        <l id="s1:l2">Zoo borst ik uit in dit geween:</l>
        <l id="s1:l3">Onzagte! laat ge u nooit bewegen,</l>
        <l id="s1:l4">Door al mijn zugten en gebe&#234;n?</l>
      </lg>
      <lg id="s2" type="stanza">
        <l id="s2:l1">Of zullen dan slegts eeuwig varen</l>
        <l id="s2:l2">Mijn minnezugten in den wind?</l>
        <l id="s2:l3">Mijn zilte tranen in de baren,</l>
        <l id="s2:l4">Daar gij opregt'lijk werd bemind!</l>
      </lg>
      <lg id="s3" type="stanza">
        <l id="s3:l1">O Galath&#233;! zal dan mijn weenen</l>
        <l id="s3:l2">Steeds breken op uw steenig hert?</l>
        <l id="s3:l3">O hert! nog harder dan de steenen</l>
        <l id="s3:l4">Die door de zee bekabbeld werd.</l>
      </lg>
      <lg id="s4" type="stanza">
        <l id="s4:l1">'t Is al in stilte langs de kusten,</l>
        <l id="s4:l2">Een ieder heeft de slaap gevat:</l>
        <l id="s4:l3">Het zeekalf legt gedwee te rusten;</l>
        <l id="s4:l4">Ja zelver rust het woelziek nat.</l>
      </lg>
      <lg id="s5" type="stanza">
        <l id="s5:l1">Maar ik herdenkende mijn treuren,</l>
        <l id="s5:l2">In 't nare en 't stille van den nacht!</l>
        <l id="s5:l3">Mij zeg ik mag geen rust gebeuren,</l>
        <l id="s5:l4">Schoon 't al van slaap ligt als verkragt.</l>
      </lg>
    </lg>
  </text>
</song>