<song>
  <meta>
    <id>122316</id>
    <date>
      <year-start>1828</year-start>
      <year-end>1828</year-end>
    </date>
    <location>
      <orginal-name>'s-gravenhage</orginal-name>
      <standard-name>The Hague, The Netherlands</standard-name>
      <coordinates>
        <lon>52.0799838</lon>
        <lat>4.3113461</lat>
      </coordinates>
    </location>
    <tags>
      <tag standard-name="meilied" translation="May song">meilied</tag>
    </tags>
    <melody>La terre s'&#233;maille de vert</melody>
    <categories>
      <category translation="seasons and annual events">jaarkring</category>
    </categories>
  <author>Anonymous</author></meta>
  <text>
    <lg type="song">
      <lg id="s1" type="stanza">
        <l id="s1:l1">Zoo ras de Winter bar aflaat</l>
        <l id="s1:l2">d'Aarde te omhelzen koud en kwaad,</l>
        <l id="s1:l3">Met zijne stuursche vlagen:</l>
        <l id="s1:l4">Komt ons de Lente zacht en zoet,</l>
        <l id="s1:l5">Die haar de borst op doet</l>
        <l id="s1:l6">Door verliefde dagen.</l>
      </lg>
      <lg id="s2" type="stanza">
        <l id="s2:l1">'t Zoele windetjen uit den zuid</l>
        <l id="s2:l2">Blaast nu veel blij&#234; bloempjes uit,</l>
        <l id="s2:l3">Rozen en violetten,</l>
        <l id="s2:l4">'t Lacht al den hemel gunstig aan,</l>
        <l id="s2:l5">Elk loofje versch ontdaan</l>
        <l id="s2:l6">Voelt minn'lijke hetten.</l>
      </lg>
      <lg id="s3" type="stanza">
        <l id="s3:l1">'t Klein leeuwerikke tiereliert,</l>
        <l id="s3:l2">Adieu, adieu! al hooger zwiert;</l>
        <l id="s3:l3">Ook 't distelvink en 't sijsje</l>
        <l id="s3:l4">Loozen uit haar verliefde krop,</l>
        <l id="s3:l5">In eik en myrthe-top</l>
        <l id="s3:l6">Menig lieflijk wijsje.</l>
      </lg>
      <lg id="s4" type="stanza">
        <l id="s4:l1">Zelfs 't vriendelijk en zacht gemoed</l>
        <l id="s4:l2">Der teedre nymfjes wordt gevoed</l>
        <l id="s4:l3">Met nieuwe heete vlaagjes,</l>
        <l id="s4:l4">'t Lacht al in dezen zoeten tijd,</l>
        <l id="s4:l5">Ja 't schijnt de hemel lijdt</l>
        <l id="s4:l6">Lieve minneplaagjes.</l>
      </lg>
      <lg id="s5" type="stanza">
        <l id="s5:l1">Ofschoon de wereld opgepronkt,</l>
        <l id="s5:l2">Zich dus nu te eenemaal verjonkt</l>
        <l id="s5:l3">Door togtjes van de minne,</l>
        <l id="s5:l4">Nogtans niet eenen vonkjen heet</l>
        <l id="s5:l5">Zijn uitbreidsels deed</l>
        <l id="s5:l6">In mijn juffrouws zinnen.</l>
      </lg>
      <lg id="s6" type="stanza">
        <l id="s6:l1">Waant gij dat dit uw ligchaam sier,</l>
        <l id="s6:l2">IJskoud (hoewel 't in mij sticht vier)</l>
        <l id="s6:l3">Heeft nog een' Mei te wachten?</l>
        <l id="s6:l4">Denkt vrij, indien gij u eens laat</l>
        <l id="s6:l5">Ontglij&#234;n dit sieraad,</l>
        <l id="s6:l6">Vruchtloos zijn uw krachten.</l>
      </lg>
      <lg id="s7" type="stanza">
        <l id="s7:l1">Want u dan 's Zomers heet gestraal</l>
        <l id="s7:l2">Ligtlijk deez jeugdigheid onthaal',</l>
        <l id="s7:l3">Ook d'Herrefst, stuursch van weken,</l>
        <l id="s7:l4">Zal u deez' kaakjes, vlechtjes blond,</l>
        <l id="s7:l5">En deez' koralen mond</l>
        <l id="s7:l6">Allengs doen verbleken.</l>
      </lg>
    </lg>
  </text>
</song>