<song>
  <meta>
    <id>122339</id>
    <date>
      <year-start>1828</year-start>
      <year-end>1828</year-end>
    </date>
    <location>
      <orginal-name>'s-gravenhage</orginal-name>
      <standard-name>The Hague, The Netherlands</standard-name>
      <coordinates>
        <lon>52.0799838</lon>
        <lat>4.3113461</lat>
      </coordinates>
    </location>
    <tags>
      <tag standard-name="kluchtlied" translation="humorous song">kluchtlied</tag>
    </tags>
    <melody>Prins Robberts mars</melody>
    <categories>
      <category translation="amusement">vermaak</category>
    </categories>
  <author>Cornelis Maertsz.</author></meta>
  <text>
    <lg type="song">
      <lg id="s1" type="stanza">
        <l id="s1:l1">Een aap die eenen vreemden lust</l>
        <l id="s1:l2">In zijn gedachten kreeg,</l>
        <l id="s1:l3">Was in hem zelven niet gerust,</l>
        <l id="s1:l4">Te blijven hier omleeg,</l>
        <l id="s1:l5">Hij zag den zwier der vog'len aan</l>
        <l id="s1:l6">Tot boven in de lucht,</l>
        <l id="s1:l7">En dachte, ik wil mede gaan</l>
        <l id="s1:l8">En trekken op de vlugt.</l>
      </lg>
      <lg id="s2" type="stanza">
        <l id="s2:l1">Hij maakte vleugelen van was,</l>
        <l id="s2:l2">Aan elke zijde een,</l>
        <l id="s2:l3">En daarme&#232; was hij wel te pas,</l>
        <l id="s2:l4">Want daarop vloog hij heen:</l>
        <l id="s2:l5">De grillen in zijn malle kruin</l>
        <l id="s2:l6">Die dreven hem omhoog,</l>
        <l id="s2:l7">Geen spitse toorn noch hooge duin</l>
        <l id="s2:l8">Daar hij niet op en vloog.</l>
      </lg>
      <lg id="s3" type="stanza">
        <l id="s3:l1">Ten leste door zijn dwaze zucht,</l>
        <l id="s3:l2">Die dagelijks aanwon,</l>
        <l id="s3:l3">Zoo dacht hij met een snelle vlugt</l>
        <l id="s3:l4">Te vliegen op de zon:</l>
        <l id="s3:l5">Maar dezen dwazen overleg,</l>
        <l id="s3:l6">Die wordt in 't einde valsch.</l>
        <l id="s3:l7">De zon die smolt zijn vleug'len weg,</l>
        <l id="s3:l8">Hij viel, en brak zijn hals.</l>
      </lg>
      <lg id="s4" type="stanza">
        <l id="s4:l1">Een die met ander' lieden geld</l>
        <l id="s4:l2">Hem meent te maken rijk,</l>
        <l id="s4:l3">Doordien dat hem de hoogmoed kwelt,</l>
        <l id="s4:l4">Is ook deez' aap gelijk:</l>
        <l id="s4:l5">Hij, met een opgeblazen moed,</l>
        <l id="s4:l6">t'Onvreden met zijn' staat,</l>
        <l id="s4:l7">Gaat hoopen zamen goed op goed,</l>
        <l id="s4:l8">En sta&#226;g hij hooger gaat.</l>
      </lg>
      <lg id="s5" type="stanza">
        <l id="s5:l1">Dan is 't dat hij met nijd aanziet</l>
        <l id="s5:l2">Den genen die regeert</l>
        <l id="s5:l3">En hoe een ieder 't hoog Gebied</l>
        <l id="s5:l4">Met kromme kni&#235;n eert.</l>
        <l id="s5:l5">Dies vijzelt hij hem zelven op</l>
        <l id="s5:l6">Tot hooge magt en eer,</l>
        <l id="s5:l7">Tot dat hij op den hoogsten top</l>
        <l id="s5:l8">Zit pronken als een heer.</l>
      </lg>
      <lg id="s6" type="stanza">
        <l id="s6:l1">Maar wanneer hij in hooge magt</l>
        <l id="s6:l2">De zon wil zijn gelijk</l>
        <l id="s6:l3">En overal de zwarte nacht</l>
        <l id="s6:l4">Wil jagen uit zijn rijk,</l>
        <l id="s6:l5">Alleen door glans van zijn sieraad;</l>
        <l id="s6:l6">Zoo komt des Hemels Heer</l>
        <l id="s6:l7">En smelt zijn trotschen, hoogen staat:</l>
        <l id="s6:l8">Daar valt den aap dan ne&#234;r.</l>
      </lg>
    </lg>
  </text>
</song>