<song>
  <meta>
    <id>122334</id>
    <date>
      <year-start>1828</year-start>
      <year-end>1828</year-end>
    </date>
    <location>
      <orginal-name>'s-gravenhage</orginal-name>
      <standard-name>The Hague, The Netherlands</standard-name>
      <coordinates>
        <lon>52.0799838</lon>
        <lat>4.3113461</lat>
      </coordinates>
    </location>
    <tags>
      <tag standard-name="meilied" translation="May song">meilied</tag>
    </tags>
    <melody>Allemande amoureus</melody>
    <categories>
      <category translation="seasons and annual events">jaarkring</category>
    </categories>
  <author>Anonymous</author></meta>
  <text>
    <lg type="song">
      <lg id="s1" type="stanza">
        <l id="s1:l1">Deugdelijk wilt ontspringen</l>
        <l id="s1:l2">Om een nieuw lied te zingen,</l>
        <l id="s1:l3">Nu uit der aarden dringen</l>
        <l id="s1:l4">Die kruiden groot van krachten</l>
        <l id="s1:l5">Die door de Mai voortbritigen</l>
        <l id="s1:l6">Veel liefelijke dingen</l>
        <l id="s1:l7">En op deez' winters dwingen</l>
        <l id="s1:l8">Voortaan niet meer en achten.</l>
        <l id="s1:l9">Die lusthoven planteit</l>
        <l id="s1:l10">Zijn door Flora bezaaid,</l>
        <l id="s1:l11">Yder zich doch bereidt</l>
        <l id="s1:l12">Om daar met naarstigheid</l>
        <l id="s1:l13">De vreugdbloemkens te pluiken</l>
        <l id="s1:l14">Die door Phoebus ontluiken</l>
        <l id="s1:l15">Geneugelijk om ruiken</l>
        <l id="s1:l16">In 't groene land daar Venus u verbeidt.</l>
      </lg>
      <lg id="s2" type="stanza">
        <l id="s2:l1">Daar zal zich openbaren</l>
        <l id="s2:l2">Cupido, die zeer garen</l>
        <l id="s2:l3">Tot dienst van zijn dienaren</l>
        <l id="s2:l4">Bereidt zijn boge vaardig,</l>
        <l id="s2:l5">Voegt u aldaar bij paren</l>
        <l id="s2:l6">Gij die zijt jonk van jaren,</l>
        <l id="s2:l7">Slaat op der vreugden snaren</l>
        <l id="s2:l8">Als amoreusen aardig.</l>
        <l id="s2:l9">Aanschouwt hoe zoet</l>
        <l id="s2:l10">Dat Ceres haar opdoet,</l>
        <l id="s2:l11">'t Land staat in overvloed</l>
        <l id="s2:l12">Bekleed met vruchten goed</l>
        <l id="s2:l13">Die zij voor u laat komen</l>
        <l id="s2:l14">Eerst van haar tak genomen,</l>
        <l id="s2:l15">Eet daarvan zonder schroomen</l>
        <l id="s2:l16">Tot dat uw lust in all's zal zijn geboet.</l>
      </lg>
      <lg id="s3" type="stanza">
        <l id="s3:l1">Wijn die droefheid kan krinken</l>
        <l id="s3:l2">Zendt Bacchus om te drinken,</l>
        <l id="s3:l3">Waardoor men ziet ontzinken</l>
        <l id="s3:l4">Veel zware fantazijen:</l>
        <l id="s3:l5">Of nijders al wat dinken</l>
        <l id="s3:l6">Men gaar er niet van hinken,</l>
        <l id="s3:l7">Laat vrij uw keeltjens klinken</l>
        <l id="s3:l8">In spijt van die 't benijen:</l>
        <l id="s3:l9">Onder een groen prieel</l>
        <l id="s3:l10">Alwaar men 't zoet gekweel</l>
        <l id="s3:l11">Hoort van 't gevogelt eel</l>
        <l id="s3:l12">Die in 't getal zeer veel</l>
        <l id="s3:l13">Zijn buiten in de hoven,</l>
        <l id="s3:l14">En daar dankbaarlijk loven</l>
        <l id="s3:l15">D'eenig Schepper hier boven,</l>
        <l id="s3:l16">Naar 't vermogen van haar krachten geheel.</l>
      </lg>
      <lg id="s4" type="stanza">
        <l id="s4:l1">Prince, wilt niet vertragen</l>
        <l id="s4:l2">Om vreugde te bejagen,</l>
        <l id="s4:l3">Want deze schoone dagen</l>
        <l id="s4:l4">Die zullen haast verdwijnen:</l>
        <l id="s4:l5">Al 't geen nu vrucht zal dragen</l>
        <l id="s4:l6">Wordt mettertijd ontslagen</l>
        <l id="s4:l7">Zoodat men dorre hagen</l>
        <l id="s4:l8">In plaats van groente vijnen:</l>
        <l id="s4:l9">De winter koud</l>
        <l id="s4:l10">Vertoont zich dan we&#234;r stout</l>
        <l id="s4:l11">Als man grijs ende oud,</l>
        <l id="s4:l12">Met snee hij d'aard bedouwt,</l>
        <l id="s4:l13">Zeer haast die groene biezen</l>
        <l id="s4:l14">Haar kleuren dan verliezen</l>
        <l id="s4:l15">Door 't komen van de vriezen.</l>
        <l id="s4:l16">Die zoo het land krijgen in haar gewoud.</l>
      </lg>
    </lg>
  </text>
</song>