<song>
  <meta>
    <id>122346</id>
    <date>
      <year-start>1828</year-start>
      <year-end>1828</year-end>
    </date>
    <location>
      <orginal-name>'s-gravenhage</orginal-name>
      <standard-name>The Hague, The Netherlands</standard-name>
      <coordinates>
        <lon>52.0799838</lon>
        <lat>4.3113461</lat>
      </coordinates>
    </location>
    <tags>
      <tag standard-name="seizoenslied" translation="seasonal song">seizoenslied</tag>
    </tags>
    <melody>Baise-moi ma Jeanneton</melody>
    <categories>
      <category translation="seasons and annual events">jaarkring</category>
    </categories>
  <author>Jacob Janszoon Colevelt</author></meta>
  <text>
    <lg type="song">
      <lg id="s1" type="stanza">
        <l id="s1:l1">Ziet de winter koud en bar</l>
        <l id="s1:l2">Die komt zeer fel aandringen,</l>
        <l id="s1:l3">Ziet eens hoe zij even nar</l>
        <l id="s1:l4">Achter malkander wringen,</l>
        <l id="s1:l5">Elkeen zwaait en zwiert zoo heen</l>
        <l id="s1:l6">En de nar gaat lustig tre&#234;n,</l>
        <l id="s1:l7">Komt rammelend aanstoten</l>
        <l id="s1:l8">Op wakk're stijve koten.</l>
      </lg>
      <lg id="s2" type="stanza">
        <l id="s2:l1">Fobert draait met Trijn op 't ijs,</l>
        <l id="s2:l2">Met nieuw fatsoen van kle&#234;ren,</l>
        <l id="s2:l3">Elk pocht om de beste prijs</l>
        <l id="s2:l4">De paarden te trotseren:</l>
        <l id="s2:l5">Nar, nar, nar, zoo roept men daar,</l>
        <l id="s2:l6">Schikken vast de baan heel klaar,</l>
        <l id="s2:l7">Men doet zijn best in 't rijen</l>
        <l id="s2:l8">Om lieflijk te bedijen</l>
      </lg>
      <lg id="s3" type="stanza">
        <l id="s3:l1">Wie is maller, zegt men dan,</l>
        <l id="s3:l2">De rijer of de trekker?</l>
        <l id="s3:l3">Dit spottende zegt meid of man,</l>
        <l id="s3:l4">En bro&#234;nze nog veel gekker.</l>
        <l id="s3:l5">Die zijn paard best is versierd</l>
        <l id="s3:l6">Met de nar op 't weidste giert,</l>
        <l id="s3:l7">Die nar moet men prijzen</l>
        <l id="s3:l8">En veel eers bewijzen.</l>
      </lg>
      <lg id="s4" type="stanza">
        <l id="s4:l1">Dan op 't ijs, in schuit of sle&#234;</l>
        <l id="s4:l2">Doen een ommereisje,</l>
        <l id="s4:l3">'t Is dan, heerschap wilje me&#234;</l>
        <l id="s4:l4">Met dat mooije meisje?</l>
        <l id="s4:l5">Zoo het dan in all's gevalt,</l>
        <l id="s4:l6">Dan op 't allerzoetst gemald:</l>
        <l id="s4:l7">Nar, nar, nar, wij krijten</l>
        <l id="s4:l8">Met zonderling verwijten.</l>
      </lg>
      <lg id="s5" type="stanza">
        <l id="s5:l1">'t Paardje brunst met groot gedruis</l>
        <l id="s5:l2">Met opgesteken ooren,</l>
        <l id="s5:l3">Den avond valt, elk spoedt naar huis,</l>
        <l id="s5:l4">'t Is jeugdig om te hooren:</l>
        <l id="s5:l5">Nar, nar, nar, zoo klinkt de bel,</l>
        <l id="s5:l6">Heel zoet past dit narren wel</l>
        <l id="s5:l7">Van weidsche en steedsche pronkers,</l>
        <l id="s5:l8">Gelijk of 't waren jonkers.</l>
      </lg>
      <lg id="s6" type="stanza">
        <l id="s6:l1">Elk nog een bravade doet</l>
        <l id="s6:l2">Met heen en we&#234;r te draven,</l>
        <l id="s6:l3">Elk zijn lusten nog eens boet,</l>
        <l id="s6:l4">En laten 't paardjen slaven:</l>
        <l id="s6:l5">Nar, nar, nar, zoo is 't gerugt,</l>
        <l id="s6:l6">Met een dreunende gevlugt,</l>
        <l id="s6:l7">Bij rijers en bij rijsters,</l>
        <l id="s6:l8">Bij vrijers en bij vrijsters.</l>
      </lg>
      <lg id="s7" type="stanza">
        <l id="s7:l1">Dan men malt en jokt en speelt,</l>
        <l id="s7:l2">Met lagchen en met kussen,</l>
        <l id="s7:l3">Menig zoentjen men haast steelt</l>
        <l id="s7:l4">Om 't rijloon te versussen.</l>
        <l id="s7:l5">Blijven nar, nar, tot het end,</l>
        <l id="s7:l6">Ja, zijn ganschlijk afgemend</l>
        <l id="s7:l7">Door 't loopen en door 't hijgen</l>
        <l id="s7:l8">Als zij maar zoentjes krijgen.</l>
      </lg>
      <lg id="s8" type="stanza">
        <l id="s8:l1">'s Avonds bij de lichte maan</l>
        <l id="s8:l2">Moet nog 't paardje trekken,</l>
        <l id="s8:l3">Maken zoo de straat ruim baan,</l>
        <l id="s8:l4">'t Is al om lusts verwekken.</l>
        <l id="s8:l5">En 't luidt al: nar uit, nar in,</l>
        <l id="s8:l6">Om een handvol klein gewin;</l>
        <l id="s8:l7">'t Narretjen men gaat jagen</l>
        <l id="s8:l8">Om 't meisjen te behagen-</l>
      </lg>
      <lg id="s9" type="stanza">
        <l id="s9:l1">Prins, zoo geklijk niet bemint</l>
        <l id="s9:l2">Dat gij u laat vervoeren</l>
        <l id="s9:l3">Van het eunjer wulpsche kind,</l>
        <l id="s9:l4">Wilt uw lusten snoeren:</l>
        <l id="s9:l5">Nar, nar, nar, zoo sturfje dan,</l>
        <l id="s9:l6">Houdtje lustig als een man,</l>
        <l id="s9:l7">Neemt geen paard met bellen;</l>
        <l id="s9:l8">Zoo zal men u niet kwellen.</l>
      </lg>
    </lg>
  </text>
</song>