<song>
  <meta>
    <id>122336</id>
    <date>
      <year-start>1828</year-start>
      <year-end>1828</year-end>
    </date>
    <location>
      <orginal-name>'s-gravenhage</orginal-name>
      <standard-name>The Hague, The Netherlands</standard-name>
      <coordinates>
        <lon>52.0799838</lon>
        <lat>4.3113461</lat>
      </coordinates>
    </location>
    <tags>
      <tag standard-name="verhalend lied" translation="narrative song">verhalend lied</tag>
      <tag standard-name="liefdeslied" translation="love song">liefdeslied</tag>
    </tags>
    <melody>Te mei als alle vogels zingen</melody>
    <categories>
      <category translation="love and sex">liefde en seks</category>
      <category translation="narratives">verhalen</category>
    </categories>
  <author>Anonymous</author></meta>
  <text>
    <lg type="song">
      <lg id="s1" type="stanza">
        <l id="s1:l1">Daar zoud er een ruitertje vroeg uitrijen,</l>
        <l id="s1:l2">'t Was om een landsheer zijn dochter te vrijen</l>
        <l id="s1:l3">Zoo ver aan gene groen heide:</l>
        <l id="s1:l4">De landsheer doet hem gevangen, geboeid,</l>
        <l id="s1:l5">Op een' hoogen toren leiden.</l>
      </lg>
      <lg id="s2" type="stanza">
        <l id="s2:l1">De ruiter heeft er zeer luide gezongen:</l>
        <l id="s2:l2">Ik heb zoo menig stout ruiter gedwongen,</l>
        <l id="s2:l3">En nu zit ik hier gevangen;</l>
        <l id="s2:l4">De landsheer heeft gezworen mijn dood</l>
        <l id="s2:l5">Dat hij mij zal doen ophangen.</l>
      </lg>
      <lg id="s3" type="stanza">
        <l id="s3:l1">De landsheers dochter nog jong van dagen,</l>
        <l id="s3:l2">Zij hoorde den ruiter zoo droevelijk klagen,</l>
        <l id="s3:l3">En zij ging onder de muren:</l>
        <l id="s3:l4">Stout ruitertje dat gij sterven moet,</l>
        <l id="s3:l5">Och! dat doet mijn jonk hart treuren.</l>
      </lg>
      <lg id="s4" type="stanza">
        <l id="s4:l1">Mooi meisje kon jij er behouden mijn leven,</l>
        <l id="s4:l2">Wat je begeerde zoud ik u geven,</l>
        <l id="s4:l3">En ik zoud er u met mij leiden,</l>
        <l id="s4:l4">En voeren u op mijn vadertjes slot,</l>
        <l id="s4:l5">Daar ik nooit van u zou scheiden.</l>
      </lg>
      <lg id="s5" type="stanza">
        <l id="s5:l1">Stout ruiter uw bidden is al verloren,</l>
        <l id="s5:l2">Mijn vader heeft er uw dood gezworen,</l>
        <l id="s5:l3">Maar wilt ge mij, zoetelief, trouwen,</l>
        <l id="s5:l4">Ik heb u, stout ruiter, zoo zeer bemind,</l>
        <l id="s5:l5">Dan zult gij uw lijf behou&#234;n.</l>
      </lg>
      <lg id="s6" type="stanza">
        <l id="s6:l1">Zij liet haars vaders wachter ontbieden</l>
        <l id="s6:l2">En liet haar vadertjes komst bespieden,</l>
        <l id="s6:l3">En zij liet den ruiter ontbinden:</l>
        <l id="s6:l4">Die zadelde daar een appelgrauw ros</l>
        <l id="s6:l5">En reed heen met zijn beminde.</l>
      </lg>
    </lg>
  </text>
</song>