<song>
  <meta>
    <id>122348</id>
    <date>
      <year-start>1828</year-start>
      <year-end>1828</year-end>
    </date>
    <location>
      <orginal-name>'s-gravenhage</orginal-name>
      <standard-name>The Hague, The Netherlands</standard-name>
      <coordinates>
        <lon>52.0799838</lon>
        <lat>4.3113461</lat>
      </coordinates>
    </location>
    <tags>
      <tag standard-name="zeemanslied" translation="sailor's song">zeemanslied</tag>
    </tags>
    <melody />
    <categories>
      <category translation="work">werk</category>
    </categories>
  <author>Anonymous</author></meta>
  <text>
    <lg type="song">
      <lg id="s1" type="stanza">
        <l id="s1:l1">Is een koning wel gezeten</l>
        <l id="s1:l2">Aan zijn disch om braaf te eten,</l>
        <l id="s1:l3">Wij zijn de geen</l>
        <l id="s1:l4">Die het brengen, zoo ik meen.</l>
        <l id="s1:l5">Wij zijn die daar lijf en leven willen wagen,</l>
        <l id="s1:l6">Brengen 't al</l>
        <l id="s1:l7">Aan de wal,</l>
        <l id="s1:l8">Naar zijn lust en welbehagen.</l>
        <l id="s1:l9">Met verlof</l>
        <l id="s1:l10">Wat's een hof</l>
        <l id="s1:l11">Voert men daar niet aan en of?</l>
      </lg>
      <lg id="s2" type="stanza">
        <l id="s2:l1">Wij die met onz' schepen varen</l>
        <l id="s2:l2">Over ongestuime baren</l>
        <l id="s2:l3">Op 't brak der zee,</l>
        <l id="s2:l4">Weet wij brengen alles me&#234;</l>
        <l id="s2:l5">Wat haast een mensch kan bedenken of noemen,</l>
        <l id="s2:l6">Zou men dan</l>
        <l id="s2:l7">Man voor man</l>
        <l id="s2:l8">Niet op onze daden roemen,</l>
        <l id="s2:l9">Daar men moet</l>
        <l id="s2:l10">Op de vloed</l>
        <l id="s2:l11">Moedig smaken zuur en zoet.</l>
      </lg>
      <lg id="s3" type="stanza">
        <l id="s3:l1">Wij die met veel ijver waken</l>
        <l id="s3:l2">Schoon dat mast en stengen kraken</l>
        <l id="s3:l3">En dat de wind</l>
        <l id="s3:l4">Buldert en het al verslindt,</l>
        <l id="s3:l5">Dan moeten wij lager wal en klippen mijden,</l>
        <l id="s3:l6">Elk in rang,</l>
        <l id="s3:l7">Stout of bang,</l>
        <l id="s3:l8">Is een meester in het strijden.</l>
        <l id="s3:l9">Nacht en dag</l>
        <l id="s3:l10">Met verdrag</l>
        <l id="s3:l11">Toont men wat onze moed vermag.</l>
      </lg>
      <lg id="s4" type="stanza">
        <l id="s4:l1">Dat wij alle wilden schroomen</l>
        <l id="s4:l2">Voor Neptunus' woeste stroomen,</l>
        <l id="s4:l3">De koopmanschap</l>
        <l id="s4:l4">Wierd in alle landen slap,</l>
        <l id="s4:l5">Wij doen de beurs, kist en kas en alles bloeijen,</l>
        <l id="s4:l6">Zeevaart is</l>
        <l id="s4:l7">Het gewis</l>
        <l id="s4:l8">Die de landen komt besproeijen,</l>
        <l id="s4:l9">Keer op keer,</l>
        <l id="s4:l10">Doch den Heer</l>
        <l id="s4:l11">Komt al eenig daarvan de eer.</l>
      </lg>
      <lg id="s5" type="stanza">
        <l id="s5:l1">Schoon de winden oost'lijk brallen</l>
        <l id="s5:l2">Of dat die in 't zuiden vallen</l>
        <l id="s5:l3">Of wierd gehoord</l>
        <l id="s5:l4">In het Westen ofte Noord,</l>
        <l id="s5:l5">Wij weten daar ons zeiltjes naar te strijken</l>
        <l id="s5:l6">En met een</l>
        <l id="s5:l7">Op de re&#234;n</l>
        <l id="s5:l8">Naar de bakens uit te kijken</l>
        <l id="s5:l9">Even stip,</l>
        <l id="s5:l10">Dat ons schip</l>
        <l id="s5:l11">Niet mag raken op een klip.</l>
      </lg>
      <lg id="s6" type="stanza">
        <l id="s6:l1">Zoo de Opperheer verheven</l>
        <l id="s6:l2">Ons behouden reis wil geven,</l>
        <l id="s6:l3">Zijn wij elk een stut.</l>
        <l id="s6:l4">En voor alle landen nur</l>
        <l id="s6:l5">Zon, maan en starren zijn onze lichten</l>
        <l id="s6:l6">Op de plas</l>
        <l id="s6:l7">Het kompas</l>
        <l id="s6:l8">En meer andere gezigten,</l>
        <l id="s6:l9">Voor het oog,</l>
        <l id="s6:l10">Lood en boog</l>
        <l id="s6:l11">Moet ons dienen voor het droog.</l>
      </lg>
    </lg>
  </text>
</song>