<song>
  <meta>
    <id>122357</id>
    <date>
      <year-start>1828</year-start>
      <year-end>1828</year-end>
    </date>
    <location>
      <orginal-name>'s-gravenhage</orginal-name>
      <standard-name>The Hague, The Netherlands</standard-name>
      <coordinates>
        <lon>52.0799838</lon>
        <lat>4.3113461</lat>
      </coordinates>
    </location>
    <tags>
      <tag standard-name="afscheidslied" translation="farewell song">afscheidslied</tag>
      <tag standard-name="verhalend lied" translation="narrative song">verhalend lied</tag>
    </tags>
    <melody>Ik heb de bras van het luizige vrijen</melody>
    <categories>
      <category translation="occasions">gelegenheden</category>
      <category translation="narratives">verhalen</category>
    </categories>
  <author>Anonymous</author></meta>
  <text>
    <lg type="song">
      <lg id="s1" type="stanza">
        <l id="s1:l1">'k Heb den bras van het nestige vrijen,</l>
        <l id="s1:l2">Meisjen ik pak er mijn spellen op.</l>
        <l id="s1:l3">Truitjen is wel een geestige pop</l>
        <l id="s1:l4">En ik heb ze wel meugen lijen.</l>
        <l id="s1:l5">Maar de kermis is gedaan,</l>
        <l id="s1:l6">'k Heb den bras van uit vrijen gaan.</l>
      </lg>
      <lg id="s2" type="stanza">
        <l id="s2:l1">'k Zette 't mijn Truitjen op 'er conscientie,</l>
        <l id="s2:l2">En ik zei: je moet er maar aan;</l>
        <l id="s2:l3">Maar zij zei: je meugt er wel gaan,</l>
        <l id="s2:l4">Trouwen dat is maar penitentie,</l>
        <l id="s2:l5">Als de bruid is in de schuit</l>
        <l id="s2:l6">Is 't vleijen en belooven uit.</l>
      </lg>
      <lg id="s3" type="stanza">
        <l id="s3:l1">'t Zei: mijn lief, mijn blaasje met boonen,</l>
        <l id="s3:l2">Mijn gesuikerde rijstenbrij,</l>
        <l id="s3:l3">Dat je wist wat dat ik lij</l>
        <l id="s3:l4">Om uw schoone inkarnate koonen,</l>
        <l id="s3:l5">Ik zucht, ik ween, ik klaag en snik</l>
        <l id="s3:l6">Schier al mijn ingewand aan stik.</l>
      </lg>
      <lg id="s4" type="stanza">
        <l id="s4:l1">Maar de meid en wou me niet hooren,</l>
        <l id="s4:l2">En zij zette haar bekjen zoo scheef</l>
        <l id="s4:l3">Even als of er een vischwijf keef,</l>
        <l id="s4:l4">En toen gaf ik den moed verloren.</l>
        <l id="s4:l5">En ik dacht: 't is al te mal,</l>
        <l id="s4:l6">Die niet en wil, die niet en zal.</l>
      </lg>
    </lg>
  </text>
</song>