<song>
  <meta>
    <id>122379</id>
    <date>
      <year-start>1828</year-start>
      <year-end>1828</year-end>
    </date>
    <location>
      <orginal-name>'s-gravenhage</orginal-name>
      <standard-name>The Hague, The Netherlands</standard-name>
      <coordinates>
        <lon>52.0799838</lon>
        <lat>4.3113461</lat>
      </coordinates>
    </location>
    <tags>
      <tag standard-name="verhalend lied" translation="narrative song">verhalend lied</tag>
    </tags>
    <melody />
    <categories>
      <category translation="narratives">verhalen</category>
    </categories>
  <author>Anonymous</author></meta>
  <text>
    <lg type="song">
      <lg id="s1" type="stanza">
        <l id="s1:l1">'t Was nacht, maar maneschijn,</l>
        <l id="s1:l2">Toen mij de vlooijen beten,</l>
        <l id="s1:l3">Ik kon in 't bed niet zijn;</l>
        <l id="s1:l4">De hitte deed mij zweeten;</l>
        <l id="s1:l5">'k Stond op, en nam tabak,</l>
        <l id="s1:l6">En rookte op mijn gemak.</l>
      </lg>
      <lg id="s2" type="stanza">
        <l id="s2:l1">'k Zat voor mijn vensterraam</l>
        <l id="s2:l2">In mijn japon gedoken;</l>
        <l id="s2:l3">De tijd was juist bekwaam</l>
        <l id="s2:l4">Gelijk men zegt voor spoken,</l>
        <l id="s2:l5">Als zijnde dan ter been;</l>
        <l id="s2:l6">De klok was effen &#233;&#233;n.</l>
      </lg>
      <lg id="s3" type="stanza">
        <l id="s3:l1">'k Had 's avonds om de klugt,</l>
        <l id="s3:l2">Bij Campioen gelezen</l>
        <l id="s3:l3">Van spook en spookgerugt,</l>
        <l id="s3:l4">En dacht 't zou kunnen wezen,</l>
        <l id="s3:l5">Dat zich bij nacht misschien</l>
        <l id="s3:l6">De geesten laten zien.</l>
      </lg>
      <lg id="s4" type="stanza">
        <l id="s4:l1">Daar ik dit overdacht,</l>
        <l id="s4:l2">Zag ik aan de overzijde</l>
        <l id="s4:l3">Bij 't maanlicht op de gracht,</l>
        <l id="s4:l4">Een paar verschijnsels, blijde,</l>
        <l id="s4:l5">Zoo 't scheen, dat zij malka&#234;r</l>
        <l id="s4:l6">Ontmoeten: 't is wel waar.</l>
      </lg>
      <lg id="s5" type="stanza">
        <l id="s5:l1">Aan beider wit gewaad</l>
        <l id="s5:l2">Dacht ik, het waren spoken,</l>
        <l id="s5:l3">Of geesten in dien staat</l>
        <l id="s5:l4">Ten afgronde uitgebroken,</l>
        <l id="s5:l5">En zij verdwenen knap</l>
        <l id="s5:l6">Juist in een keldertrap.</l>
      </lg>
      <lg id="s6" type="stanza">
        <l id="s6:l1">'k Dacht nu geloof ik me&#234;:</l>
        <l id="s6:l2">Dat geesten wel verschijnen;</l>
        <l id="s6:l3">'k Merk duidlijk waar die twee</l>
        <l id="s6:l4">Fluks voor mijn oog verdwijnen,</l>
        <l id="s6:l5">Zij daalden immers ne&#234;r,</l>
        <l id="s6:l6">En 'k zie hen thans niet meer.</l>
      </lg>
      <lg id="s7" type="stanza">
        <l id="s7:l1">'k Hield op de plaats mijn oog</l>
        <l id="s7:l2">En toen 'k nog stond te kijken,</l>
        <l id="s7:l3">Rees 't geestenpaar omhoog,</l>
        <l id="s7:l4">Wanneer 't mij kwam te blijken</l>
        <l id="s7:l5">Dat het terzelver stond</l>
        <l id="s7:l6">Zich vol genoegen vond.</l>
      </lg>
      <lg id="s8" type="stanza">
        <l id="s8:l1">Ik zag den eenen geest</l>
        <l id="s8:l2">Den and'ren hartlijk kussen,</l>
        <l id="s8:l3">Maar dat mij 't allermeest</l>
        <l id="s8:l4">Verwonderde, ondertusschen,</l>
        <l id="s8:l5">Was dat dit geestenpaar</l>
        <l id="s8:l6">Juist huis hield naast elka&#234;r.</l>
      </lg>
      <lg id="s9" type="stanza">
        <l id="s9:l1">'k Had echter nooit gehoord</l>
        <l id="s9:l2">Van spoken in die huizen:</l>
        <l id="s9:l3">Mijn vrees verdween toen voort,</l>
        <l id="s9:l4">En, om 't niet uittepluizen,</l>
        <l id="s9:l5">Wat spokerij het was;</l>
        <l id="s9:l6">Verklaarde 't z&#232;lf zich rasch.</l>
      </lg>
      <lg id="s10" type="stanza">
        <l id="s10:l1">De zoon van gierige Aagt,</l>
        <l id="s10:l2">Die niet vermogt te paren,</l>
        <l id="s10:l3">Had Rijk-buurs kind behaagd,</l>
        <l id="s10:l4">Des zij bijeen verga&#234;ren</l>
        <l id="s10:l5">In 't midden van den nacht:</l>
        <l id="s10:l6">Zoo spookten zij met kracht.</l>
      </lg>
      <lg id="s11" type="stanza">
        <l id="s11:l1">'t Gevolg dier spokerij</l>
        <l id="s11:l2">Gaf hun een man'lijk geestje,</l>
        <l id="s11:l3">Van 't spoken zijn zij vrij</l>
        <l id="s11:l4">Na 't blijde huwlijksfeestje,</l>
        <l id="s11:l5">En ik voor spreukjes doof,</l>
        <l id="s11:l6">Verban het spookgeloof.</l>
      </lg>
    </lg>
  </text>
</song>