<song>
  <meta>
    <id>122386</id>
    <date>
      <year-start>1828</year-start>
      <year-end>1828</year-end>
    </date>
    <location>
      <orginal-name>'s-gravenhage</orginal-name>
      <standard-name>The Hague, The Netherlands</standard-name>
      <coordinates>
        <lon>52.0799838</lon>
        <lat>4.3113461</lat>
      </coordinates>
    </location>
    <tags>
      <tag standard-name="ratelaarslied" translation="nightwatchman's song">ratelaarslied</tag>
    </tags>
    <melody>Pierlala</melody>
    <categories>
      <category translation="work">werk</category>
    </categories>
  <author>Anonymous</author></meta>
  <text>
    <lg type="song">
      <lg id="s1" type="stanza">
        <l id="s1:l1">Dat elk zijn vuurtje wel bewaart,</l>
        <l id="s1:l2">En doet zijn kaarsjen uit,</l>
        <l id="s1:l3">En sluit zijn deurtje met een vaart,</l>
        <l id="s1:l4">Dat hem geen dief en bruidt;</l>
        <l id="s1:l5">Gaat dan gerustelijk naar bed,</l>
        <l id="s1:l6">Het slapen maakt de menschen vet;</l>
        <l id="s1:l7">Wij dragen ratel, zwaard en stok,</l>
        <l id="s1:l8">Tien uren slaat de klok.</l>
      </lg>
      <lg id="s2" type="stanza">
        <l id="s2:l1">Wij zijn tot uwen dienst bereid,</l>
        <l id="s2:l2">In onze Amstelstad,</l>
        <l id="s2:l3">En hen genegen aller tijd,</l>
        <l id="s2:l4">Zoo ge eenig onraad had;</l>
        <l id="s2:l5">Wij zijn dan dadelijk er bij</l>
        <l id="s2:l6">En stuiten alle muiterij,</l>
        <l id="s2:l7">Met onze ratel, zwaard en stok,</l>
        <l id="s2:l8">Tien uren slaat de klok.</l>
      </lg>
      <lg id="s3" type="stanza">
        <l id="s3:l1">Alschoon het dondert, waait of vriest,</l>
        <l id="s3:l2">Wij toonen onzen pligt,</l>
        <l id="s3:l3">Terwijl men dan geen roem verliest,</l>
        <l id="s3:l4">Al zijn de huizen dicht.</l>
        <l id="s3:l5">Al schijnt de maan niet bij den nacht,</l>
        <l id="s3:l6">Nog loopt monsieur de ratelwacht,</l>
        <l id="s3:l7">En draagt zijn ratel, zwaard en stok,</l>
        <l id="s3:l8">Tien uren slaat de klok.</l>
      </lg>
      <lg id="s4" type="stanza">
        <l id="s4:l1">De krijg roemt op een' oorlogsman,</l>
        <l id="s4:l2">De zee een' goed' matroos,</l>
        <l id="s4:l3">Een dronkaard op een volle kan,</l>
        <l id="s4:l4">Nog roemen wij altoos</l>
        <l id="s4:l5">Op onze dienst en trouwe da&#234;n,</l>
        <l id="s4:l6">Terwijl wij dikwijls moeten staan</l>
        <l id="s4:l7">Voorzien met ratel, zwaard en stok,</l>
        <l id="s4:l8">Tien uren slaat de klok.</l>
      </lg>
      <lg id="s5" type="stanza">
        <l id="s5:l1">Dat wij dan zamen eens om t'jaar,</l>
        <l id="s5:l2">Voor onzen trouwen pligt,</l>
        <l id="s5:l3">Opoff'ren aan den Amstelaar</l>
        <l id="s5:l4">Een nieuwejaars gedicht.</l>
        <l id="s5:l5">Ei! neemt ons dat niet kwalijk, want</l>
        <l id="s5:l6">Wij waken steeds voor volk en land,</l>
        <l id="s5:l7">Met onze ratel, zwaard en stok,</l>
        <l id="s5:l8">Tien uren slaat de klok.</l>
      </lg>
      <lg id="s6" type="stanza">
        <l id="s6:l1">De Hemel spaar de burgerij,</l>
        <l id="s6:l2">En Heeren al te zaam</l>
        <l id="s6:l3">In Gysbregts stad, daar 't scheeprijk Y</l>
        <l id="s6:l4">Behaalt veel lof en faam,</l>
        <l id="s6:l5">Opdat wij blijven menig keer</l>
        <l id="s6:l6">Voor ieders dienst in het geweer</l>
        <l id="s6:l7">Met onze ratel, zwaard en stok,</l>
        <l id="s6:l8">Tien uren slaat de klok.</l>
      </lg>
    </lg>
  </text>
</song>