<song>
  <meta>
    <id>122341</id>
    <date>
      <year-start>1828</year-start>
      <year-end>1828</year-end>
    </date>
    <location>
      <orginal-name>'s-gravenhage</orginal-name>
      <standard-name>The Hague, The Netherlands</standard-name>
      <coordinates>
        <lon>52.0799838</lon>
        <lat>4.3113461</lat>
      </coordinates>
    </location>
    <tags>
      <tag standard-name="bespiegelend lied" translation="reflective song">bespiegelend lied</tag>
    </tags>
    <melody>Cette cruelle</melody>
    <categories>
      <category translation="religion">godsdienst</category>
    </categories>
  <author>Anonymous</author></meta>
  <text>
    <lg type="song">
      <lg id="s1" type="stanza">
        <l id="s1:l1">Gelijk een vogel die daar heenen</l>
        <l id="s1:l2">Vliegt, met een' wakkren snellen vlugt:</l>
        <l id="s1:l3">Of als een mist, in haast verdwenen</l>
        <l id="s1:l4">Voor 't aanschijn van de blaauwe lucht,</l>
        <l id="s1:l5">Zoo is ook even</l>
        <l id="s1:l6">'t Loopen van de Tijd</l>
        <l id="s1:l7">En van ons leven,</l>
        <l id="s1:l8">'t Zij men is verblijd,</l>
        <l id="s1:l9">Of droeve smerten lijdt.</l>
      </lg>
      <lg id="s2" type="stanza">
        <l id="s2:l1">De nacht die kringt den dag van stede,</l>
        <l id="s2:l2">Zoo doet de dag den nacht ook me&#234;,</l>
        <l id="s2:l3">De winter en de zomer mede</l>
        <l id="s2:l4">Die drijven ook malka&#232;r van ste&#234;.</l>
        <l id="s2:l5">En al de vreugde</l>
        <l id="s2:l6">Van des werelds zoet:</l>
        <l id="s2:l7">De groene jeugde,</l>
        <l id="s2:l8">En haar blij gemoed</l>
        <l id="s2:l9">Vergaan gelijk een vloed.</l>
      </lg>
      <lg id="s3" type="stanza">
        <l id="s3:l1">Schoon iemand op den troon geklommen</l>
        <l id="s3:l2">De wereld had in zijn bedwang,</l>
        <l id="s3:l3">Nog stut hij niet door groote sommen</l>
        <l id="s3:l4">Van ijzeren volk de Tijd haar gang.</l>
        <l id="s3:l5">Ja zelfs zij allen</l>
        <l id="s3:l6">Zouden door de Tijd</l>
        <l id="s3:l7">Haast nedervallen,</l>
        <l id="s3:l8">Want het is een strijd</l>
        <l id="s3:l9">Die 't alles nedersmijt.</l>
      </lg>
      <lg id="s4" type="stanza">
        <l id="s4:l1">Dit wordt terstond ons voorgedragen</l>
        <l id="s4:l2">Zoo haast men in den Bijbel leest,</l>
        <l id="s4:l3">Daar staat van de zes eerste dagen,</l>
        <l id="s4:l4">'t Is avond en morgen geweest:</l>
        <l id="s4:l5">Omdat de zaken</l>
        <l id="s4:l6">Des werelds, in 't kort</l>
        <l id="s4:l7">Een einde maken,</l>
        <l id="s4:l8">Gelijk de dag wordt</l>
        <l id="s4:l9">In duisternis gestort.</l>
      </lg>
      <lg id="s5" type="stanza">
        <l id="s5:l1">Alleen wordt d'avond niet beschreven</l>
        <l id="s5:l2">Op 't lest van den zevensten dag,</l>
        <l id="s5:l3">Omdat ons afbeeldt het leven,</l>
        <l id="s5:l4">Dat nooit de Tijd afsnijden mag.</l>
        <l id="s5:l5">Bouwt dan uw zinnen</l>
        <l id="s5:l6">Niet op ijdelheid;</l>
        <l id="s5:l7">Maar wilt beminnen</l>
        <l id="s5:l8">'t Geen omhooge leidt,</l>
        <l id="s5:l9">'t Welk blijft in eeuwigheid.</l>
      </lg>
    </lg>
  </text>
</song>