<song>
  <meta>
    <id>122405</id>
    <date>
      <year-start>1828</year-start>
      <year-end>1828</year-end>
    </date>
    <location>
      <orginal-name>'s-gravenhage</orginal-name>
      <standard-name>The Hague, The Netherlands</standard-name>
      <coordinates>
        <lon>52.0799838</lon>
        <lat>4.3113461</lat>
      </coordinates>
    </location>
    <tags>
      <tag standard-name="vermaanlied" translation="admonitory song">vermaanlied</tag>
    </tags>
    <melody>Sarabande Pinel</melody>
    <categories>
      <category translation="religion">godsdienst</category>
    </categories>
  <author>Anonymous</author></meta>
  <text>
    <lg type="song">
      <lg id="s1" type="stanza">
        <l id="s1:l1">Daar zijn geen saucen die zoeter doen smaken</l>
        <l id="s1:l2">Als doet de honger die 't alles maakt zoet,</l>
        <l id="s1:l3">Daar is geen suiker die 't drinken doet maken</l>
        <l id="s1:l4">Zoo zoet en lieflijk, als dorste wel doet.</l>
        <l id="s1:l5">Ook kan om schatten de magtigste vorst</l>
        <l id="s1:l6">Niet koopen honger noch zoeten dorst,</l>
        <l id="s1:l7">Want deze beide zijn meerder in weerd'</l>
        <l id="s1:l8">Als al de schatten hier op der eerd.</l>
      </lg>
      <lg id="s2" type="stanza">
        <l id="s2:l1">Iemand verlekkerd op zoete lusten</l>
        <l id="s2:l2">Schudt vrij zijn bedde van pluimen wel zacht,</l>
        <l id="s2:l3">Nogthans zal hij niet vrediger rusten</l>
        <l id="s2:l4">Als eenen boer slapend op 't stroo bij nacht.</l>
        <l id="s2:l5">Men kan om schatten noch grooten rijkdom</l>
        <l id="s2:l6">Geen slaap bekomen in eigendom,</l>
        <l id="s2:l7">Noch ruste koopen: ja 't is altemet</l>
        <l id="s2:l8">Dat rijkdom zelve den slaap belet.</l>
      </lg>
      <lg id="s3" type="stanza">
        <l id="s3:l1">En ook een mantel die rammelt van goude</l>
        <l id="s3:l2">En blinkt gelijken de mane nu vol,</l>
        <l id="s3:l3">Beschut niet meerder voor bijtende koude</l>
        <l id="s3:l4">Als slechte kle&#234;ren van schapen haar wol.</l>
        <l id="s3:l5">En ook de huizen aan de hemelen hoog</l>
        <l id="s3:l6">Dekken niet beter, noch schuilen droog</l>
        <l id="s3:l7">Als eenen stulpjen of boeren hooischuur,</l>
        <l id="s3:l8">Het hout is wermer als steenen muur.</l>
      </lg>
      <lg id="s4" type="stanza">
        <l id="s4:l1">Ook smaakt het drinken uit gouden vaten</l>
        <l id="s4:l2">Niet zoeter als uit eenen pot van aard:</l>
        <l id="s4:l3">Zij smaken de min in hoogere staten</l>
        <l id="s4:l4">Niet zoeter als of er een huisman paart:</l>
        <l id="s4:l5">En groote kassen vol zilver gestouwd</l>
        <l id="s4:l6">Zijn niet van nooden tot onderhoud,</l>
        <l id="s4:l7">Een mensch zal leven van 't gene hem voedt,</l>
        <l id="s4:l8">Maar nooit zijn dage van overvloed.</l>
      </lg>
      <lg id="s5" type="stanza">
        <l id="s5:l1">Daarom Zoo zijn het verdwalende menschen</l>
        <l id="s5:l2">Die altijd woelen om rijkdom met smert.</l>
        <l id="s5:l3">Ik wil betrachten, en meerder niet wenschen</l>
        <l id="s5:l4">Als nooddruft ende genoegen in 't hert.</l>
        <l id="s5:l5">Want ik en brogte ter wereld gansch niet,</l>
        <l id="s5:l6">Niemand in 't sterven behoudt er iet.</l>
        <l id="s5:l7">Derhalve niemand die meerder en heeft</l>
        <l id="s5:l8">Als dat alleenlijk daar hij van leeft.</l>
      </lg>
    </lg>
  </text>
</song>