<song>
  <meta>
    <id>122423</id>
    <date>
      <year-start>1828</year-start>
      <year-end>1828</year-end>
    </date>
    <location>
      <orginal-name>'s-gravenhage</orginal-name>
      <standard-name>The Hague, The Netherlands</standard-name>
      <coordinates>
        <lon>52.0799838</lon>
        <lat>4.3113461</lat>
      </coordinates>
    </location>
    <tags>
      <tag standard-name="triomflied" translation="triumph song">triomflied</tag>
    </tags>
    <melody />
    <categories>
      <category translation="politics and history">politiek en geschiedenis</category>
    </categories>
  <author>Anonymous</author></meta>
  <text>
    <lg type="song">
      <lg id="s1" type="stanza">
        <l id="s1:l1">Wie is van kracht of magt zoo groot</l>
        <l id="s1:l2">In steden of in dorpen?</l>
        <l id="s1:l3">Fortuna, fama, tijd en dood,</l>
        <l id="s1:l4">'t Is mij al onderworpen.</l>
      </lg>
      <lg id="s2" type="stanza">
        <l id="s2:l1">Met lauwers ik mijn hoofd omring</l>
        <l id="s2:l2">En voer den staf bepereld,</l>
        <l id="s2:l3">Omdat ik overwin en dwing</l>
        <l id="s2:l4">Den vijand, 't vleesch, de wereld.</l>
      </lg>
      <lg id="s3" type="stanza">
        <l id="s3:l1">Wat is de snoode wereld ook?</l>
        <l id="s3:l2">Een borne der onrusten,</l>
        <l id="s3:l3">Een bliksemvier, mist, damp of rook</l>
        <l id="s3:l4">Zijn t'achten al haar lusten.</l>
      </lg>
      <lg id="s4" type="stanza">
        <l id="s4:l1">Zegt, die de wereld hebt gediend,</l>
        <l id="s4:l2">Wat loon hebt gij gewonnen,</l>
        <l id="s4:l3">Al waart gij haren besten vriend,</l>
        <l id="s4:l4">Meer dan een handvol zonnen?</l>
      </lg>
      <lg id="s5" type="stanza">
        <l id="s5:l1">Een lijnen kleed, een houten kist</l>
        <l id="s5:l2">Mag zij voor 't lest u koopen,</l>
        <l id="s5:l3">Uw' vriend en vriendschap gij haast mist</l>
        <l id="s5:l4">Als elk van u gaat loopen.</l>
      </lg>
      <lg id="s6" type="stanza">
        <l id="s6:l1">De wereld mag u regt met pracht</l>
        <l id="s6:l2">Tor aan het graf geleiden</l>
        <l id="s6:l3">Met al uw vrienden en geslacht,</l>
        <l id="s6:l4">Daar zal zij van u scheiden.</l>
      </lg>
      <lg id="s7" type="stanza">
        <l id="s7:l1">Daar laat zij u alleen in 't graf</l>
        <l id="s7:l2">Verrotten en verderven:</l>
        <l id="s7:l3">Maar ik en scheid van u niet af</l>
        <l id="s7:l4">In 't leven noch in 't sterven.</l>
      </lg>
      <lg id="s8" type="stanza">
        <l id="s8:l1">In vrees, in pijn, in druk, in leed</l>
        <l id="s8:l2">Zal ik trouw bij u blijven,</l>
        <l id="s8:l3">Geen vier, geen zwaard, geen dood, hoe wreed</l>
        <l id="s8:l4">Die mij van u zal scheiden.</l>
      </lg>
      <lg id="s9" type="stanza">
        <l id="s9:l1">Ik ben de trouwste vriend, dat 's wis,</l>
        <l id="s9:l2">Ik kom den mensch ter baten</l>
        <l id="s9:l3">Als hij van al de wereld is</l>
        <l id="s9:l4">Vergeten en verlaten.</l>
      </lg>
      <lg id="s10" type="stanza">
        <l id="s10:l1">Ik zal getrouwlijk met hem gaan,</l>
        <l id="s10:l2">Daar ieder, zonder voordeel,</l>
        <l id="s10:l3">Zal naar zijn werken loon ontfa&#234;n</l>
        <l id="s10:l4">Voor Gods regtvaardig oordeel.</l>
      </lg>
      <lg id="s11" type="stanza">
        <l id="s11:l1">Daar 't vleesch, de wereld, en vijand</l>
        <l id="s11:l2">Zal willen hem verdoemen,</l>
        <l id="s11:l3">Daar zal ik tot zijn onderstand</l>
        <l id="s11:l4">Zijn goede werken roemen.</l>
      </lg>
      <lg id="s12" type="stanza">
        <l id="s12:l1">Hebt gij hier, menschen, geenen vriend?</l>
        <l id="s12:l2">Wie zal hier voor u spreken?</l>
        <l id="s12:l3">De wereld die gij hebt gediend</l>
        <l id="s12:l4">Is van u weg geweken.</l>
      </lg>
      <lg id="s13" type="stanza">
        <l id="s13:l1">Wie zal u verantwoorden nu?</l>
        <l id="s13:l2">Uw dwaasheid wilt eens merken,</l>
        <l id="s13:l3">Als God, de scherpe Regter, u</l>
        <l id="s13:l4">Veroordeelt uit uw werken.</l>
      </lg>
      <lg id="s14" type="stanza">
        <l id="s14:l1">Wel hem die mij tot vriend verkiest</l>
        <l id="s14:l2">En mint: Ik doe hem geven</l>
        <l id="s14:l3">Tot loon, als hij 't hier al verliest,</l>
        <l id="s14:l4">'t Bezit van 't eeuwig leven,</l>
      </lg>
      <lg id="s15" type="stanza">
        <l id="s15:l1">'t Gezigt van 't goddelijk aanschijn,</l>
        <l id="s15:l2">Daar honderd duizend jaren</l>
        <l id="s15:l3">Naauw schijnen eenen dag te zijn.</l>
        <l id="s15:l4">Laat dan de wereld varen.</l>
      </lg>
    </lg>
  </text>
</song>