<song>
  <meta>
    <id>122410</id>
    <date>
      <year-start>1828</year-start>
      <year-end>1828</year-end>
    </date>
    <location>
      <orginal-name>'s-gravenhage</orginal-name>
      <standard-name>The Hague, The Netherlands</standard-name>
      <coordinates>
        <lon>52.0799838</lon>
        <lat>4.3113461</lat>
      </coordinates>
    </location>
    <tags>
      <tag standard-name="bespiegelend lied" translation="reflective song">bespiegelend lied</tag>
      <tag standard-name="drinklied" translation="drinking song">drinklied</tag>
    </tags>
    <melody>Hoe zoet is het daar de vriendschap woont</melody>
    <categories>
      <category translation="amusement">vermaak</category>
      <category translation="religion">godsdienst</category>
    </categories>
  <author>Anonymous</author></meta>
  <text>
    <lg type="song">
      <lg id="s1" type="stanza">
        <l id="s1:l1">Hoe zoet is 't daar de Vriendschap woont,</l>
        <l id="s1:l2">Zij is opregt van aard,</l>
        <l id="s1:l3">Zij wordt met mirt en palm gekroond,</l>
        <l id="s1:l4">Haar glans is prijzenswaard.</l>
        <l id="s1:l5">Zij spoort het al tot blijdschap aan,</l>
        <l id="s1:l6">Wie kan haar invloed wederstaan?</l>
        <l id="s1:l7">Geen mensch, geen mensch, geen mensch!</l>
      </lg>
      <lg id="s2" type="stanza">
        <l id="s2:l1">De Vriendschap neemt de harten in,</l>
        <l id="s2:l2">Nooit heeft ze een stuursch gelaat;</l>
        <l id="s2:l3">Zij is de zuster van de Min;</l>
        <l id="s2:l4">Zij schuwt de twist en haat;</l>
        <l id="s2:l5">Ze is altijd vergenoegd van geest.</l>
        <l id="s2:l6">Men roem haar op dit vrolijk feest</l>
        <l id="s2:l7">Met zang, met zang, met zang!</l>
      </lg>
      <lg id="s3" type="stanza">
        <l id="s3:l1">De Vriendschap mint gezelligheid,</l>
        <l id="s3:l2">Men vindt haar nooit alleen,</l>
        <l id="s3:l3">Zij zelf heeft dezen disch bereid,</l>
        <l id="s3:l4">Zij bragt ons hier bijeen;</l>
        <l id="s3:l5">Elk roep dan uit met hart en mond:</l>
        <l id="s3:l6">'k Verzoek uw Vriendschap in het rond,</l>
        <l id="s3:l7">In 't rond, in 't rond, in 't rond!</l>
      </lg>
      <lg id="s4" type="stanza">
        <l id="s4:l1">Wel zoet gezelschap, dat met vlijt</l>
        <l id="s4:l2">Opregte Vriendschap eert,</l>
        <l id="s4:l3">Wij wenschen dat nooit twist noch nijd</l>
        <l id="s4:l4">Dees zoete Vriendschap keert,</l>
        <l id="s4:l5">Maar dat door vaster band ons hert</l>
        <l id="s4:l6">Vereenigd en onscheidbaar werd;</l>
        <l id="s4:l7">Hoezee, hoezee, hoezee!</l>
      </lg>
      <lg id="s5" type="stanza">
        <l id="s5:l1">Men vat dan frisch den beker aan</l>
        <l id="s5:l2">En klink te zaam in 't rond,</l>
        <l id="s5:l3">Ten spijt van die ons wederstaan,</l>
        <l id="s5:l4">Wij haten valschen grond,</l>
        <l id="s5:l5">Ja spotten met de dwinglandij</l>
        <l id="s5:l6">En juichen onvermoeid aan 't Y,</l>
        <l id="s5:l7">Met vreugd, met vreugd, met vreugd!</l>
      </lg>
      <lg id="s6" type="stanza">
        <l id="s6:l1">Elk neem het glaasjen in de hand</l>
        <l id="s6:l2">En bied zijn Vriendschap aan;</l>
        <l id="s6:l3">Men schenk het vol tot aan den rand,</l>
        <l id="s6:l4">'t Mag op de Vriendschap staan.</l>
        <l id="s6:l5">Wij drinken 't op de Vriendschap uit.</l>
        <l id="s6:l6">Dat niets de gulle Vriendschap stuit',</l>
        <l id="s6:l7">Geen ding, geen ding, geen ding!</l>
      </lg>
      <lg id="s7" type="stanza">
        <l id="s7:l1">Dat raakt ons hart, dat doet ons goed;</l>
        <l id="s7:l2">Wij doen dat nog een reis.</l>
        <l id="s7:l3">Wat is de gulle Vriendschap zoet.</l>
        <l id="s7:l4">Dat elk met ons Haar prijs.</l>
        <l id="s7:l5">Zij is het voedsel van de deugd</l>
        <l id="s7:l6">Die ons gesta&#234;g het hart verheugt,</l>
        <l id="s7:l7">Zoo blij, zoo blij, zoo blij!</l>
      </lg>
      <lg id="s8" type="stanza">
        <l id="s8:l1">Nog eens tot slot, dan kan 't bestaan,</l>
        <l id="s8:l2">Driemaal is regte trant;</l>
        <l id="s8:l3">Eer wij van dezen disch afgaan</l>
        <l id="s8:l4">Bied elk nog eens de hand.</l>
        <l id="s8:l5">Men roep elkander toe in 't rond:</l>
        <l id="s8:l6">Leef lang gelukkig en gezond,</l>
        <l id="s8:l7">Veel heil, veel heil, veel heil!</l>
      </lg>
    </lg>
  </text>
</song>