<song>
  <meta>
    <id>122412</id>
    <date>
      <year-start>1828</year-start>
      <year-end>1828</year-end>
    </date>
    <location>
      <orginal-name>'s-gravenhage</orginal-name>
      <standard-name>The Hague, The Netherlands</standard-name>
      <coordinates>
        <lon>52.0799838</lon>
        <lat>4.3113461</lat>
      </coordinates>
    </location>
    <tags>
      <tag standard-name="dialooglied" translation="dialogue song">dialooglied</tag>
    </tags>
    <melody>Edele artiesten koen</melody>
    <categories>
      <category translation="formal genres">formele genres</category>
    </categories>
  <author>Anonymous</author></meta>
  <text>
    <lg type="song">
      <lg id="s1" type="stanza">
        <l id="s1:l1">Hoe werk je niet leeuwerk?</l>
        <l id="s1:l2">Hoe komt dat niet en orgelt</l>
        <l id="s1:l3">In deez uw teenen kerk</l>
        <l id="s1:l4">Uw strotje dat zoo gorgelt,</l>
        <l id="s1:l5">Gelijk gij plagt te velden?</l>
        <l id="s1:l6">Ei lieve laat uw gunst</l>
        <l id="s1:l7">Aan ons gehoor eens melden</l>
        <l id="s1:l8">Het wonder van uw kunst.</l>
      </lg>
      <lg id="s2" type="stanza">
        <l id="s2:l1">Toon dat gij dankbaar zijt</l>
        <l id="s2:l2">Voortaan te mogen leven,</l>
        <l id="s2:l3">Voor 't zaad dat gij verslijt,</l>
        <l id="s2:l4">Voor 't brood dat wij u geven,</l>
        <l id="s2:l5">Voor zoo veel klaverzoodjes,</l>
        <l id="s2:l6">Voor zoo veel versche nat,</l>
        <l id="s2:l7">Voor zoo veel groene lootjes,</l>
        <l id="s2:l8">Als gij wel hebt gehad.</l>
      </lg>
      <lg id="s3" type="stanza">
        <l id="s3:l1">&#8216;Hoe zou 'k, ellendig dier,</l>
        <l id="s3:l2">&#8216;Verheugen met mijn zangen</l>
        <l id="s3:l3">&#8216;'t Gehoor van een cipier,</l>
        <l id="s3:l4">&#8216;Die mij hier houdt gevangen?</l>
        <l id="s3:l5">&#8216;'k En zal u niet bedriegen,</l>
        <l id="s3:l6">&#8216;Ik acht uw brood noch zaad,</l>
        <l id="s3:l7">&#8216;Voor dat gij mij laat vliegen</l>
        <l id="s3:l8">&#8216;Te velde, voor weldaad.</l>
      </lg>
      <lg id="s4" type="stanza">
        <l id="s4:l1">&#8216;Mijn Schepper had mij vrij</l>
        <l id="s4:l2">&#8216;Doen teelen door 't geveugelt</l>
        <l id="s4:l3">&#8216;En uw geweld heeft mij</l>
        <l id="s4:l4">&#8216;De vrije lucht beteugeld;</l>
        <l id="s4:l5">&#8216;Ik huppel en ik wemel,</l>
        <l id="s4:l6">&#8216;Mijn zang dient tot geschrei,</l>
        <l id="s4:l7">&#8216;Want kooitje en is geen hemel,</l>
        <l id="s4:l8">&#8216;Noch zoodje en is geen wei.</l>
      </lg>
      <lg id="s5" type="stanza">
        <l id="s5:l1">&#8216;Heel de aardbo&#244;m was mijn vloer,</l>
        <l id="s5:l2">&#8216;De hemel mijn gewelf,</l>
        <l id="s5:l3">&#8216;Al 't groen gewas mijn voer,</l>
        <l id="s5:l4">&#8216;Mijn tafel gaf God zelf;</l>
        <l id="s5:l5">&#8216;Hoe zouden mij de kruimen</l>
        <l id="s5:l6">&#8216;Verheugen van uw prooi,</l>
        <l id="s5:l7">&#8216;Daar ik den hemel ruimen</l>
        <l id="s5:l8">&#8216;Moet voor een naauwe kooi.</l>
      </lg>
      <lg id="s6" type="stanza">
        <l id="s6:l1">&#8216;Mijn gaaiken ben ik kwijt,</l>
        <l id="s6:l2">&#8216;Mijn jongen gaan verloren,</l>
        <l id="s6:l3">&#8216;Mij dunkt ik hoor gekrijt,</l>
        <l id="s6:l4">&#8216;'t Geklap komt mij te voren</l>
        <l id="s6:l5">&#8216;Van haar in 't fladderwieken,</l>
        <l id="s6:l6">&#8216;Als ik ze voer met aas,</l>
        <l id="s6:l7">&#8216;Wanneer de zon ging krieken,</l>
        <l id="s6:l8">&#8216;Op 't nat bedaauwde gras.</l>
      </lg>
      <lg id="s7" type="stanza">
        <l id="s7:l1">&#8216;Mijn wijfken treurt alleen,</l>
        <l id="s7:l2">&#8216;Haar lust naauw kost te trekken</l>
        <l id="s7:l3">&#8216;Dan als wij met ons twe&#234;n</l>
        <l id="s7:l4">&#8216;Te zamen trekkebekken,</l>
        <l id="s7:l5">&#8216;Met opgezette kuifjes</l>
        <l id="s7:l6">&#8216;En een verheugde tong,</l>
        <l id="s7:l7">&#8216;Gelijk gepaarde duifjes;</l>
        <l id="s7:l8">&#8216;Zoo voedden wij ons jong.</l>
      </lg>
      <lg id="s8" type="stanza">
        <l id="s8:l1">&#8216;Wilt gij dan met genugt</l>
        <l id="s8:l2">&#8216;Mijn gorgeltje doen kwelen,</l>
        <l id="s8:l3">&#8216;Schenk mij de vrije lucht</l>
        <l id="s8:l4">&#8216;En 't orgeltje zal spelen</l>
        <l id="s8:l5">&#8216;Voor Hem die alle dingen</l>
        <l id="s8:l6">&#8216;Schiep met een enkel oog.</l>
        <l id="s8:l7">&#8216;Dies plagt ik nooit te zingen</l>
        <l id="s8:l8">&#8216;Dan als ik vloog omhoog.</l>
      </lg>
      <lg id="s9" type="stanza">
        <l id="s9:l1">&#8216;Dan zal 't u dunken nieuw,</l>
        <l id="s9:l2">Als ge u zult hooren nooden,</l>
        <l id="s9:l3">Door mijn adieu, dieu, dieu,</l>
        <l id="s9:l4">Tot God, een God der goden,</l>
        <l id="s9:l5">En tusschen 't tierelieren</l>
        <l id="s9:l6">Dieu, dieu, we&#234;r t'elkenmaal,</l>
        <l id="s9:l7">Om dus te leeren vieren</l>
        <l id="s9:l8">Uw Schepper in uw taal.&#8217;</l>
      </lg>
      <lg id="s10" type="stanza">
        <l id="s10:l1">Gij hebt mij nu voldaan,</l>
        <l id="s10:l2">Mijn overzoet leeuwerkje,</l>
        <l id="s10:l3">Ik zal u we&#234;r ontslaan;</l>
        <l id="s10:l4">Vlieg uit uw teenen kerkje,</l>
        <l id="s10:l5">En zoek te velde uw gaaiken,</l>
        <l id="s10:l6">Kweel zamen overluid.</l>
        <l id="s10:l7">Zie daar 's mijn deurtjen open,</l>
        <l id="s10:l8">Mijn beestje vlieg er uit.</l>
      </lg>
    </lg>
  </text>
</song>