<song>
  <meta>
    <id>122429</id>
    <date>
      <year-start>1828</year-start>
      <year-end>1828</year-end>
    </date>
    <location>
      <orginal-name>'s-gravenhage</orginal-name>
      <standard-name>The Hague, The Netherlands</standard-name>
      <coordinates>
        <lon>52.0799838</lon>
        <lat>4.3113461</lat>
      </coordinates>
    </location>
    <tags>
      <tag standard-name="liefdeslied" translation="love song">liefdeslied</tag>
    </tags>
    <melody>La bourr&#233;e de France</melody>
    <categories>
      <category translation="love and sex">liefde en seks</category>
    </categories>
  <author>Anonymous</author></meta>
  <text>
    <lg type="song">
      <lg id="s1" type="stanza">
        <l id="s1:l1">Myn Liaf is een soo swieten dier</l>
        <l id="s1:l2">Soo molle bolle Femke,</l>
        <l id="s1:l3">Ick wod' dat ick altyet bie er wier,</l>
        <l id="s1:l4">Soo swikerige swiete Tiemke,</l>
        <l id="s1:l5">Det ick bie heer, in det ick bie heer,</l>
        <l id="s1:l6">In det ick, in det ick, in det ick bie heer</l>
        <l id="s1:l7">Moecht wiesen, det weer men pejeer,</l>
        <l id="s1:l8">Mien swiekerige moaje Lemke.</l>
      </lg>
      <lg id="s2" type="stanza">
        <l id="s2:l1">Tiemke die isser soo grits, soo net,</l>
        <l id="s2:l2">Soo wrats, soo hummel en soo schrender,</l>
        <l id="s2:l3">Nit to meeger in nit to fet,</l>
        <l id="s2:l4">Soo gern ick bie heer wender,</l>
        <l id="s2:l5">Wier ick er bie, in wier ick er bie,</l>
        <l id="s2:l6">In wier ick, in wier ick, in wier ick er bie</l>
        <l id="s2:l7">Ick sies tioege heer in sie to mie,</l>
        <l id="s2:l8">Hoe lick sinnen wie ien ender.</l>
      </lg>
      <lg id="s3" type="stanza">
        <l id="s3:l1">Wen ick heer hous fom feouren biesie,</l>
        <l id="s3:l2">Soo ken ick mie so fermeytse,</l>
        <l id="s3:l3">De pocken ho stee ick hier dus allie</l>
        <l id="s3:l4">Sto ick deer ick mo weytste,</l>
        <l id="s3:l5">De tioese die komt, de tioese die komt,</l>
        <l id="s3:l6">De tioese, de tioese, de tioese die komt,</l>
        <l id="s3:l7">Mien molyk in mien emmer beklet in beklont,</l>
        <l id="s3:l8">Hoe sel ick die wieter bereytse.</l>
      </lg>
      <lg id="s4" type="stanza">
        <l id="s4:l1">Femke mien liaf mien swiekerige beck</l>
        <l id="s4:l2">Da siste so swiete tiemme</l>
        <l id="s4:l3">Tit oppe del dyn emmer ies leck</l>
        <l id="s4:l4">In leet ons 't leck besemmen,</l>
        <l id="s4:l5">Wotte mie in de stee, wotte mie in de stee;</l>
        <l id="s4:l6">Wotte mie, wotte mie, wotte mie in de stee,</l>
        <l id="s4:l7">Bie hin bie Griet en bie kruck en bie tee</l>
        <l id="s4:l8">Wie sollen tensen en spielen oppe tenge.</l>
      </lg>
      <lg id="s5" type="stanza">
        <l id="s5:l1">Wen ick deer yn ende Tiemke bie sin,</l>
        <l id="s5:l2">Ick mecher min eyws om tinse,</l>
        <l id="s5:l3">Den stee ick as of ick ien ochse bin,</l>
        <l id="s5:l4">Ick kender min lievde schinse,</l>
        <l id="s5:l5">Meer as ick bie die, meer as ick bie die,</l>
        <l id="s5:l6">Meer as ick, meer as ick, meer as ick bie die,</l>
        <l id="s5:l7">Is 't niet as bullen fleysch an mie,</l>
        <l id="s5:l8">Mit singen, poerten en dinsen.</l>
      </lg>
      <lg id="s6" type="stanza">
        <l id="s6:l1">Princesse ier mut ick allien steen,</l>
        <l id="s6:l2">De tiet die geet to leere,</l>
        <l id="s6:l3">Opperste sullen wie to keemer geen</l>
        <l id="s6:l4">En densen mot elkeere.</l>
        <l id="s6:l5">Wot de spielman spielt, wot de spielman spielt,</l>
        <l id="s6:l6">Wot de spie, wot de spie, wot de spielman spielt,</l>
        <l id="s6:l7">Meer meeckyt da soo beas da er mie fersiet,</l>
        <l id="s6:l8">So wol 'k jen met mien mes to keere.</l>
      </lg>
    </lg>
  </text>
</song>