<song>
  <meta>
    <id>122409</id>
    <date>
      <year-start>1828</year-start>
      <year-end>1828</year-end>
    </date>
    <location>
      <orginal-name>'s-gravenhage</orginal-name>
      <standard-name>The Hague, The Netherlands</standard-name>
      <coordinates>
        <lon>52.0799838</lon>
        <lat>4.3113461</lat>
      </coordinates>
    </location>
    <tags>
      <tag standard-name="verhalend lied" translation="narrative song">verhalend lied</tag>
      <tag standard-name="kluchtlied" translation="humorous song">kluchtlied</tag>
    </tags>
    <melody />
    <categories>
      <category translation="amusement">vermaak</category>
      <category translation="narratives">verhalen</category>
    </categories>
  <author>Anonymous</author></meta>
  <text>
    <lg type="song">
      <lg id="s1" type="stanza">
        <l id="s1:l1">Daar reed er een ridder al door het riet,</l>
        <l id="s1:l2">En hij hief op en zong een lied</l>
        <l id="s1:l3">En een liedje met heldere stemme</l>
        <l id="s1:l4">Dat het tusschen twee bergen klemde.</l>
      </lg>
      <lg id="s2" type="stanza">
        <l id="s2:l1">En dat verhoorde een jonkvrouw fijn,</l>
        <l id="s2:l2">Zij lag er op hare slaapkamer allein,</l>
        <l id="s2:l3">En zij vlegtte haar haartje met zijde,</l>
        <l id="s2:l4">Met den landsknecht woude zij rijden.</l>
      </lg>
      <lg id="s3" type="stanza">
        <l id="s3:l1">De landsknecht had ze zoo lief en waard,</l>
        <l id="s3:l2">Hij zette ze voor hem op zijn paard</l>
        <l id="s3:l3">En voerde ze in korte wijlen</l>
        <l id="s3:l4">Wel vierenzeventig mijlen.</l>
      </lg>
      <lg id="s4" type="stanza">
        <l id="s4:l1">Hij voerde ze over een akker, was wijd,</l>
        <l id="s4:l2">Dat was er met roode roosjes bespreid,</l>
        <l id="s4:l3">Hij zeide: vrouw maget, gij moet achterwaards staan,</l>
        <l id="s4:l4">Mijn graauwe ros is er zoo moede van gaan.</l>
      </lg>
      <lg id="s5" type="stanza">
        <l id="s5:l1">Waarom zoo zoude ik achterwaards staan?</l>
        <l id="s5:l2">Had ik er mijn vaders raadje gedaan,</l>
        <l id="s5:l3">Daartoe mijn vrouw moedertjes wille,</l>
        <l id="s5:l4">Ik had er geweest een keizerinne.</l>
      </lg>
      <lg id="s6" type="stanza">
        <l id="s6:l1">Had gij er geweest een keizerin,</l>
        <l id="s6:l2">En ik er een markgraaf zijn zoontje bin,</l>
        <l id="s6:l3">Zoo laat het u mooi meisje niet rouwen,</l>
        <l id="s6:l4">Want morgen zal ik u trouwen.</l>
      </lg>
      <lg id="s7" type="stanza">
        <l id="s7:l1">Eer ik was uw getrouwde wijf,</l>
        <l id="s7:l2">Veel liever verloor ik mijn jonge lijf,</l>
        <l id="s7:l3">Eer ik was uw getrouwde huisvrouwe,</l>
        <l id="s7:l4">Ik liet liever mijn hoofdje afhouwen.</l>
      </lg>
      <lg id="s8" type="stanza">
        <l id="s8:l1">Eer zij er dat woordje ten halve sprak</l>
        <l id="s8:l2">Haar hoofdje al voor haar voeten lag,</l>
        <l id="s8:l3">En met een al zoo scherp zwaarde</l>
        <l id="s8:l4">Sloeg hij er dat hoofdje ter aarde.</l>
      </lg>
      <lg id="s9" type="stanza">
        <l id="s9:l1">Hij nam het hoofde bij het haar</l>
        <l id="s9:l2">Hij wierp het in een fontein, was klaar,</l>
        <l id="s9:l3">Een fontein, was diep van gronde:</l>
        <l id="s9:l4">&#8216;Leg daar jou lagchende monde.</l>
      </lg>
      <lg id="s10" type="stanza">
        <l id="s10:l1">&#8216;Leg hier, leg daar, jou lagchende mond,</l>
        <l id="s10:l2">Gij hebt mij gekost zoo Veel duizend pond,</l>
        <l id="s10:l3">En zoo menigen penning rood goude.</l>
        <l id="s10:l4">Uw hoofdje is al afgehouwen.&#8217;</l>
      </lg>
    </lg>
  </text>
</song>