<song>
  <meta>
    <id>122403</id>
    <date>
      <year-start>1828</year-start>
      <year-end>1828</year-end>
    </date>
    <location>
      <orginal-name>'s-gravenhage</orginal-name>
      <standard-name>The Hague, The Netherlands</standard-name>
      <coordinates>
        <lon>52.0799838</lon>
        <lat>4.3113461</lat>
      </coordinates>
    </location>
    <tags>
      <tag standard-name="verhalend lied" translation="narrative song">verhalend lied</tag>
      <tag standard-name="liefdeslied" translation="love song">liefdeslied</tag>
    </tags>
    <melody>Van Le pasteur</melody>
    <categories>
      <category translation="love and sex">liefde en seks</category>
      <category translation="narratives">verhalen</category>
    </categories>
  <author>Anonymous</author></meta>
  <text>
    <lg type="song">
      <lg id="s1" type="stanza">
        <l id="s1:l1">Cupido, 't dart'le kind</l>
        <l id="s1:l2">Nam aan de reis wat veer,</l>
        <l id="s1:l3">Vloog op d'onzigtbre noordewind,</l>
        <l id="s1:l4">Daalde in 't koudvorstig Noorden ne&#234;r,</l>
        <l id="s1:l5">Waar dat 't verkleumt, verstijft,</l>
        <l id="s1:l6">Het schalke wicht niet lang en blijft.</l>
      </lg>
      <lg id="s2" type="stanza">
        <l id="s2:l1">'t Zat met zijn kroese kop</l>
        <l id="s2:l2">In de besneeuwde laagt'</l>
        <l id="s2:l3">Des hard bevrozen rotzentop,</l>
        <l id="s2:l4">En willend' vliegen, ach! (het klaagt)</l>
        <l id="s2:l5">'t Is van de kou verrast,</l>
        <l id="s2:l6">Zijn vlerkjens zijn bevrozen vast.</l>
      </lg>
      <lg id="s3" type="stanza">
        <l id="s3:l1">Doch 't zag van verre een schuur,</l>
        <l id="s3:l2">'t Wicht daarna toe te voet,</l>
        <l id="s3:l3">Alwaar de harders boeten vuur.</l>
        <l id="s3:l4">Dit, dacht het boefje, doet mij goed;</l>
        <l id="s3:l5">Straks treedt het stoutlijk in,</l>
        <l id="s3:l6">Voegt zich bij harder en harderin.</l>
      </lg>
      <lg id="s4" type="stanza">
        <l id="s4:l1">'t Deurwarmd' zijn huidjen eerst</l>
        <l id="s4:l2">En droogd' zijn pluimpjes nat,</l>
        <l id="s4:l3">Beklaagt dees bitt're reis op 't zeerst,</l>
        <l id="s4:l4">'t Begint we&#234;r te verkwikken wat,</l>
        <l id="s4:l5">En maakt zijn koker ree,</l>
        <l id="s4:l6">Zijn boog en pees, zijn pijlen me&#234;.</l>
      </lg>
      <lg id="s5" type="stanza">
        <l id="s5:l1">Waarme&#234; het straks doorwondt,</l>
        <l id="s5:l2">En drijft een scherpe schicht</l>
        <l id="s5:l3">In 't hart der schoonste Rosemond,</l>
        <l id="s5:l4">Opdat z' haar vriendlijk oogs gezigt</l>
        <l id="s5:l5">Op Palmerijn zou slaan,</l>
        <l id="s5:l6">Dien z'eerst zag voor haar minnaar aan.</l>
      </lg>
      <lg id="s6" type="stanza">
        <l id="s6:l1">Nu zal de minne zijn</l>
        <l id="s6:l2">Onbreeklijk zaamgesnoerd</l>
        <l id="s6:l3">Van Rosemond en Palmerijn,</l>
        <l id="s6:l4">'t Welk 't dart'le wicht heeft uitgevoerd,</l>
        <l id="s6:l5">'t Verlaat het koude Noord,</l>
        <l id="s6:l6">Vliegt naar zijn eerste woonplaats voort.</l>
      </lg>
    </lg>
  </text>
</song>