<song>
  <meta>
    <id>122401</id>
    <date>
      <year-start>1828</year-start>
      <year-end>1828</year-end>
    </date>
    <location>
      <orginal-name>'s-gravenhage</orginal-name>
      <standard-name>The Hague, The Netherlands</standard-name>
      <coordinates>
        <lon>52.0799838</lon>
        <lat>4.3113461</lat>
      </coordinates>
    </location>
    <tags>
      <tag standard-name="bruiloftslied" translation="wedding song">bruiloftslied</tag>
    </tags>
    <melody>O Angenietje</melody>
    <categories>
      <category translation="cycle of life">levenscyclus</category>
    </categories>
  <author>Anonymous</author></meta>
  <text>
    <lg type="song">
      <lg id="s1" type="stanza">
        <l id="s1:l1">Gelijk als door d' baren</l>
        <l id="s1:l2">Een schip komt gevaren</l>
        <l id="s1:l3">Uit d'onbetemde zee</l>
        <l id="s1:l4">Tot aan een goede re&#234;,</l>
        <l id="s1:l5">Zijn blijdschap laat blijken</l>
        <l id="s1:l6">Zijn zeilen laat strijken</l>
        <l id="s1:l7">Zijn wimpels rollen uit,</l>
        <l id="s1:l8">En met een trotsch geluid</l>
        <l id="s1:l9">Doet dond'ren, dav'ren, klat'ren naar den eisch</l>
        <l id="s1:l10">Zijn stukken grof</l>
        <l id="s1:l11">Den Heer tot lof</l>
        <l id="s1:l12">Voor zijn behouden reis.</l>
      </lg>
      <lg id="s2" type="stanza">
        <l id="s2:l1">Zoo laat ons ook zingen</l>
        <l id="s2:l2">En kluchten voortbringen</l>
        <l id="s2:l3">Mits door de woelderij</l>
        <l id="s2:l4">Van 't ongerust gevrij</l>
        <l id="s2:l5">De bruidegom met lusten</l>
        <l id="s2:l6">In d'haven der rusten</l>
        <l id="s2:l7">Zijn scheepje dezen nacht</l>
        <l id="s2:l8">Gelukkig heest gebragt,</l>
        <l id="s2:l9">Daar hij verwellekomt wordt van de bruid,</l>
        <l id="s2:l10">Die van zijn jeugd</l>
        <l id="s2:l11">De groote vreugd</l>
        <l id="s2:l12">In haar gezigt besluit.</l>
      </lg>
      <lg id="s3" type="stanza">
        <l id="s3:l1">Dies is hij met reden</l>
        <l id="s3:l2">Ook vol vrolijkheden</l>
        <l id="s3:l3">Een heeft de gansche vloot</l>
        <l id="s3:l4">Zijns kennis zaamgenood</l>
        <l id="s3:l5">Om lustig te blazen</l>
        <l id="s3:l6">Uit roemers en glazen,</l>
        <l id="s3:l7">Om met een zoet gelag</l>
        <l id="s3:l8">Te brengen voor den dag</l>
        <l id="s3:l9">De meeste vreugd die immers is gezien,</l>
        <l id="s3:l10">En dat moet gaan,</l>
        <l id="s3:l11">Dus vangt het aan,</l>
        <l id="s3:l12">Wat wagt gij jonge li&#234;n?</l>
      </lg>
      <lg id="s4" type="stanza">
        <l id="s4:l1">Elk moet zich hier zetten</l>
        <l id="s4:l2">Om stijf te trompetten</l>
        <l id="s4:l3">Op een geladen fluit</l>
        <l id="s4:l4">Vol goeden Rhijnschen buit,</l>
        <l id="s4:l5">En dan we&#234;r aangevangen</l>
        <l id="s4:l6">De zoetste gezangen</l>
        <l id="s4:l7">Die ooit van geesten zijn</l>
        <l id="s4:l8">Gezongen bij den wijn.</l>
        <l id="s4:l9">Nu maagden zegt, waarom begint gij niet?</l>
        <l id="s4:l10">Elk voor zijn deel,</l>
        <l id="s4:l11">Rep nu zijn keel</l>
        <l id="s4:l12">En zing een vrolijk lied.</l>
      </lg>
      <lg id="s5" type="stanza">
        <l id="s5:l1">Nu nobele baasjes</l>
        <l id="s5:l2">Waar blijven de glaasjes?</l>
        <l id="s5:l3">Drinkt op de bruidegom -</l>
        <l id="s5:l4">En bruids - gezondheid om.</l>
        <l id="s5:l5">Gaat wenscht haar daarmede</l>
        <l id="s5:l6">Geluk en vrede</l>
        <l id="s5:l7">In haar echten staat,</l>
        <l id="s5:l8">Met een verheugd gelaat,</l>
        <l id="s5:l9">En kust malkander daarop rondom driesch,</l>
        <l id="s5:l10">Elk make zich ree:</l>
        <l id="s5:l11">Dat's &#233;&#233;n, dat's twee,</l>
        <l id="s5:l12">Dat's drie, dat's op zijn Friesch.</l>
      </lg>
    </lg>
  </text>
</song>