<song>
  <meta>
    <id>122425</id>
    <date>
      <year-start>1828</year-start>
      <year-end>1828</year-end>
    </date>
    <location>
      <orginal-name>'s-gravenhage</orginal-name>
      <standard-name>The Hague, The Netherlands</standard-name>
      <coordinates>
        <lon>52.0799838</lon>
        <lat>4.3113461</lat>
      </coordinates>
    </location>
    <tags>
      <tag standard-name="herderslied" translation="pastoral song">herderslied</tag>
    </tags>
    <melody>La Dauphine</melody>
    <categories>
      <category translation="love and sex">liefde en seks</category>
    </categories>
  <author>Anonymous</author></meta>
  <text>
    <lg type="song">
      <lg id="s1" type="stanza">
        <l id="s1:l1">Hoe komt Jetske, sis het my,</l>
        <l id="s1:l2">Dat ick fijn allinne dy</l>
        <l id="s1:l3">Te waendre, te waendre?</l>
        <l id="s1:l4">Swiete diaer dit het nin fly,</l>
        <l id="s1:l5">'t Is better te feraendre.</l>
      </lg>
      <lg id="s2" type="stanza">
        <l id="s2:l1">Ick hab socht jon minne lang,</l>
        <l id="s2:l2">Den schaemte hiel my in betwangh,</l>
        <l id="s2:l3">Te swye, te swye,</l>
        <l id="s2:l4">Nu tins ick o mey myn sangh</l>
        <l id="s2:l5">Yens leafelyck te frye.</l>
      </lg>
      <lg id="s3" type="stanza">
        <l id="s3:l1">Wotte mey my nev het waad,</l>
        <l id="s3:l2">Ick sel dy litte op het paad</l>
        <l id="s3:l3">Myn hoofjaen, myn hoofjaen,</l>
        <l id="s3:l4">Dit is nin schiener yne wraad</l>
        <l id="s3:l5">Dir mogge wy den grou gaen.</l>
      </lg>
      <lg id="s4" type="stanza">
        <l id="s4:l1">Paen en patjes al den dey</l>
        <l id="s4:l2">So folle liaefste as ick mey</l>
        <l id="s4:l3">By bringe, by bringe,</l>
        <l id="s4:l4">Sel ick dy jaen, dus rin naet wey</l>
        <l id="s4:l5">Den dat syn swiete tingen.</l>
      </lg>
      <lg id="s5" type="stanza">
        <l id="s5:l1">Liaefste wotte mey my tjaen.</l>
        <l id="s5:l2">Ick sel dyn holle schien versjaen</l>
        <l id="s5:l3">Mey kanckjes, mey kanckjes</l>
        <l id="s5:l4">En dy twa ponjetjes jaen</l>
        <l id="s5:l5">Om dyn snie-wyte hanckjes.</l>
      </lg>
      <lg id="s6" type="stanza">
        <l id="s6:l1">Ringen mey stientjes dir in</l>
        <l id="s6:l2">So ast min liaefken naeij her sin</l>
        <l id="s6:l3">Betinsen, betinsen,</l>
        <l id="s6:l4">Sel ick dy jaen, dir to myn min</l>
        <l id="s6:l5">En al myu libben schinsen.</l>
      </lg>
      <lg id="s7" type="stanza">
        <l id="s7:l1">Dyrom liaef, jon my dyn haan</l>
        <l id="s7:l2">Den al wyr ick Heer sen het laan,</l>
        <l id="s7:l3">Goddinne, Goddinne,</l>
        <l id="s7:l4">Sycker ick wens oors nin paan</l>
        <l id="s7:l5">Voor myn getrouwe minne.</l>
      </lg>
    </lg>
  </text>
</song>