<song>
  <meta>
    <id>122599</id>
    <date>
      <year-start>1848</year-start>
      <year-end>1848</year-end>
    </date>
    <location>
      <orginal-name>gent</orginal-name>
      <standard-name>Gent, Belgium</standard-name>
      <coordinates>
        <lon>51.0538286</lon>
        <lat>3.7250121</lat>
      </coordinates>
    </location>
    <tags>
      <tag standard-name="schriftuurlijk lied" translation="scripture song">schriftuurlijk lied</tag>
      <tag standard-name="martelaarslied" translation="martyr song">martelaarslied</tag>
    </tags>
    <melody>Rosina waar was uw gestalte</melody>
    <categories>
      <category translation="religion">godsdienst</category>
    </categories>
  <author>Anonymous</author></meta>
  <text>
    <lg type="song">
      <lg id="s1" type="stanza">
        <l id="s1:l1">Een nieuwe liet,</l>
        <l id="s1:l2">Vat dit bediedt,</l>
        <l id="s1:l3">TAntwerpen geschiet</l>
        <l id="s1:l4">Al in den jare</l>
        <l id="s1:l5">Van tsestich, siet,</l>
        <l id="s1:l6">En verwondert niet,</l>
        <l id="s1:l7">Een man voorware</l>
        <l id="s1:l8">Met groter schare</l>
        <l id="s1:l9">Van diefleyders, hoort,</l>
        <l id="s1:l10">Gebracht werd voort</l>
        <l id="s1:l11">Van die Steenpoort</l>
        <l id="s1:l12">In de vierschare.</l>
      </lg>
      <lg id="s2" type="stanza">
        <l id="s2:l1">Willem hiet hy:</l>
        <l id="s2:l2">Hy was so bly,</l>
        <l id="s2:l3">Cleermaker vry</l>
        <l id="s2:l4">Binnen der stede.</l>
        <l id="s2:l5">Als hy nu by</l>
        <l id="s2:l6">Den heeren, fy,</l>
        <l id="s2:l7">Quam, ende sy</l>
        <l id="s2:l8">Hem vraechden mede:</l>
        <l id="s2:l9">&#8216;Sijt gy herdoopt?</l>
        <l id="s2:l10">Ons hier ontcnoopt</l>
        <l id="s2:l11">Waer gy op hoopt</l>
        <l id="s2:l12">Met recht en rede!&#8217;</l>
      </lg>
      <lg id="s3" type="stanza">
        <l id="s3:l1">Hy sprac tot haer:</l>
        <l id="s3:l2">&#8216;Wat vraecht gy daer</l>
        <l id="s3:l3">Naer mijnen doop claer?</l>
        <l id="s3:l4">En niet naer mijn leven?</l>
        <l id="s3:l5">Op dat voorwaer</l>
        <l id="s3:l6">Ghy al te gaer</l>
        <l id="s3:l7">Een oordeel daer</l>
        <l id="s3:l8">Naer soudet gheven?</l>
        <l id="s3:l9">Ic ben een roof</l>
        <l id="s3:l10">Naer mijn gheloof,</l>
        <l id="s3:l11">Der werelt doof,</l>
        <l id="s3:l12">Die my doet sneven.&#8217;</l>
      </lg>
      <lg id="s4" type="stanza">
        <l id="s4:l1">Die schout gemeen,</l>
        <l id="s4:l2">Hert als een steen,</l>
        <l id="s4:l3">Was niet te vreen</l>
        <l id="s4:l4">En vroeg met lagen.</l>
        <l id="s4:l5">Willem sprac: &#8216;Hoort reen!</l>
        <l id="s4:l6">Ghebt my voorheen</l>
        <l id="s4:l7">Gevraecht alleen:</l>
        <l id="s4:l8">Mach ic ooc vragen?&#8217;</l>
        <l id="s4:l9">Die schout sprac: &#8216;Beydt!</l>
        <l id="s4:l10">Gheeft eerst bescheyt</l>
        <l id="s4:l11">Al van u feyt;</l>
        <l id="s4:l12">Dan sal ict wagen.&#8217;</l>
      </lg>
      <lg id="s5" type="stanza">
        <l id="s5:l1">Willem, sonder vaer:</l>
        <l id="s5:l2">&#8216;In Marcus claer</l>
        <l id="s5:l3">Int sestiend daer</l>
        <l id="s5:l4">Daer moecht ghijt lesen:</l>
        <l id="s5:l5">Wie ghelooft voorwaer</l>
        <l id="s5:l6">En gedoopt is eenpaer</l>
        <l id="s5:l7">Die sal hier naer</l>
        <l id="s5:l8">Eens salich wesen.&#8217;</l>
        <l id="s5:l9">Die schout sprac fijn:</l>
        <l id="s5:l10">&#8216;Men vraecht, hoort mijn,</l>
        <l id="s5:l11">Op dit termijn</l>
        <l id="s5:l12">U niet naer desen.&#8217;</l>
      </lg>
      <lg id="s6" type="stanza">
        <l id="s6:l1">Terstont, verstaet</l>
        <l id="s6:l2">Die heeren quaet</l>
        <l id="s6:l3">Met haren raet</l>
        <l id="s6:l4">Quamen te voren.</l>
        <l id="s6:l5">Willem sprac: &#8216;Vaet,</l>
        <l id="s6:l6">Mijn heeren, u baet!</l>
        <l id="s6:l7">Wijst niet naer 't placcaet;</l>
        <l id="s6:l8">Het ware verloren.</l>
        <l id="s6:l9">Denck toch op den dach</l>
        <l id="s6:l10">Dien men voorby niet mach,</l>
        <l id="s6:l11">Als ghy sult roepen: ach,</l>
        <l id="s6:l12">Ach ware ic herboren!&#8217;</l>
      </lg>
      <lg id="s7" type="stanza">
        <l id="s7:l1">Sy hebben terstont,</l>
        <l id="s7:l2">Ghelijc in het ront,</l>
        <l id="s7:l3">En met eenen mont,</l>
        <l id="s7:l4">Hem toen verwesen.</l>
        <l id="s7:l5">O Heere, doet cont</l>
        <l id="s7:l6">Haer quaden vont,</l>
        <l id="s7:l7">Dat sy werden gesont</l>
        <l id="s7:l8">Ende schrifture lesen!</l>
        <l id="s7:l9">Maect dat haer hert,</l>
        <l id="s7:l10">Hard als een bert,</l>
        <l id="s7:l11">Toch soeter wert,</l>
        <l id="s7:l12">Dat biddic met desen!</l>
      </lg>
      <lg id="s8" type="stanza">
        <l id="s8:l1">Smorgens, vroechtijt,</l>
        <l id="s8:l2">Op de marct wijd,</l>
        <l id="s8:l3">Met cleender jolijt,</l>
        <l id="s8:l4">Sy Willem brachten:</l>
        <l id="s8:l5">Aen den staec, sonder strijdt,</l>
        <l id="s8:l6">Sy hem met nijt,</l>
        <l id="s8:l7">Sonder langer respijt,</l>
        <l id="s8:l8">Gingen versmachten.</l>
        <l id="s8:l9">Och Godt, o Heer!</l>
        <l id="s8:l10">Siet toch eens neer</l>
        <l id="s8:l11">Op u leden teer,</l>
        <l id="s8:l12">Die sy nu verachten!</l>
      </lg>
      <lg id="s9" type="stanza">
        <l id="s9:l1">Ghy, prince jent,</l>
        <l id="s9:l2">Mijn liedt bekent</l>
        <l id="s9:l3">Is nu ten ent</l>
        <l id="s9:l4">Voor u ghesongen.</l>
        <l id="s9:l5">Ick wasser present</l>
        <l id="s9:l6">En hem omtrent,</l>
        <l id="s9:l7">Als hy was ghesent</l>
        <l id="s9:l8">Voor ouden en jongen,</l>
        <l id="s9:l9">Daer hy, gereet,</l>
        <l id="s9:l10">Zijn gheloof beleet</l>
        <l id="s9:l11">Voor d'overheet.</l>
        <l id="s9:l12">God loven alle tonghen!</l>
      </lg>
    </lg>
  </text>
</song>