<song>
  <meta>
    <id>122612</id>
    <date>
      <year-start>1848</year-start>
      <year-end>1848</year-end>
    </date>
    <location>
      <orginal-name>gent</orginal-name>
      <standard-name>Gent, Belgium</standard-name>
      <coordinates>
        <lon>51.0538286</lon>
        <lat>3.7250121</lat>
      </coordinates>
    </location>
    <tags>
      <tag standard-name="historielied" translation="historical song">historielied</tag>
      <tag standard-name="triomflied" translation="triumph song">triomflied</tag>
      <tag standard-name="anti-geuzenlied" translation="anti-Geuzen song">anti-geuzenlied</tag>
    </tags>
    <melody>Onlangs zijnde vol onrusten</melody>
    <categories>
      <category translation="politics and history">politiek en geschiedenis</category>
    </categories>
  <author>Anonymous</author></meta>
  <text>
    <lg type="song">
      <lg id="s1" type="stanza">
        <l id="s1:l1">Onlangs sijnde vol onrusten,</l>
        <l id="s1:l2">Door den seer benauden tijt,</l>
        <l id="s1:l3">Voegd' ick my om wat te rusten:</l>
        <l id="s1:l4">In den slaep werd ik verblijt.</l>
        <l id="s1:l5">'K heb vernomen&#8217; in het dromen</l>
        <l id="s1:l6">Dat Jupijn was bly gecomen</l>
        <l id="s1:l7">By vrou Belgica: hy sagh</l>
        <l id="s1:l8">Dat sy maekte groot geclagh.</l>
      </lg>
      <lg id="s2" type="stanza">
        <l id="s2:l1">Dese seer bedruckte vrouwe</l>
        <l id="s2:l2">Claeghde Jovi haren noot,</l>
        <l id="s2:l3">Dat 's haer kinders, soo getrouwe,</l>
        <l id="s2:l4">Zach verkrijgen stoot op stoot,</l>
        <l id="s2:l5">En veel ringen&#8217; moest gehingen,</l>
        <l id="s2:l6">Die haer soo ter herte gingen</l>
        <l id="s2:l7">Dat haer suchten met geluyt</l>
        <l id="s2:l8">Bersten overvloedigh uyt.</l>
      </lg>
      <lg id="s3" type="stanza">
        <l id="s3:l1">&#8216;Liefste, sprac hy, schoon bepeerelt,</l>
        <l id="s3:l2">Hebt gy niet den besten heer,</l>
        <l id="s3:l3">Machtiger als een ter werelt?</l>
        <l id="s3:l4">Waerom klaegt gy dan soo seer?&#8217;</l>
        <l id="s3:l5">Sy, bekreten&#8217; sprack: &#8216;wilt weten,</l>
        <l id="s3:l6">Mijnen heer is verre geseten:</l>
        <l id="s3:l7">Hy en hoort niet noch en siet</l>
        <l id="s3:l8">Wat my dagelijckx geschiet.&#8217;</l>
      </lg>
      <lg id="s4" type="stanza">
        <l id="s4:l1">Jupiter wist wat sy meynde;</l>
        <l id="s4:l2">En hy sprack met woorden soet:</l>
        <l id="s4:l3">&#8216;Soo sal hy u eenen seynden</l>
        <l id="s4:l4">Van sijn aldernaesten bloet.</l>
        <l id="s4:l5">Soete moeder &#8217; u behoeder</l>
        <l id="s4:l6">Dat sal sijn den eygen broeder</l>
        <l id="s4:l7">Van sijn Spaensche Majesteyt.&#8217;</l>
        <l id="s4:l8">Daerm&#233; namp hy sijn afscheyt.</l>
      </lg>
      <lg id="s5" type="stanza">
        <l id="s5:l1">Belgica viel neer ter eerde,</l>
        <l id="s5:l2">En sy heeft (seer wel bedacht)</l>
        <l id="s5:l3">Hem bedanckt, den heere weerde,</l>
        <l id="s5:l4">Die haer dees vertroostingh bracht.</l>
        <l id="s5:l5">Na het droogen&#8217; van haer oogen</l>
        <l id="s5:l6">Ginck sy haer tot schrijven poogen,</l>
        <l id="s5:l7">Om haer kinders al te gaer</l>
        <l id="s5:l8">Weet te doen dees blijde maer.</l>
      </lg>
      <lg id="s6" type="stanza">
        <l id="s6:l1">Eerst aen haer friste kinders</l>
        <l id="s6:l2">Brussel, Brugh', Antwerpen, Gent,</l>
        <l id="s6:l3">Steden vol van konstbeminders,</l>
        <l id="s6:l4">Heel Europa door bekent,</l>
        <l id="s6:l5">Dat sy staecken&#8217; souden maecken,</l>
        <l id="s6:l6">Om het peckvier te doen blaecken,</l>
        <l id="s6:l7">Mids nu sou, naer haeren wensch,</l>
        <l id="s6:l8">Comen eenen goeden prins.</l>
      </lg>
      <lg id="s7" type="stanza">
        <l id="s7:l1">'K hoop dat hy soo sal regeeren</l>
        <l id="s7:l2">Dat wy vinden ondereen</l>
        <l id="s7:l3">Samen sulcken accordeeren</l>
        <l id="s7:l4">Dat verstooten worde geen</l>
        <l id="s7:l5">Een Brabander&#8217; of Hollander,</l>
        <l id="s7:l6">Vlaminck, Zeeu of alle d'ander,</l>
        <l id="s7:l7">En wy samen, kleyn en groot,</l>
        <l id="s7:l8">Winnen vriendelijck ons broodt.</l>
      </lg>
      <lg id="s8" type="stanza">
        <l id="s8:l1">Als Antwerpia dat hoorde,</l>
        <l id="s8:l2">Die den handel soo bemint,</l>
        <l id="s8:l3">Vlooch sy op haer moeders woorden,</l>
        <l id="s8:l4">En terstont men daer begint</l>
        <l id="s8:l5">Met cieraeten&#8217; in de straeten,</l>
        <l id="s8:l6">Costelijck en boven maten,</l>
        <l id="s8:l7">En een arcke triumphael</l>
        <l id="s8:l8">Voor den Prinse Kardinael.</l>
      </lg>
      <lg id="s9" type="stanza">
        <l id="s9:l1">Sesthien hondert vijf en dertigh,</l>
        <l id="s9:l2">Tien en seven in april,</l>
        <l id="s9:l3">Quam den prinse seer blyhertigh,</l>
        <l id="s9:l4">Yverigh en goet van wil,</l>
        <l id="s9:l5">Om t'aenschouwen&#8217; de gebouwen</l>
        <l id="s9:l6">Van Antwerpia vol trouwen;</l>
        <l id="s9:l7">Want hy hoorde dat die stad</l>
        <l id="s9:l8">Al den lof van Belgis had.</l>
      </lg>
      <lg id="s10" type="stanza">
        <l id="s10:l1">Buyten stonden die ses gulden,</l>
        <l id="s10:l2">Die soo schoten met geweer,</l>
        <l id="s10:l3">Dat den roock de lucht vervulden:</l>
        <l id="s10:l4">'T scheen te sijn een strijdend heir!</l>
        <l id="s10:l5">En die wijcken&#8217; des gelijcken,</l>
        <l id="s10:l6">Lieten hun geschiet oock blijcken:</l>
        <l id="s10:l7">Toen den Prins daer binnen quam,</l>
        <l id="s10:l8">Sach men niet dan vier en vlam.</l>
      </lg>
      <lg id="s11" type="stanza">
        <l id="s11:l1">Onsen borgemeester Tsucher</l>
        <l id="s11:l2">Reedt al aen des prinsen sij:</l>
        <l id="s11:l3">'T was een kloeken ondersoecker,</l>
        <l id="s11:l4">En hy wees den prinse bly</l>
        <l id="s11:l5">Al de wercken&#8217; van die arcken,</l>
        <l id="s11:l6">Waer den prins kon aen bemercken</l>
        <l id="s11:l7">Wat voor costen dat de ste&#234;</l>
        <l id="s11:l8">Al tot sijnder eeren de&#234;.</l>
      </lg>
      <lg id="s12" type="stanza">
        <l id="s12:l1">Onslievrouwen-toren spoedigh</l>
        <l id="s12:l2">Van den wijser tot aen 't cruys</l>
        <l id="s12:l3">Scheen des avonts heel geloedigh:</l>
        <l id="s12:l4">Hy gaf licht op menigh huys,</l>
        <l id="s12:l5">Daer somwijlen&#8217; seer subtijlen,</l>
        <l id="s12:l6">Vloghen uyt soo veel vierpijlen,</l>
        <l id="s12:l7">Of er vielen, naer ons docht,</l>
        <l id="s12:l8">Duysent sterren uyt de locht.</l>
      </lg>
      <lg id="s13" type="stanza">
        <l id="s13:l1">Onsen prinse sagh men rijden</l>
        <l id="s13:l2">Spadigh, tweemael in den nacht,</l>
        <l id="s13:l3">En in 't vieren hem verblijden.</l>
        <l id="s13:l4">Soo wert dese vreucht volbracht.</l>
        <l id="s13:l5">Laet ons raemen&#8217; al te samen,</l>
        <l id="s13:l6">En Godt bidden, sonder blamen,</l>
        <l id="s13:l7">Dat hy 's prinsen hert soo bint</l>
        <l id="s13:l8">Dat de reyne liefd verwint.</l>
      </lg>
    </lg>
  </text>
</song>