<song>
  <meta>
    <id>122604</id>
    <date>
      <year-start>1848</year-start>
      <year-end>1848</year-end>
    </date>
    <location>
      <orginal-name>gent</orginal-name>
      <standard-name>Gent, Belgium</standard-name>
      <coordinates>
        <lon>51.0538286</lon>
        <lat>3.7250121</lat>
      </coordinates>
    </location>
    <tags>
      <tag standard-name="geuzenlied" translation="Geuzen song">geuzenlied</tag>
      <tag standard-name="klaaglied" translation="lamentation">klaaglied</tag>
    </tags>
    <melody>De vogeltjes in de muiten</melody>
    <categories>
      <category translation="emotions">emoties</category>
      <category translation="politics and history">politiek en geschiedenis</category>
    </categories>
  <author>Anonymous</author></meta>
  <text>
    <lg type="song">
      <lg id="s1" type="stanza">
        <l id="s1:l1">Helpt nu u self soo helpt u Godt</l>
        <l id="s1:l2">Uyt der tyrannen bant en slot,</l>
        <l id="s1:l3">Benaude Nederlanden!</l>
        <l id="s1:l4">Ghy draegt den bast al om u strot,</l>
        <l id="s1:l5">Rept flucks u vrome handen!</l>
      </lg>
      <lg id="s2" type="stanza">
        <l id="s2:l1">De spaensche hooghmoet, valsch en boos,</l>
        <l id="s2:l2">Sond u een beule goddeloos</l>
        <l id="s2:l3">Om u goddeloos te maken:</l>
        <l id="s2:l4">Godts woort rooft hy door menschen gloos</l>
        <l id="s2:l5">En wilt u 't gelt ontschaken.</l>
      </lg>
      <lg id="s3" type="stanza">
        <l id="s3:l1">Soo neemt hy elc sijn hoochste goedt.</l>
        <l id="s3:l2">Die 't woordt, der sielen voetsel soet,</l>
        <l id="s3:l3">Om draf niet willen derven,</l>
        <l id="s3:l4">Bekoopent met haer roode bloet,</l>
        <l id="s3:l5">Of moeten naeckt gaen swerven.</l>
      </lg>
      <lg id="s4" type="stanza">
        <l id="s4:l1">Maer die sijn hert op Mammon stelt</l>
        <l id="s4:l2">Moet ooc ontbeeren 't lieve gheldt,</l>
        <l id="s4:l3">Sijn Godt, sijn vleesch vertrouwen.</l>
        <l id="s4:l4">Hy eyst den thienden met ghewelt:</l>
        <l id="s4:l5">Die gheeft sal niet behouwen;</l>
      </lg>
      <lg id="s5" type="stanza">
        <l id="s5:l1">Want gheeft men dick van thienen een</l>
        <l id="s5:l2">Daer blijft ten lesten een of gheen.</l>
        <l id="s5:l3">Wolf kan gheen herder stillen.</l>
        <l id="s5:l4">Dees wolf, met wol noch melck te vreen,</l>
        <l id="s5:l5">Wil nog de schaepkens villen.</l>
      </lg>
      <lg id="s6" type="stanza">
        <l id="s6:l1">Sijn buyck is onversadelijck;</l>
        <l id="s6:l2">Bloet- en gheltdorstich stadelijck,</l>
        <l id="s6:l3">Als die met wreeden moede</l>
        <l id="s6:l4">Slants ghelt verquist verradelijck</l>
        <l id="s6:l5">Aen conincklijcken bloede.</l>
      </lg>
      <lg id="s7" type="stanza">
        <l id="s7:l1">Verdient dan sulcke huerlinc fel</l>
        <l id="s7:l2">Den thienden penninck niet seer wel</l>
        <l id="s7:l3">Om Nederlant te schinden?</l>
        <l id="s7:l4">Gheeft ghy hem dien, soo maeckt ghy snel</l>
        <l id="s7:l5">Den bant om u te binden.</l>
      </lg>
      <lg id="s8" type="stanza">
        <l id="s8:l1">O Nederlant, ghy sijt belaen!</l>
        <l id="s8:l2">Doot ende leven voor u staen:</l>
        <l id="s8:l3">Dient den tyran van Spaengien,</l>
        <l id="s8:l4">Of volgt, om hem te wederstaen,</l>
        <l id="s8:l5">Den Prince van Orangien.</l>
      </lg>
    </lg>
  </text>
</song>