<song>
  <meta>
    <id>122605</id>
    <date>
      <year-start>1848</year-start>
      <year-end>1848</year-end>
    </date>
    <location>
      <orginal-name>gent</orginal-name>
      <standard-name>Gent, Belgium</standard-name>
      <coordinates>
        <lon>51.0538286</lon>
        <lat>3.7250121</lat>
      </coordinates>
    </location>
    <tags>
      <tag standard-name="geuzenlied" translation="Geuzen song">geuzenlied</tag>
    </tags>
    <melody>Ik kwam aldaar ik weet wel waar met heimelijk geschal</melody>
    <categories>
      <category translation="politics and history">politiek en geschiedenis</category>
    </categories>
  <author>Anonymous</author></meta>
  <text>
    <lg type="song">
      <lg id="s1" type="stanza">
        <l id="s1:l1">Wie wilt er hooren een nieu liedt?</l>
        <l id="s1:l2">Hoort toe, ick sal 't u singhen,</l>
        <l id="s1:l3">Van d'ouden man die Alva hiet,</l>
        <l id="s1:l4">Die Alva hiet,</l>
        <l id="s1:l5">'t Sijn al soo vremde dinghen.</l>
      </lg>
      <lg id="s2" type="stanza">
        <l id="s2:l1">Hy is ghecomen in ons landt,</l>
        <l id="s2:l2">Als gouverneur ghecomen;</l>
        <l id="s2:l3">Al sijne rancken sijn becant,</l>
        <l id="s2:l4">Ja sijn becant,</l>
        <l id="s2:l5">Het sijn al blauwe bloemen.</l>
      </lg>
      <lg id="s3" type="stanza">
        <l id="s3:l1">Gheen privilegie, cleyn of groot,</l>
        <l id="s3:l2">Wilt hy den steden laten;</l>
        <l id="s3:l3">Hy brengt de vroomsten tot de dood,</l>
        <l id="s3:l4">Ja tot de dood,</l>
        <l id="s3:l5">Versmadend raedt en staten.</l>
      </lg>
      <lg id="s4" type="stanza">
        <l id="s4:l1">Papen, papisten, alleghaer,</l>
        <l id="s4:l2">Hadden naer hem verlanghen:</l>
        <l id="s4:l3">Nu dancken sijt den papenva&#234;r,</l>
        <l id="s4:l4">Den papenva&#234;r,</l>
        <l id="s4:l5">Dat hy is wech ghegangen.</l>
      </lg>
      <lg id="s5" type="stanza">
        <l id="s5:l1">Hy 's met processie inghehaelt,</l>
        <l id="s5:l2">Men ginc met hem slampampen.</l>
        <l id="s5:l3">Hy laet sijn schulden onbetaeld,</l>
        <l id="s5:l4">Ja onbetaeld;</l>
        <l id="s5:l5">By nacht soo gaet hy schampen.</l>
      </lg>
      <lg id="s6" type="stanza">
        <l id="s6:l1">Dien ouden man was al te beus,</l>
        <l id="s6:l2">Men wou voor hem niet nijghen!</l>
        <l id="s6:l3">Noch liever riep men vive le Geus!</l>
        <l id="s6:l4">Vive le Geus!</l>
        <l id="s6:l5">Hy kon gheen tienden crijghen.</l>
      </lg>
      <lg id="s7" type="stanza">
        <l id="s7:l1">Hy wou wel maken eenen soen,</l>
        <l id="s7:l2">Maer ons gaet daeraf walghen;</l>
        <l id="s7:l3">Wy merckten wel aent vals pardoen,</l>
        <l id="s7:l4">Aent vals pardoen,</l>
        <l id="s7:l5">Sijn raderen en galghen.</l>
      </lg>
      <lg id="s8" type="stanza">
        <l id="s8:l1">Sijn conterfeytsel van metael</l>
        <l id="s8:l2">Dat mach hy nu wel breken;</l>
        <l id="s8:l3">De herten ontliepen hem al te mael,</l>
        <l id="s8:l4">Ja al te mael,</l>
        <l id="s8:l5">Al door der geusen preken.</l>
      </lg>
      <lg id="s9" type="stanza">
        <l id="s9:l1">Den prins oprecht, dat edel bloedt,</l>
        <l id="s9:l2">Had hy wel willen verraden;</l>
        <l id="s9:l3">Maer God quam door den prins seer goed,</l>
        <l id="s9:l4">Den prins seer goed,</l>
        <l id="s9:l5">Den Spangiaert seer beladen.</l>
      </lg>
    </lg>
  </text>
</song>