<song>
  <meta>
    <id>122607</id>
    <date>
      <year-start>1848</year-start>
      <year-end>1848</year-end>
    </date>
    <location>
      <orginal-name>gent</orginal-name>
      <standard-name>Gent, Belgium</standard-name>
      <coordinates>
        <lon>51.0538286</lon>
        <lat>3.7250121</lat>
      </coordinates>
    </location>
    <tags>
      <tag standard-name="klaaglied" translation="lamentation">klaaglied</tag>
      <tag standard-name="geuzenlied" translation="Geuzen song">geuzenlied</tag>
    </tags>
    <melody />
    <categories>
      <category translation="emotions">emoties</category>
      <category translation="politics and history">politiek en geschiedenis</category>
    </categories>
  <author>Anonymous</author></meta>
  <text>
    <lg type="song">
      <lg id="s1" type="stanza">
        <l id="s1:l1">Met bangicheden groot</l>
        <l id="s1:l2">In ons benoude muyte</l>
        <l id="s1:l3">Roepen wy in der noot:</l>
        <l id="s1:l4">O Heer, helpt ons hier uyte,</l>
        <l id="s1:l5">Ist dat uwen wille sy</l>
        <l id="s1:l6">Ent ons mach salich wesen!</l>
        <l id="s1:l7">Op dat onze vroukens bly</l>
        <l id="s1:l8">Van droefheyt haer genesen.</l>
      </lg>
      <lg id="s2" type="stanza">
        <l id="s2:l1">Wy sijn verlaten schier,</l>
        <l id="s2:l2">Ontrooft van alle sprake;</l>
        <l id="s2:l3">Geen menschen comen hier</l>
        <l id="s2:l4">Die ons doen te gemake,</l>
        <l id="s2:l5">Dan Spaniaerts, die met spot</l>
        <l id="s2:l6">Ons al met stanck benouwen,</l>
        <l id="s2:l7">Soe dat wy in dit cot</l>
        <l id="s2:l8">Dicmaels daer deur verflouwen.</l>
      </lg>
      <lg id="s3" type="stanza">
        <l id="s3:l1">Ons poorterscamer recht</l>
        <l id="s3:l2">Uytlandige bewoonen.</l>
        <l id="s3:l3">O Heer, wy hebbent slecht,</l>
        <l id="s3:l4">Wilt ons genade toonen!</l>
        <l id="s3:l5">Wy en mogen niet aensien</l>
        <l id="s3:l6">Onse benoude vrouwen,</l>
        <l id="s3:l7">Kinders oft ander lien,</l>
        <l id="s3:l8">Die met ons sijn in rouwen.</l>
      </lg>
      <lg id="s4" type="stanza">
        <l id="s4:l1">Men hout alsoo geen wacht</l>
        <l id="s4:l2">Op moorders ofte dieven,</l>
        <l id="s4:l3">Als men doet, dach en nacht,</l>
        <l id="s4:l4">Op ons, naer tspaens believen.</l>
        <l id="s4:l5">Ons cleyne kinders teer</l>
        <l id="s4:l6">Roepen, tot onser vromen:</l>
        <l id="s4:l7">&#8216;Nacht, vader lief! wanneer</l>
        <l id="s4:l8">Suldy thuys by ons comen?&#8217;</l>
      </lg>
      <lg id="s5" type="stanza">
        <l id="s5:l1">Dit hooren wy wel aen</l>
        <l id="s5:l2">Met alsoo grooten verlangen,</l>
        <l id="s5:l3">Het cost ons menigen traen</l>
        <l id="s5:l4">Daer wy liggen gevangen.</l>
        <l id="s5:l5">Wy roepen: &#8216;nacht, lief kind!&#8217;</l>
        <l id="s5:l6">Wy moetent sus gedoogen;</l>
        <l id="s5:l7">Nochtans dat elck hier mint</l>
        <l id="s5:l8">Siet men geerne voer oogen.</l>
      </lg>
      <lg id="s6" type="stanza">
        <l id="s6:l1">Snachts, als wy soeken rust,</l>
        <l id="s6:l2">Gaet men ons tormenteren;</l>
        <l id="s6:l3">Spaens volck, alsoot hem lust,</l>
        <l id="s6:l4">Worgen en justicieren.</l>
        <l id="s6:l5">My dunckt wy sijn bynaes</l>
        <l id="s6:l6">In een helsche taveerne.</l>
        <l id="s6:l7">O Heer! sulcken geraes</l>
        <l id="s6:l8">En hooren wy niet geerne!</l>
      </lg>
      <lg id="s7" type="stanza">
        <l id="s7:l1">Wy sijn beter gewent,</l>
        <l id="s7:l2">Camers der retorijcken,</l>
        <l id="s7:l3">Daer wy menich present</l>
        <l id="s7:l4">Wonnen in alle wijcken.</l>
        <l id="s7:l5">Lier creech lof, prijs en eer,</l>
        <l id="s7:l6">Al door ons const weldadich;</l>
        <l id="s7:l7">Dies clagen wy te meer</l>
        <l id="s7:l8">Dat men ons is versmadich.</l>
      </lg>
      <lg id="s8" type="stanza">
        <l id="s8:l1">Wy werden sterk beticht,</l>
        <l id="s8:l2">Als hoofden van erreuren;</l>
        <l id="s8:l3">Wy en hebbens niet gesticht,</l>
        <l id="s8:l4">Wy en waren geen auteuren.</l>
        <l id="s8:l5">Selck borger, diet wel weet,</l>
        <l id="s8:l6">Mochten sy voer ons spreken,</l>
        <l id="s8:l7">En toonen claer bescheet,</l>
        <l id="s8:l8">Ons en sou niet gebreken!</l>
      </lg>
      <lg id="s9" type="stanza">
        <l id="s9:l1">Men wierp ons op een pijnbanc</l>
        <l id="s9:l2">Sonder iet over te tuigen,</l>
        <l id="s9:l3">Daer elck, dry uren lanck,</l>
        <l id="s9:l4">Geen waerheyt en wou buygen;</l>
        <l id="s9:l5">Men vraegde ons seer straf</l>
        <l id="s9:l6">Hoe eerst hier quam het preken?</l>
        <l id="s9:l7">Wy en wisten daer niet af,</l>
        <l id="s9:l8">Soot oick waer is gebleken.</l>
      </lg>
      <lg id="s10" type="stanza">
        <l id="s10:l1">Men vraegde ons noch bloot:</l>
        <l id="s10:l2">&#8216;Waer was het ordineren</l>
        <l id="s10:l3">Priesters te slagen doot?</l>
        <l id="s10:l4">Heur huysen te pilieren?&#8217;</l>
        <l id="s10:l5">Wy en wistens een oft geen;</l>
        <l id="s10:l6">Maer seyden, onverborgen,</l>
        <l id="s10:l7">Dat wy geen kieken cleen</l>
        <l id="s10:l8">En souden connen worgen.</l>
      </lg>
      <lg id="s11" type="stanza">
        <l id="s11:l1">Noch vraechde een, die daer sat,</l>
        <l id="s11:l2">Wie dat daer wou afsetten</l>
        <l id="s11:l3">Die heeren van der stat,</l>
        <l id="s11:l4">En maecken ander wetten,</l>
        <l id="s11:l5">En wie hierna alsdan</l>
        <l id="s11:l6">Soude worden gecoren?</l>
        <l id="s11:l7">Wy en wisten daer niet van;</l>
        <l id="s11:l8">Ten quam ons noyt te voren.</l>
      </lg>
      <lg id="s12" type="stanza">
        <l id="s12:l1">&#8216;Wie was die eelman reyn</l>
        <l id="s12:l2">Soot in Swaen was gesloten,</l>
        <l id="s12:l3">Die als geus capiteyn</l>
        <l id="s12:l4">Sou brengen, onverdroten,</l>
        <l id="s12:l5">Vier hondert peerden fier,</l>
        <l id="s12:l6">Wilt dit ons toch ontfouwen,</l>
        <l id="s12:l7">Op datter binnen Lier</l>
        <l id="s12:l8">Geen Walen comen en souwen?</l>
      </lg>
      <lg id="s13" type="stanza">
        <l id="s13:l1">&#8216;Hebdy oick noyt gheraempt</l>
        <l id="s13:l2">Al die tegen u waren</l>
        <l id="s13:l3">Met vier stuyvers genaempt</l>
        <l id="s13:l4">Uyt Lier te doen verharen,</l>
        <l id="s13:l5">In eenen lijnen cleet?&#8217;</l>
        <l id="s13:l6">O Godt, vader vol trouwen,</l>
        <l id="s13:l7">Alsulcken leugens heet</l>
        <l id="s13:l8">Werden ons voor gehouwen!</l>
      </lg>
      <lg id="s14" type="stanza">
        <l id="s14:l1">Versierde leugens loos,</l>
        <l id="s14:l2">Straetclap, vol van envie,</l>
        <l id="s14:l3">Daer veel volcx af seer boos</l>
        <l id="s14:l4">In stadt is ons partye,</l>
        <l id="s14:l5">Die baten ons, eylaes,</l>
        <l id="s14:l6">Veel waters ende coorden;</l>
        <l id="s14:l7">Soe dat wy, wormen-aes,</l>
        <l id="s14:l8">Van pinen schier versmoorden.</l>
      </lg>
      <lg id="s15" type="stanza">
        <l id="s15:l1">O wee, ghy clappaerts al,</l>
        <l id="s15:l2">Ghy leugenachtige wijven!</l>
        <l id="s15:l3">Als Godt oordeelen sal,</l>
        <l id="s15:l4">Waer suldy er dan me blijven?</l>
        <l id="s15:l5">Hebt berou, weent en schreyt!</l>
        <l id="s15:l6">Bidt Godt! hy is genadich;</l>
        <l id="s15:l7">Want ons sijn opgeleyt</l>
        <l id="s15:l8">U leugenen verradich.</l>
      </lg>
      <lg id="s16" type="stanza">
        <l id="s16:l1">Maer wy vergevent u,</l>
        <l id="s16:l2">En dat uyt herten gronde,</l>
        <l id="s16:l3">En roepen: Heer! alsnu</l>
        <l id="s16:l4">Rekent dat heur geen sonde;</l>
        <l id="s16:l5">Want sy en wisten niet bet;</l>
        <l id="s16:l6">Sy meynder sacrifitie</l>
        <l id="s16:l7">U aen te doene met;</l>
        <l id="s16:l8">Maer tis voer haer malitie.</l>
      </lg>
      <lg id="s17" type="stanza">
        <l id="s17:l1">Tis ons een cleyn scandael;</l>
        <l id="s17:l2">Maer vooral ist te deirne</l>
        <l id="s17:l3">Wijfs, kinders, principael,</l>
        <l id="s17:l4">Tbroot uyt den mont te weirne,</l>
        <l id="s17:l5">Die daer wachten lijtsaem</l>
        <l id="s17:l6">Nae den arbeyt onser handen:</l>
        <l id="s17:l7">Dit hebt gy, deur u faem,</l>
        <l id="s17:l8">Getrocken uytten tanden.</l>
      </lg>
      <lg id="s18" type="stanza">
        <l id="s18:l1">Spreeckt, isser iemant iet</l>
        <l id="s18:l2">Die wy oyt wouden crincken?</l>
        <l id="s18:l3">Oft, is u leed geschiet,</l>
        <l id="s18:l4">Wilt u te recht bedincken.</l>
        <l id="s18:l5">Eylaesen, broeders, neent:</l>
        <l id="s18:l6">Niemant derfs hem beclagen;</l>
        <l id="s18:l7">Ghy hebt geclaecht, geweent,</l>
        <l id="s18:l8">En noyt geweest geslagen.</l>
      </lg>
      <lg id="s19" type="stanza">
        <l id="s19:l1">Wy en waeren noyt vergaert</l>
        <l id="s19:l2">Tot quaet oft muterye,</l>
        <l id="s19:l3">Dan songen, ongespaert,</l>
        <l id="s19:l4">Lofsalmen twee of drye:</l>
        <l id="s19:l5">Hier uyt seyt men ons naer</l>
        <l id="s19:l6">Dat wy quaet conspireerden;</l>
        <l id="s19:l7">Tis noyt gebleken claer,</l>
        <l id="s19:l8">Dan tongen diet fineerden.</l>
      </lg>
      <lg id="s20" type="stanza">
        <l id="s20:l1">Tleyt op een ander saeck</l>
        <l id="s20:l2">Dat wy werden belogen:</l>
        <l id="s20:l3">Tes om dat wy den smaeck</l>
        <l id="s20:l4">Uyt dwoort hebben gesogen,</l>
        <l id="s20:l5">En al van over langen tijt</l>
        <l id="s20:l6">Bels boeverye wisten:</l>
        <l id="s20:l7">Dits doorsaeck ende nijt</l>
        <l id="s20:l8">Dat sy tegen ons twisten.</l>
      </lg>
      <lg id="s21" type="stanza">
        <l id="s21:l1">Christus, donnoosel lam,</l>
        <l id="s21:l2">Hiet een verleyder te sijne.</l>
        <l id="s21:l3">Tvolk, dat tot pausdom quam,</l>
        <l id="s21:l4">Hoorende sijn doctrijne,</l>
        <l id="s21:l5">Sy seyden dat hy was</l>
        <l id="s21:l6">Vol van oproericheden.</l>
        <l id="s21:l7">Laet ons dan, op dit pas,</l>
        <l id="s21:l8">In als oick sijn te vreden.</l>
      </lg>
      <lg id="s22" type="stanza">
        <l id="s22:l1">Vrienden, vriendinnen soet,</l>
        <l id="s22:l2">Orlof int generale!</l>
        <l id="s22:l3">Op Godt in tegenspoet</l>
        <l id="s22:l4">Roept met ons altemale:</l>
        <l id="s22:l5">Tis doch al in sijn macht;</l>
        <l id="s22:l6">Want tsmenschen help is cleene.</l>
        <l id="s22:l7">O Heere van grooter cracht,</l>
        <l id="s22:l8">Lof hoort u toe alleene!</l>
      </lg>
      <lg id="s23" type="stanza">
        <l id="s23:l1">Prince en hoochste Godt,</l>
        <l id="s23:l2">Verhoort ons hier beneden,</l>
        <l id="s23:l3">Op dat wy u gebot</l>
        <l id="s23:l4">Geensins en overtreden;</l>
        <l id="s23:l5">Maer dat wy al in danc</l>
        <l id="s23:l6">Van uwer hant aenveirden,</l>
        <l id="s23:l7">Sterckt ons geloove cranck,</l>
        <l id="s23:l8">Dat wy daer in volheirden!</l>
      </lg>
    </lg>
  </text>
</song>