<song>
  <meta>
    <id>122616</id>
    <date>
      <year-start>1848</year-start>
      <year-end>1848</year-end>
    </date>
    <location>
      <orginal-name>gent</orginal-name>
      <standard-name>Gent, Belgium</standard-name>
      <coordinates>
        <lon>51.0538286</lon>
        <lat>3.7250121</lat>
      </coordinates>
    </location>
    <tags>
      <tag standard-name="historielied" translation="historical song">historielied</tag>
      <tag standard-name="politiek lied" translation="political song">politiek lied</tag>
    </tags>
    <melody />
    <categories>
      <category translation="politics and history">politiek en geschiedenis</category>
    </categories>
  <author>Anonymous</author></meta>
  <text>
    <lg type="song">
      <lg id="s1" type="stanza">
        <l id="s1:l1">Ick sweir getrouwigheyt</l>
        <l id="s1:l2">Aen Carels majesteyt;</l>
        <l id="s1:l3">'K vervloeck in mijn ghemoet</l>
        <l id="s1:l4">Hetgone ons Vranckrijck doet;</l>
        <l id="s1:l5">Ick wensch de spaensche croon</l>
        <l id="s1:l6">Aen Leopoldus soon.</l>
        <l id="s1:l7">Bestiert uw rijck met vreught,</l>
        <l id="s1:l8">O oostenrijcksche jeught!</l>
      </lg>
      <lg id="s2" type="stanza">
        <l id="s2:l1">Voor vorst Philippus throon</l>
        <l id="s2:l2">Heb ick geen eerbethoon;</l>
        <l id="s2:l3">Maer 't oostenrijcx ghebiet</l>
        <l id="s2:l4">Bevrijt ons van verdriet;</l>
        <l id="s2:l5">Dat men gheen scepter geef</l>
        <l id="s2:l6">Aen Ludovicus' neef!</l>
        <l id="s2:l7">O neen! ghy fransche spruyt,</l>
        <l id="s2:l8">Uw rijck dat is al uyt!</l>
      </lg>
    </lg>
  </text>
</song>