<song>
  <meta>
    <id>122606</id>
    <date>
      <year-start>1848</year-start>
      <year-end>1848</year-end>
    </date>
    <location>
      <orginal-name>gent</orginal-name>
      <standard-name>Gent, Belgium</standard-name>
      <coordinates>
        <lon>51.0538286</lon>
        <lat>3.7250121</lat>
      </coordinates>
    </location>
    <tags>
      <tag standard-name="geuzenlied" translation="Geuzen song">geuzenlied</tag>
      <tag standard-name="historielied" translation="historical song">historielied</tag>
      <tag standard-name="triomflied" translation="triumph song">triomflied</tag>
    </tags>
    <melody>Hoor allegaar hoe dat men klaar</melody>
    <categories>
      <category translation="politics and history">politiek en geschiedenis</category>
    </categories>
  <author>Anonymous</author></meta>
  <text>
    <lg type="song">
      <lg id="s1" type="stanza">
        <l id="s1:l1">Hoort altegaer &#8216;int openbaer,</l>
        <l id="s1:l2">Hoe dat men claer&#8217; zach comen daer,</l>
        <l id="s1:l3">Int vierentseventichste jaer,</l>
        <l id="s1:l4">Des commandeurs armeyen,</l>
        <l id="s1:l5">Met trompen, met schalmeyen,</l>
        <l id="s1:l6">Zeer coragieus voorwaer.</l>
      </lg>
      <lg id="s2" type="stanza">
        <l id="s2:l1">Zeer triomphant &#8216;voer men van lant</l>
        <l id="s2:l2">Van Bergen, want&#8217; met cloeck verstant</l>
        <l id="s2:l3">Elck schip was daer zeer vroom gemant</l>
        <l id="s2:l4">Met Spaniaerts en met Walen.</l>
        <l id="s2:l5">Zy meynden prijs te halen:</l>
        <l id="s2:l6">Deus aes was hen op dhant.</l>
      </lg>
      <lg id="s3" type="stanza">
        <l id="s3:l1">Als zy met re&#234;n &#8216;groot ende cleen,</l>
        <l id="s3:l2">Quamen by een&#8217; om te verbre&#234;n</l>
        <l id="s3:l3">Voor Rommerswael, heeft men gemeen</l>
        <l id="s3:l4">Aldaer by eed gesworen</l>
        <l id="s3:l5">Den admirael moest voren;</l>
        <l id="s3:l6">Daer mocht bewijcken geen.</l>
      </lg>
      <lg id="s4" type="stanza">
        <l id="s4:l1">Capteyn Juliaen &#8216;Romero saen</l>
        <l id="s4:l2">Deed hun vermaen&#8217; wilt wel verstaen:</l>
        <l id="s4:l3">En seyde: &#8216;Crijchslien, wilt ontfaen</l>
        <l id="s4:l4">Den wijn dien wy u schnicken.</l>
        <l id="s4:l5">Ghy sult daer by gedincken</l>
        <l id="s4:l6">Die ketters te verslaen!</l>
      </lg>
      <lg id="s5" type="stanza">
        <l id="s5:l1">Al in ootmoet&#8217; valt nu te voet,</l>
        <l id="s5:l2">Ghy christenbloet&#8217; tgebet nu doet,</l>
        <l id="s5:l3">Al voor dit heylich cruyse soet!</l>
        <l id="s5:l4">Van Onser Liever Vrouwen</l>
        <l id="s5:l5">Wilt ooc dit beeldt aenschouwen!</l>
        <l id="s5:l6">Sy neempt ons in behoet.&#8217;</l>
      </lg>
      <lg id="s6" type="stanza">
        <l id="s6:l1">Met dit gebedt&#8217; meynden sy net</l>
        <l id="s6:l2">Naer haer opset&#8217; sonder belet,</l>
        <l id="s6:l3">Te comen in het strijdtpercket.</l>
        <l id="s6:l4">Maer qualijck was 't gebeden,</l>
        <l id="s6:l5">Zy moesten leeren smeden</l>
        <l id="s6:l6">Naer Sinte Stevens wet.</l>
      </lg>
      <lg id="s7" type="stanza">
        <l id="s7:l1">Hooveerdich stout&#8217; riepen sy bout</l>
        <l id="s7:l2">Dragende hout&#8217;: &#8216;Die Geus die schout</l>
        <l id="s7:l3">Hier ons gewelt zeer menichfout!</l>
        <l id="s7:l4">Venez-vous, canaillie?</l>
        <l id="s7:l5">Lutriens et rappaillie,</l>
        <l id="s7:l6">Dees dach u noch berout!&#8217;</l>
      </lg>
      <lg id="s8" type="stanza">
        <l id="s8:l1">Als leeuwen vry&#8217; die Geusen bly</l>
        <l id="s8:l2">Clampten daer by&#8217; onder die ly.</l>
        <l id="s8:l3">&#8216;Sa, sa, Papou, waer sijdy ghy?&#8217;</l>
        <l id="s8:l4">Seer vreeslijc sach men schieten;</l>
        <l id="s8:l5">Die Spanjaerts haer schepen verlieten:</l>
        <l id="s8:l6">Schampado speelden sy.</l>
      </lg>
      <lg id="s9" type="stanza">
        <l id="s9:l1">Door hun accoort&#8217; die Geusen voort</l>
        <l id="s9:l2">Quamen aen boort&#8217; van dadmirael verstoort;</l>
        <l id="s9:l3">Groot geschrey daer werd gehoort:</l>
        <l id="s9:l4">&#8216;Papou, 't moet u verdrieten</l>
        <l id="s9:l5">'t Onnoosel bloet vergieten</l>
        <l id="s9:l6">Tot Haerlem in de poort!&#8217;</l>
      </lg>
      <lg id="s10" type="stanza">
        <l id="s10:l1">Een Vriessche boot&#8217; seer vreeslijc schoot,</l>
        <l id="s10:l2">Zoe dat elck vloot &#8216;'t gewelt seer groot,</l>
        <l id="s10:l3">En Jan van Spanien viel seer bloot:</l>
        <l id="s10:l4">Men hoord'hem roepen ende kermen:</l>
        <l id="s10:l5">&#8216;Misericorde! wilt ons ontfermen!&#8217;</l>
        <l id="s10:l6">De leuse was &#8216;slaet doot!&#8217;</l>
      </lg>
      <lg id="s11" type="stanza">
        <l id="s11:l1">Sonder verdrach&#8217; als voor den slagh,</l>
        <l id="s11:l2">Op een vrijdach&#8217; 't welck heugen magh</l>
        <l id="s11:l3">Eenieder die dit spel aensach,</l>
        <l id="s11:l4">Sagh men veel edele crijchsheeren</l>
        <l id="s11:l5">Aldaer het sterven leeren,</l>
        <l id="s11:l6">Met pijn en groot geclach.</l>
      </lg>
      <lg id="s12" type="stanza">
        <l id="s12:l1">De tijdingh mal &#8216;van 't goet geval</l>
        <l id="s12:l2">Quam overal&#8217; met bly geschal,</l>
        <l id="s12:l3">En oock te Bergen op den wal,</l>
        <l id="s12:l4">Dat onse vloot niet moeste wijcken,</l>
        <l id="s12:l5">Maer datter moesten strijcken</l>
        <l id="s12:l6">Tot sessen int getal.</l>
      </lg>
      <lg id="s13" type="stanza">
        <l id="s13:l1">Heeroom verblijt &#8216;met groot jolijt</l>
        <l id="s13:l2">Bootschapten sijt&#8217; sonder respijt,</l>
        <l id="s13:l3">Al aen den commandeur verblijt.</l>
        <l id="s13:l4">Hy is doe op sijn peert geschreden</l>
        <l id="s13:l5">En naer zijn volck ghereden;</l>
        <l id="s13:l6">Maer kort was daer zijn tijdt.</l>
      </lg>
      <lg id="s14" type="stanza">
        <l id="s14:l1">Als hy daer quam&#8217; het vier en vlam</l>
        <l id="s14:l2">'t Geschut vernam&#8217; sijn volck dat clam</l>
        <l id="s14:l3">Over den dijcke, creupel en lam.</l>
        <l id="s14:l4">Ellendich quam het volck hem tegen</l>
        <l id="s14:l5">Dat daer al was verslegen,</l>
        <l id="s14:l6">En riep met luyder stem:</l>
      </lg>
      <lg id="s15" type="stanza">
        <l id="s15:l1">&#8216;O grand signeur&#8217; le Gouverneur,</l>
        <l id="s15:l2">Adieu bonheur!&#8217; nu gaen wy deur;</l>
        <l id="s15:l3">Verloren is hier u partuer!&#8217;</l>
        <l id="s15:l4">Men sach terug hem rijden,</l>
        <l id="s15:l5">Van lachen hem vermijden:</l>
        <l id="s15:l6">Ghestelt was hy te leur.</l>
      </lg>
    </lg>
  </text>
</song>