<song>
  <meta>
    <id>122613</id>
    <date>
      <year-start>1848</year-start>
      <year-end>1848</year-end>
    </date>
    <location>
      <orginal-name>gent</orginal-name>
      <standard-name>Gent, Belgium</standard-name>
      <coordinates>
        <lon>51.0538286</lon>
        <lat>3.7250121</lat>
      </coordinates>
    </location>
    <tags>
      <tag standard-name="historielied" translation="historical song">historielied</tag>
      <tag standard-name="triomflied" translation="triumph song">triomflied</tag>
    </tags>
    <melody>Bourr&#233;e royale</melody>
    <categories>
      <category translation="politics and history">politiek en geschiedenis</category>
    </categories>
  <author>Anonymous</author></meta>
  <text>
    <lg type="song">
      <lg id="s1" type="stanza">
        <l id="s1:l1">Nederlanders, geeft uw stem belanck,</l>
        <l id="s1:l2">Looft den oostenrijckschen helt:</l>
        <l id="s1:l3">Croont hem met een weerden lauwerranck;</l>
        <l id="s1:l4">Want hy drijft den Frans uyt 't velt!</l>
        <l id="s1:l5">Binnen Valencijn</l>
        <l id="s1:l6">Wou het haentjen sijn:</l>
        <l id="s1:l7">Hy versoeckt den swaenennest;</l>
        <l id="s1:l8">Maer den spaenschen leeuw</l>
        <l id="s1:l9">Acht geen haengeschreeuw,</l>
        <l id="s1:l10">Maer verjaeght hem uyt 't gewest.</l>
      </lg>
      <lg id="s2" type="stanza">
        <l id="s2:l1">Mazarin sont al de fransche macht</l>
        <l id="s2:l2">Tot verderf van 't Nederlant;</l>
        <l id="s2:l3">Vijftich duysent van dat licht geslacht</l>
        <l id="s2:l4">Stierde hy naer onsen cant;</l>
        <l id="s2:l5">Graef Turenne straf</l>
        <l id="s2:l6">Voert den legerstaf</l>
        <l id="s2:l7">Van den gantschen franschen tocht,</l>
        <l id="s2:l8">Met mons De Grandpr&#233;</l>
        <l id="s2:l9">En De Lafert&#233;:</l>
        <l id="s2:l10">S'hebben Valencijn besocht.</l>
      </lg>
      <lg id="s3" type="stanza">
        <l id="s3:l1">Maer Don Jan heeft hen soo wel onthaelt</l>
        <l id="s3:l2">Op de henegouwsche feest,</l>
        <l id="s3:l3">Dat den Franschman heeft 't gelagh betaelt</l>
        <l id="s3:l4">En seer wel ghesmeert gheweest.</l>
        <l id="s3:l5">Den Turenschen hoop</l>
        <l id="s3:l6">Gaf sich tot den loop,</l>
        <l id="s3:l7">Daer de rest bleef in den val;</l>
        <l id="s3:l8">Al wat niet en vloodt</l>
        <l id="s3:l9">Was geva&#234;n of doot,</l>
        <l id="s3:l10">Menich duysent in 't getal.</l>
      </lg>
      <lg id="s4" type="stanza">
        <l id="s4:l1">Amonitiekruyt, loot en canon,</l>
        <l id="s4:l2">En met duysent wagens meel,</l>
        <l id="s4:l3">Vendelen en standerts men daer won,</l>
        <l id="s4:l4">Spijs en dranck oock voor de keel.</l>
        <l id="s4:l5">Menich peerdt en man</l>
        <l id="s4:l6">Sijn hier tuygen van.</l>
        <l id="s4:l7">Lafert&#233; en De Grandpr&#233;</l>
        <l id="s4:l8">Die sijn aengetast,</l>
        <l id="s4:l9">En sitten nu vast</l>
        <l id="s4:l10">Met nogh menich fransch cad&#233;.</l>
      </lg>
      <lg id="s5" type="stanza">
        <l id="s5:l1">Claecht nu, Fransman, staeckt uw trotsche pracht;</l>
        <l id="s5:l2">Treckt we&#234;r naer uw haenencot!</l>
        <l id="s5:l3">Soo gy langer onsen prins verwacht,</l>
        <l id="s5:l4">Soo schut gy nogh meer den bot:</l>
        <l id="s5:l5">'T oostenrijcksche bloet</l>
        <l id="s5:l6">U dat leeren moet,</l>
        <l id="s5:l7">Dat hy niet en quam te laet,</l>
        <l id="s5:l8">Die dit frans gewelt</l>
        <l id="s5:l9">Kloeck te neder velt,</l>
        <l id="s5:l10">En het met den sweerde slaet.</l>
      </lg>
      <lg id="s6" type="stanza">
        <l id="s6:l1">Lof sijn hoocheyt, met prins de Cond&#233;:</l>
        <l id="s6:l2">Caracen die oock verwon,</l>
        <l id="s6:l3">Prins de Ligne, en duc d'Aerschot m&#233;.</l>
        <l id="s6:l4">Wittenberg, Hennin, Trelon,</l>
        <l id="s6:l5">Vromen Hans Verkeest,</l>
        <l id="s6:l6">Die daer vocht om 't meest,</l>
        <l id="s6:l7">En met eeren waeght sijn bloet.</l>
        <l id="s6:l8">Geeft dan Godt den Heer</l>
        <l id="s6:l9">Lof, prijs en al d'eer,</l>
        <l id="s6:l10">Die het suer soo keert in soet!</l>
      </lg>
    </lg>
  </text>
</song>