<song>
  <meta>
    <id>122608</id>
    <date>
      <year-start>1848</year-start>
      <year-end>1848</year-end>
    </date>
    <location>
      <orginal-name>gent</orginal-name>
      <standard-name>Gent, Belgium</standard-name>
      <coordinates>
        <lon>51.0538286</lon>
        <lat>3.7250121</lat>
      </coordinates>
    </location>
    <tags>
      <tag standard-name="vermaanlied" translation="admonitory song">vermaanlied</tag>
    </tags>
    <melody />
    <categories>
      <category translation="religion">godsdienst</category>
    </categories>
  <author>Anonymous</author></meta>
  <text>
    <lg type="song">
      <lg id="s1" type="stanza">
        <l id="s1:l1">Ghy, meyskens fier,</l>
        <l id="s1:l2">Hier binnen Lier,</l>
        <l id="s1:l3">Wilt u nu leeren wachten</l>
        <l id="s1:l4">Van Spaniaerts schier,</l>
        <l id="s1:l5">In elck quartier,</l>
        <l id="s1:l6">By dagen en by nachten;</l>
        <l id="s1:l7">Laetse al henen strijcken!</l>
        <l id="s1:l8">Heuren valschen gront</l>
        <l id="s1:l9">Tot alder stont</l>
        <l id="s1:l10">Die latense aen u blijcken.</l>
      </lg>
      <lg id="s2" type="stanza">
        <l id="s2:l1">Ghy dochters pleysant,</l>
        <l id="s2:l2">Seer triomphant,</l>
        <l id="s2:l3">Wilt u toch wel versinnen</l>
        <l id="s2:l4">Van tspaens samblant</l>
        <l id="s2:l5">Aen elcken kant;</l>
        <l id="s2:l6">En laet u niet verwinnen,</l>
        <l id="s2:l7">Noch doort bagelos mans maken;</l>
        <l id="s2:l8">Maer wilt altijt</l>
        <l id="s2:l9">Naer mijn beleyt</l>
        <l id="s2:l10">Spaniaerts leeren versaken.</l>
      </lg>
      <lg id="s3" type="stanza">
        <l id="s3:l1">En wilt u niet</l>
        <l id="s3:l2">Van Spaniaerts, siet,</l>
        <l id="s3:l3">Gheensins laten bespringen:</l>
        <l id="s3:l4">Haer valsheyt vliet;</l>
        <l id="s3:l5">Want int verdriet</l>
        <l id="s3:l6">En soekense u maer te bringen.</l>
        <l id="s3:l7">Al soudijt naemaels beweenen,</l>
        <l id="s3:l8">U buycxken plat</l>
        <l id="s3:l9">Maken sy sat:</l>
        <l id="s3:l10">Ghy crijget vol vleesch en beenen.</l>
      </lg>
      <lg id="s4" type="stanza">
        <l id="s4:l1">Van Spaniaerts boy</l>
        <l id="s4:l2">Die fray ten toy</l>
        <l id="s4:l3">Comen om u te betrapen</l>
        <l id="s4:l4">En seggen: &#8216;pour quoy</l>
        <l id="s4:l5">Volez-vous moy</l>
        <l id="s4:l6">Eens laten by u slapen?&#8217;</l>
        <l id="s4:l7">En laet u niet verdooven;</l>
        <l id="s4:l8">Uwen maechdom jent</l>
        <l id="s4:l9">Waer haest geschent:</l>
        <l id="s4:l10">U eerken sy berooven.</l>
      </lg>
      <lg id="s5" type="stanza">
        <l id="s5:l1">Ghy dochters fraey,</l>
        <l id="s5:l2">Neempt uwen draey</l>
        <l id="s5:l3">Al tot goy ambachts gasten;</l>
        <l id="s5:l4">Want vroech en spay</l>
        <l id="s5:l5">Van Venus labbay</l>
        <l id="s5:l6">En sullense u niet laten vasten!</l>
        <l id="s5:l7">Ick rade u met verstande,</l>
        <l id="s5:l8">Dus ongespaert,</l>
        <l id="s5:l9">Versaeckt den Spaniaert</l>
        <l id="s5:l10">Die u brengt in schande!</l>
      </lg>
      <lg id="s6" type="stanza">
        <l id="s6:l1">Twort u gewaecht,</l>
        <l id="s6:l2">Jonck, out, gedaecht,</l>
        <l id="s6:l3">Joncmans! wilt dit onthouwen:</l>
        <l id="s6:l4">Als ghy een maecht</l>
        <l id="s6:l5">Mint onversaecht,</l>
        <l id="s6:l6">En meyntse voer maecht te trouwen,</l>
        <l id="s6:l7">Tfaelgeert dicmael, ick wedde:</l>
        <l id="s6:l8">Sy is gegroeft,</l>
        <l id="s6:l9">Voor u geproeft,</l>
        <l id="s6:l10">Eer ghy er me compt te bedde!</l>
      </lg>
      <lg id="s7" type="stanza">
        <l id="s7:l1">Ghesellekens fijn,</l>
        <l id="s7:l2">Tot dit termijn,</l>
        <l id="s7:l3">Wilt dit doch wel deurgronden:</l>
        <l id="s7:l4">Al toonense fijn</l>
        <l id="s7:l5">Een maechdelijn,</l>
        <l id="s7:l6">Het sijn haer loose vonden;</l>
        <l id="s7:l7">Ghy wort daer by bedrogen;</l>
        <l id="s7:l8">Al dunckt u goet</l>
        <l id="s7:l9">Een maget soet,</l>
        <l id="s7:l10">Die prijsen sijn al vervlogen.</l>
      </lg>
      <lg id="s8" type="stanza">
        <l id="s8:l1">Princerskens, hoort</l>
        <l id="s8:l2">Naer mijn rappoort!</l>
        <l id="s8:l3">Ey willet nemen int goede!</l>
        <l id="s8:l4">Weest ongestoort;</l>
        <l id="s8:l5">Maer vreucht orboort!</l>
        <l id="s8:l6">Sijt altijts op u hoede.</l>
        <l id="s8:l7">Nu bidde ick u, sonder sneven,</l>
        <l id="s8:l8">Heb ick u leyt</l>
        <l id="s8:l9">Oft iet misseyt,</l>
        <l id="s8:l10">Dat ghijt my wilt vergeven!</l>
      </lg>
    </lg>
  </text>
</song>