<song>
  <meta>
    <id>122603</id>
    <date>
      <year-start>1848</year-start>
      <year-end>1848</year-end>
    </date>
    <location>
      <orginal-name>gent</orginal-name>
      <standard-name>Gent, Belgium</standard-name>
      <coordinates>
        <lon>51.0538286</lon>
        <lat>3.7250121</lat>
      </coordinates>
    </location>
    <tags>
      <tag standard-name="historielied" translation="historical song">historielied</tag>
      <tag standard-name="moralistisch lied" translation="moralistic song">moralistisch lied</tag>
    </tags>
    <melody>Engels Schoenlappertje</melody>
    <categories>
      <category translation="politics and history">politiek en geschiedenis</category>
      <category translation="religion">godsdienst</category>
    </categories>
  <author>Anonymous</author></meta>
  <text>
    <lg type="song">
      <lg id="s1" type="stanza">
        <l id="s1:l1">Wie dat sich selfs verheft te met,</l>
        <l id="s1:l2">Wordt wel een armen sleter:</l>
        <l id="s1:l3">Duc d'Alf, uw beeld, tot spijt geset,</l>
        <l id="s1:l4">Ware afgebroken beter;</l>
        <l id="s1:l5">Uw boose daed,</l>
        <l id="s1:l6">Die ghy begaet,</l>
        <l id="s1:l7">By allen toch onlijdig is,</l>
        <l id="s1:l8">En strijdig is</l>
        <l id="s1:l9">Met onser landen staet.</l>
      </lg>
      <lg id="s2" type="stanza">
        <l id="s2:l1">Doch 't schijnt ghy nergens naer en vraegt;</l>
        <l id="s2:l2">Ghy wilt het al verscheuren;</l>
        <l id="s2:l3">Maer die daer doet wat God mishaegt</l>
        <l id="s2:l4">Sal 't eynde noch betreuren,</l>
        <l id="s2:l5">Als hy, vol noot,</l>
        <l id="s2:l6">Sal naeckt en bloot</l>
        <l id="s2:l7">Voor Godes oordeel schuldig staen,</l>
        <l id="s2:l8">Onduldig gaen,</l>
        <l id="s2:l9">Verwesen totter dood.</l>
      </lg>
      <lg id="s3" type="stanza">
        <l id="s3:l1">Die boos is groeyt een wijl seer wel,</l>
        <l id="s3:l2">Doch 't eynde staet te vreesen.</l>
        <l id="s3:l3">Siet, Lucifer quam in de hel</l>
        <l id="s3:l4">Door sijn hoveerdig wesen,</l>
        <l id="s3:l5">Daer 't volck sich al</l>
        <l id="s3:l6">Aen spieglen sal,</l>
        <l id="s3:l7">Indiense soecken goeden spoet;</l>
        <l id="s3:l8">Want hoogen moet</l>
        <l id="s3:l9">Gaet altijdt voor den val.</l>
      </lg>
    </lg>
  </text>
</song>