<song>
  <meta>
    <id>122602</id>
    <date>
      <year-start>1848</year-start>
      <year-end>1848</year-end>
    </date>
    <location>
      <orginal-name>gent</orginal-name>
      <standard-name>Gent, Belgium</standard-name>
      <coordinates>
        <lon>51.0538286</lon>
        <lat>3.7250121</lat>
      </coordinates>
    </location>
    <tags>
      <tag standard-name="vaderlands lied" translation="patriotic song">vaderlands lied</tag>
    </tags>
    <melody>Wilhelmus</melody>
    <categories>
      <category translation="politics and history">politiek en geschiedenis</category>
    </categories>
  <author>Philips van Marnix</author></meta>
  <text>
    <lg type="song">
      <lg id="s1" type="stanza">
        <l id="s1:l1">Wilhelmus van Nassouwen</l>
        <l id="s1:l2">Ben ik van Duytschen bloet,</l>
        <l id="s1:l3">Het Vaderlandt getrouwe</l>
        <l id="s1:l4">Blijf ik tot in den doot,</l>
        <l id="s1:l5">Een Prince van Oraengien</l>
        <l id="s1:l6">Ben ik vry onverveert,</l>
        <l id="s1:l7">Den Coninck van Hispaengien</l>
        <l id="s1:l8">Heb ick altijt ghe-eert.</l>
      </lg>
      <lg id="s2" type="stanza">
        <l id="s2:l1">In Godes vrees te leven</l>
        <l id="s2:l2">Heb ick altijt betracht,</l>
        <l id="s2:l3">Daerom ben ick verdreven</l>
        <l id="s2:l4">Om Land en Luyd' ghebracht;</l>
        <l id="s2:l5">Maer God sal my Regeeren</l>
        <l id="s2:l6">Als een goet Instrument,</l>
        <l id="s2:l7">Dat ick mach wederkeeren</l>
        <l id="s2:l8">In mijnen Regiment.</l>
      </lg>
      <lg id="s3" type="stanza">
        <l id="s3:l1">Lijt u mijn onderzaten</l>
        <l id="s3:l2">Die oprecht zijn van aert,</l>
        <l id="s3:l3">God sal u niet verlaten,</l>
        <l id="s3:l4">Al zijt ghy nu beswaert.</l>
        <l id="s3:l5">Die vroom begeert te leven</l>
        <l id="s3:l6">Bidt Godt nacht ende dagh,</l>
        <l id="s3:l7">Dat hy my cracht wil gheven</l>
        <l id="s3:l8">Dat ick u helpen mach.</l>
      </lg>
      <lg id="s4" type="stanza">
        <l id="s4:l1">Lijf end goet al-te-samen</l>
        <l id="s4:l2">Heb ick u niet verschoont;</l>
        <l id="s4:l3">Mijn Broeders hoogh van namen</l>
        <l id="s4:l4">Hebbent u oock vertoont;</l>
        <l id="s4:l5">Graef Adolf is ghebleven</l>
        <l id="s4:l6">In Vrieslant in den slach:</l>
        <l id="s4:l7">Sijn Ziel int Eeuwich Leven</l>
        <l id="s4:l8">Verwacht den jongsten dach.</l>
      </lg>
      <lg id="s5" type="stanza">
        <l id="s5:l1">Edel en hoogh gheboren</l>
        <l id="s5:l2">Van Keyserlijcken Stam,</l>
        <l id="s5:l3">Een Vorst des Rijcks vercoren</l>
        <l id="s5:l4">Als een vroom Christenman,</l>
        <l id="s5:l5">Voor Godes Woort ghepresen,</l>
        <l id="s5:l6">Heb ick, vry onvertsaeght,</l>
        <l id="s5:l7">Als een helt, sonder vreesen,</l>
        <l id="s5:l8">Mijn Edel Bloet ghewaeght.</l>
      </lg>
      <lg id="s6" type="stanza">
        <l id="s6:l1">Mijn schildt en mijn betrouwen</l>
        <l id="s6:l2">Zijt ghy, O Godt mijn Heer!</l>
        <l id="s6:l3">Op u soo wil ick bouwen,</l>
        <l id="s6:l4">Verlaet my nimmermeer.</l>
        <l id="s6:l5">Dat ick doch vroom mach blijven</l>
        <l id="s6:l6">U Dienaer t'alder stont,</l>
        <l id="s6:l7">De Tyranny verdrijven</l>
        <l id="s6:l8">Die mijn herte doorwont.</l>
      </lg>
      <lg id="s7" type="stanza">
        <l id="s7:l1">Van al die my beswaren,</l>
        <l id="s7:l2">End' mijn vervolgers zijn,</l>
        <l id="s7:l3">O Godt wilt doch bewaren</l>
        <l id="s7:l4">Den trouwen Dienaer dijn,</l>
        <l id="s7:l5">Dat sy my niet verrasschen</l>
        <l id="s7:l6">In haren boosen moedt,</l>
        <l id="s7:l7">Haer handen niet en wasschen</l>
        <l id="s7:l8">In mijn onschuldigh Bloet.</l>
      </lg>
      <lg id="s8" type="stanza">
        <l id="s8:l1">Als David moeste vluchten,</l>
        <l id="s8:l2">Voor Saul den Tyran,</l>
        <l id="s8:l3">Soo heb ick moeten suchten</l>
        <l id="s8:l4">Met menigh Edelman:</l>
        <l id="s8:l5">Maer Godt heeft hem verheven</l>
        <l id="s8:l6">Verlost uyt aller noot,</l>
        <l id="s8:l7">Een Coninckrijck ghegheven</l>
        <l id="s8:l8">In Isra&#235;l soo groot.</l>
      </lg>
      <lg id="s9" type="stanza">
        <l id="s9:l1">Nae 't Suer sal ick ontfanghen</l>
        <l id="s9:l2">Van Godt mijn Heer dat Soet:</l>
        <l id="s9:l3">Daer naer soo doet verlanghen</l>
        <l id="s9:l4">Mijn Vorstelijck ghemoet,</l>
        <l id="s9:l5">'Twelk is, dat ick mach sterven</l>
        <l id="s9:l6">Met Eeren in het Velt,</l>
        <l id="s9:l7">Een eeuwig Rijck verwerven,</l>
        <l id="s9:l8">Als een ghetrouwer Heldt.</l>
      </lg>
      <lg id="s10" type="stanza">
        <l id="s10:l1">Niets doet my meer erbarmen</l>
        <l id="s10:l2">In mijnen wederspoet,</l>
        <l id="s10:l3">Dan dat men siet verarmen</l>
        <l id="s10:l4">Des Coninghs Landen goet,</l>
        <l id="s10:l5">Dat u de Spaengiaerts krencken,</l>
        <l id="s10:l6">O Edel Neerlant soet,</l>
        <l id="s10:l7">Als ick dat gaen bedencken,</l>
        <l id="s10:l8">Mijn edel hart dat bloet.</l>
      </lg>
      <lg id="s11" type="stanza">
        <l id="s11:l1">Als een Prins opgheseten</l>
        <l id="s11:l2">Met mijnes Heyres Cracht,</l>
        <l id="s11:l3">Van den Tyran vermeten</l>
        <l id="s11:l4">Heb ick den Slagh verwacht.</l>
        <l id="s11:l5">Die, by Maestricht begraven,</l>
        <l id="s11:l6">Bevreesden mijn ghewelt.</l>
        <l id="s11:l7">Mijn Ruyters sach men draven</l>
        <l id="s11:l8">Seer moedigh door het velt.</l>
      </lg>
      <lg id="s12" type="stanza">
        <l id="s12:l1">Soo het den wille des Heeren</l>
        <l id="s12:l2">Op dien tijt had gheweest,</l>
        <l id="s12:l3">Had ick wel willen keeren</l>
        <l id="s12:l4">Van u dit swaer tempeest;</l>
        <l id="s12:l5">Maer den Heer van hier boven,</l>
        <l id="s12:l6">Die alle dinck regeert,</l>
        <l id="s12:l7">Die men altijt moet loven,</l>
        <l id="s12:l8">En heeft sulcx niet begheert.</l>
      </lg>
      <lg id="s13" type="stanza">
        <l id="s13:l1">Seer Christlijck was ghedreven</l>
        <l id="s13:l2">Mijn Princelijck ghemoet;</l>
        <l id="s13:l3">Stantvastigh is ghebleven</l>
        <l id="s13:l4">Mijn hart in teghenspoet;</l>
        <l id="s13:l5">Den' Heer heb ick ghebeden</l>
        <l id="s13:l6">Uyt mijnes herten gront,</l>
        <l id="s13:l7">Dat hy mijn saeck wil redden,</l>
        <l id="s13:l8">Mijn onschult doen oorkont.</l>
      </lg>
      <lg id="s14" type="stanza">
        <l id="s14:l1">Oorloff, mijn arme Schapen,</l>
        <l id="s14:l2">Die zijt in grooten noot!</l>
        <l id="s14:l3">U Herder sal niet slapen</l>
        <l id="s14:l4">Al zijt ghy nu benout.</l>
        <l id="s14:l5">Tot God wilt u begheven!</l>
        <l id="s14:l6">Sijn heylsaem woort neemt aen,</l>
        <l id="s14:l7">Als vrome Christnen leven:</l>
        <l id="s14:l8">Tsal hier haest zijn ghedaen.</l>
      </lg>
      <lg id="s15" type="stanza">
        <l id="s15:l1">Voor God wil ick belijden,</l>
        <l id="s15:l2">Ende sijner grooter macht,</l>
        <l id="s15:l3">Dat ick tot gheenen tijden</l>
        <l id="s15:l4">Den Coninck heb veracht;</l>
        <l id="s15:l5">Dan dat ick God den Heere</l>
        <l id="s15:l6">Der hooghster Majesteyt</l>
        <l id="s15:l7">Heb moeten obedieren,</l>
        <l id="s15:l8">In der gherechtigheyt.</l>
      </lg>
    </lg>
  </text>
</song>