<song>
  <meta>
    <id>122609</id>
    <date>
      <year-start>1848</year-start>
      <year-end>1848</year-end>
    </date>
    <location>
      <orginal-name>gent</orginal-name>
      <standard-name>Gent, Belgium</standard-name>
      <coordinates>
        <lon>51.0538286</lon>
        <lat>3.7250121</lat>
      </coordinates>
    </location>
    <tags>
      <tag standard-name="bespiegelend lied" translation="reflective song">bespiegelend lied</tag>
    </tags>
    <melody>Est-ce Mars</melody>
    <categories>
      <category translation="religion">godsdienst</category>
    </categories>
  <author>Anonymous</author></meta>
  <text>
    <lg type="song">
      <lg id="s1" type="stanza">
        <l id="s1:l1">Isser iemant uyt Oostindien gekomen</l>
        <l id="s1:l2">Die er wat van weet?</l>
        <l id="s1:l3">Heeft hy daer niet van den toeback vernomen,</l>
        <l id="s1:l4">Gheeft my bescheet?</l>
        <l id="s1:l5">Is hy wel goet</l>
        <l id="s1:l6">Voor smenschen bloet?</l>
        <l id="s1:l7">Of hy deugt doet,</l>
        <l id="s1:l8">Segghet my, vroed?</l>
      </lg>
      <lg id="s2" type="stanza">
        <l id="s2:l1">Al de vroukens sijnder seer vileynich</l>
        <l id="s2:l2">Teghen den toeback,</l>
        <l id="s2:l3">En sy achten sijne deugt seer weynig,</l>
        <l id="s2:l4">Gheven hem een lack:</l>
        <l id="s2:l5">Sy segghen er van</l>
        <l id="s2:l6">Dat daer door den man</l>
        <l id="s2:l7">Verdrooghen kan:</l>
        <l id="s2:l8">Is daer iet van?</l>
      </lg>
      <lg id="s3" type="stanza">
        <l id="s3:l1">Sou de toeback kunnen doen verdooven</l>
        <l id="s3:l2">Der mannen vuer?</l>
        <l id="s3:l3">Dindiaensche vroukens hem wel ghedooghen</l>
        <l id="s3:l4">Dach ende uer.</l>
        <l id="s3:l5">Al even coen</l>
        <l id="s3:l6">Haer mans daer doen,</l>
        <l id="s3:l7">Avond en noen,</l>
        <l id="s3:l8">Tvrouwen sermoen.</l>
      </lg>
      <lg id="s4" type="stanza">
        <l id="s4:l1">Toeback drincken is een goede medecijne;</l>
        <l id="s4:l2">Stelt u te vr&#233;!</l>
        <l id="s4:l3">Dasschen is goet voor de tandepijne,</l>
        <l id="s4:l4">Wrijftse daer me&#234;;</l>
        <l id="s4:l5">Soo is den roock</l>
        <l id="s4:l6">Voor den man oock,</l>
        <l id="s4:l7">Al ist maer smoock,</l>
        <l id="s4:l8">Beter dan loock.</l>
      </lg>
      <lg id="s5" type="stanza">
        <l id="s5:l1">Alle dinghen doet in goeder maten</l>
        <l id="s5:l2">Naer swijfs bevel!</l>
        <l id="s5:l3">Al te veel waer seker beter ghelaten,</l>
        <l id="s5:l4">Dat weten wy wel.</l>
        <l id="s5:l5">Soo drinckt dan hier,</l>
        <l id="s5:l6">Naer u plaisier,</l>
        <l id="s5:l7">Een pijp of vier,</l>
        <l id="s5:l8">By wijn of bier!</l>
      </lg>
    </lg>
  </text>
</song>