<song>
  <meta>
    <id>122600</id>
    <date>
      <year-start>1848</year-start>
      <year-end>1848</year-end>
    </date>
    <location>
      <orginal-name>gent</orginal-name>
      <standard-name>Gent, Belgium</standard-name>
      <coordinates>
        <lon>51.0538286</lon>
        <lat>3.7250121</lat>
      </coordinates>
    </location>
    <tags>
      <tag standard-name="historielied" translation="historical song">historielied</tag>
      <tag standard-name="klaaglied" translation="lamentation">klaaglied</tag>
      <tag standard-name="gebedslied" translation="prayer">gebedslied</tag>
    </tags>
    <melody />
    <categories>
      <category translation="emotions">emoties</category>
      <category translation="politics and history">politiek en geschiedenis</category>
      <category translation="religion">godsdienst</category>
    </categories>
  <author>Anonymous</author></meta>
  <text>
    <lg type="song">
      <lg id="s1" type="stanza">
        <l id="s1:l1" met="4" type="-+">Waerom zijt ghy soo langhen <rhyme label="a" type="m">tijdt</rhyme></l>
        <l id="s1:l2" met="4" type="-+">Van ons absent, ach, lieven <rhyme label="b" type="m">Heer</rhyme>!</l>
        <l id="s1:l3" met="4" type="-+">Soo dat u schaepkens, <rhyme label="a" type="m" corresp="#s1:l1">onbevrijdt</rhyme>,</l>
        <l id="s1:l4" met="4" type="-+">U heete gramschap voelen <rhyme label="b" type="m" corresp="#s1:l2">seer</rhyme>?</l>
      </lg>
      <lg id="s2" type="stanza">
        <l id="s2:l1" met="4" type="-+">Denckt op u Catholijcke <rhyme label="a" type="m">Kerck</rhyme>,</l>
        <l id="s2:l2" met="4" type="-+">Door u ghesticht en <rhyme label="b" type="m">ghefondeert</rhyme>,</l>
        <l id="s2:l3" met="4" type="-+">Door u verlost, u eyghen <rhyme label="a" type="m" corresp="#s2:l1">werck</rhyme>,</l>
        <l id="s2:l4" met="4" type="-+">Daer ghy soo lanc in zijt <rhyme label="b" type="m" corresp="#s2:l2">ghe&#235;ert</rhyme>.</l>
      </lg>
      <lg id="s3" type="stanza">
        <l id="s3:l1" met="4" type="-+">Heft op u voet, en metter <rhyme label="a" type="m">daet</rhyme></l>
        <l id="s3:l2" met="4" type="-+">Vertreet u vianden tot <rhyme label="b" type="m">niet</rhyme>,</l>
        <l id="s3:l3" met="4" type="-+">Door wie gecomen is het <rhyme label="a" type="m" corresp="#s3:l1">quaet</rhyme></l>
        <l id="s3:l4" met="4" type="-+">Dat in u kercken is <rhyme label="b" type="m" corresp="#s3:l2">ghesciet</rhyme>.</l>
      </lg>
      <lg id="s4" type="stanza">
        <l id="s4:l1" met="4" type="-+">U teghenstrijders met <rhyme label="a" type="m">gheschal</rhyme></l>
        <l id="s4:l2" met="4" type="-+">In uwe tempelen seer <rhyme label="b" type="m">coen</rhyme></l>
        <l id="s4:l3" met="4" type="-+">Haer vlagghen stellen <rhyme label="a" type="m" corresp="#s4:l1">overal</rhyme>,</l>
        <l id="s4:l4" met="4" type="-+">En toonen wat sy durven <rhyme label="b" type="m" corresp="#s4:l2">doen</rhyme>.</l>
      </lg>
      <lg id="s5" type="stanza">
        <l id="s5:l1" met="4" type="-+">Waer men devotie pleghen <rhyme label="a" type="m">sach</rhyme></l>
        <l id="s5:l2" met="4" type="-+">En Godt soo loflijck werd <rhyme label="b" type="m">ghe&#235;ert</rhyme>,</l>
        <l id="s5:l3" met="4" type="-+">Waer hy ghedient werd nacht en <rhyme label="a" type="m" corresp="#s5:l1">dach</rhyme></l>
        <l id="s5:l4" met="4" type="-+">Daer sach men menschen heel <rhyme label="b" type="m" corresp="#s5:l2">verkeert</rhyme>,</l>
      </lg>
      <lg id="s6" type="stanza">
        <l id="s6:l1" met="4" type="-+">Met hamers, bijlen en <rhyme label="a" type="m">gheweer</rhyme>,</l>
        <l id="s6:l2" met="4" type="-+">Als van den boosen gheest <rhyme label="b" type="m">beseten</rhyme>;</l>
        <l id="s6:l3" met="4" type="-+">Het schoon cieraet, met groot <rhyme label="a" type="m" corresp="#s6:l1">oneer</rhyme></l>
        <l id="s6:l4" met="4" type="-+">Hoe sy dat al in stucken <rhyme label="b" type="m" corresp="#s6:l2">smeten</rhyme>!</l>
      </lg>
      <lg id="s7" type="stanza">
        <l id="s7:l1" met="4" type="-+">Sy seyden in hun boosen <rhyme label="a" type="m">moet</rhyme>:</l>
        <l id="s7:l2" met="4" type="-+">&#8216;Laet ons 't gheheel gaen <rhyme label="b" type="m">destrueren</rhyme>,</l>
        <l id="s7:l3" met="4" type="-+">En rooven al het <rhyme label="a" type="m" corresp="#s7:l1">kerckengoet</rhyme>,</l>
        <l id="s7:l4" met="4" type="-+">Wy sullen 't noemen <rhyme label="b" type="m" corresp="#s7:l2">reformeren</rhyme>.&#8217;</l>
      </lg>
      <lg id="s8" type="stanza">
        <l id="s8:l1" met="4" type="-+">Dit hebben sy dan oock <rhyme label="a" type="m">ghedaen</rhyme>,</l>
        <l id="s8:l2" met="4" type="-+">Soo met afbreken, soo met <rhyme label="b" type="m">branden</rhyme>,</l>
        <l id="s8:l3" met="4" type="-+">Waer ergens sy gheraecten <rhyme label="a" type="m" corresp="#s8:l1">aen</rhyme></l>
        <l id="s8:l4" met="4" type="-+">De templen Godts, in dese <rhyme label="b" type="m" corresp="#s8:l2">landen</rhyme>.</l>
      </lg>
      <lg id="s9" type="stanza">
        <l id="s9:l1" met="4" type="-+">Hoe langh, o Heer, hoe langh salt <rhyme label="a" type="m">sijn</rhyme></l>
        <l id="s9:l2" met="4" type="-+">Dat u u vyant sal <rhyme label="b" type="m">onteeren</rhyme>?</l>
        <l id="s9:l3" met="4" type="-+">Is dan oneyndelijck den <rhyme label="a" type="m" corresp="#s9:l1">termijn</rhyme></l>
        <l id="s9:l4" met="4" type="-+">Dat sy u blijven <rhyme label="b" type="m" corresp="#s9:l2">blasphemeren</rhyme>?</l>
      </lg>
      <lg id="s10" type="stanza">
        <l id="s10:l1" met="4" type="-+">Och! houdt u handt niet langher <rhyme label="a" type="m">stil</rhyme></l>
        <l id="s10:l2" met="4" type="-+">Te straffen dese <rhyme label="b" type="m">geus-ghesellen</rhyme>;</l>
        <l id="s10:l3" met="4" type="-+">Ghy hebt de macht, hebt ooc den <rhyme label="a" type="m" corresp="#s10:l1">wil</rhyme>!</l>
        <l id="s10:l4" met="4" type="-+">'t Sijn vyanden, 't sijn al <rhyme label="b" type="m" corresp="#s10:l2">rebellen</rhyme>!</l>
      </lg>
      <lg id="s11" type="stanza">
        <l id="s11:l1" met="4" type="-+">Ghy sijt ons coninck ende <rhyme label="a" type="m">heer</rhyme>;</l>
        <l id="s11:l2" met="4" type="-+">Ghy weet het wat er wordt <rhyme label="b" type="m">ghedaen</rhyme>;</l>
        <l id="s11:l3" met="4" type="-+">Laet kerckenschenders <rhyme label="a" type="m" corresp="#s11:l1">nimmermeer</rhyme></l>
        <l id="s11:l4" met="4" type="-+">Onghecastijdt dus henen <rhyme label="b" type="m" corresp="#s11:l2">gaen</rhyme>!</l>
      </lg>
    </lg>
  </text>
</song>