<song>
  <meta>
    <id>122762</id>
    <date>
      <year-start>1848</year-start>
      <year-end>1848</year-end>
    </date>
    <location>
      <orginal-name>gent</orginal-name>
      <standard-name>Gent, Belgium</standard-name>
      <coordinates>
        <lon>51.0538286</lon>
        <lat>3.7250121</lat>
      </coordinates>
    </location>
    <tags>
      <tag standard-name="verhalend lied" translation="narrative song">verhalend lied</tag>
      <tag standard-name="liefdeslied" translation="love song">liefdeslied</tag>
    </tags>
    <melody>Toen Hanselijn over de heide reed</melody>
    <categories>
      <category translation="love and sex">liefde en seks</category>
      <category translation="narratives">verhalen</category>
    </categories>
  <author>Anonymous</author></meta>
  <text>
    <lg type="song">
      <lg id="s1" type="stanza">
        <l id="s1:l1">Doen Hanselijn over der heide reet</l>
        <l id="s1:l2">Hoe haestich wert hy ghevanghen!</l>
        <l id="s1:l3">Hy wert al op eenen toren gheleit,</l>
        <l id="s1:l4">Gheboeit wel also stranghe.</l>
      </lg>
      <lg id="s2" type="stanza">
        <l id="s2:l1">En dat verhoorde een meisken ionc,</l>
        <l id="s2:l2">Een meisken van seventien iaren;</l>
        <l id="s2:l3">Sy ghinc voor hare moeder staen,</l>
        <l id="s2:l4">Sy ghinc tot haren vader.</l>
      </lg>
      <lg id="s3" type="stanza">
        <l id="s3:l1">&#8216;Och vader, sei sy, vader mijn,</l>
        <l id="s3:l2">Mijn alderghenadichste here,</l>
        <l id="s3:l3">Och gheeft my desen ghevanghen man,</l>
        <l id="s3:l4">Elc lantscnecht sal u eeren.&#8217;</l>
      </lg>
      <lg id="s4" type="stanza">
        <l id="s4:l1">- &#8216;Neen, dochter, den lantscnecht chrijcht ghy niet,</l>
        <l id="s4:l2">Want hy sal moeten sterven;</l>
        <l id="s4:l3">Hy is er verwezen tot de dood,</l>
        <l id="s4:l4">Ghenade sal hy niet verwerven.&#8217;</l>
      </lg>
      <lg id="s5" type="stanza">
        <l id="s5:l1">Het meisken liet backen twee wittebroots wegghen,</l>
        <l id="s5:l2">Daerin twee scerpe vijlen,</l>
        <l id="s5:l3">Sy wierp het al in den toren hooch:</l>
        <l id="s5:l4">&#8216;Hout daer, om u los te vijlen!&#8217;</l>
      </lg>
      <lg id="s6" type="stanza">
        <l id="s6:l1">Hy vijlde soo menighen langhen dach,</l>
        <l id="s6:l2">Des nachts soo menige uren,</l>
        <l id="s6:l3">Tot datter den toren ontsloten was,</l>
        <l id="s6:l4">Hy moester niet langher trueren.</l>
      </lg>
      <lg id="s7" type="stanza">
        <l id="s7:l1">Sy troc hem een paer leersen aen</l>
        <l id="s7:l2">En daertoe een paer sporen,</l>
        <l id="s7:l3">Sy sette hem op haers vaders ros:</l>
        <l id="s7:l4">&#8216;Schoon lief, gheeft den moet niet verloren!&#8217;</l>
      </lg>
      <lg id="s8" type="stanza">
        <l id="s8:l1">Doen hy ten halven weghe quam,</l>
        <l id="s8:l2">Hy keek noch dickwils omme,</l>
        <l id="s8:l3">Noch dickwils naer den toren hooch</l>
        <l id="s8:l4">En dacht om 't meisken so schoone.</l>
      </lg>
      <lg id="s9" type="stanza">
        <l id="s9:l1">&#8216;Nu heb ik al de joncvrouwen lief,</l>
        <l id="s9:l2">Al omme den wille van eene,</l>
        <l id="s9:l3">Sy heefter behouden het leven van mijn:</l>
        <l id="s9:l4">Ach mocht ick haren dienaer sijn.&#8217;</l>
      </lg>
    </lg>
  </text>
</song>