<song>
  <meta>
    <id>122788</id>
    <date>
      <year-start>1848</year-start>
      <year-end>1848</year-end>
    </date>
    <location>
      <orginal-name>gent</orginal-name>
      <standard-name>Gent, Belgium</standard-name>
      <coordinates>
        <lon>51.0538286</lon>
        <lat>3.7250121</lat>
      </coordinates>
    </location>
    <tags>
      <tag standard-name="verhalend lied" translation="narrative song">verhalend lied</tag>
      <tag standard-name="kluchtlied" translation="humorous song">kluchtlied</tag>
    </tags>
    <melody>Es ritt ein Ritter wohl durch das Ried</melody>
    <categories>
      <category translation="amusement">vermaak</category>
      <category translation="narratives">verhalen</category>
    </categories>
  <author>Anonymous</author></meta>
  <text>
    <lg type="song">
      <lg id="s1" type="stanza">
        <l id="s1:l1">Daer reeter een ridder al door het riet,</l>
        <l id="s1:l2">En hy hief op en sanc een liet,</l>
        <l id="s1:l3">En een lietje met heldere stemme</l>
        <l id="s1:l4">Dat het tusschen twee bergen klemde.</l>
      </lg>
      <lg id="s2" type="stanza">
        <l id="s2:l1">En dat verhoorde een joncfrou fijn,</l>
        <l id="s2:l2">Sy lacher op hare slaepcamer allein,</l>
        <l id="s2:l3">En sy vlechte haer haertje met sijde,</l>
        <l id="s2:l4">Met den lantscnecht woude sy rijden.</l>
      </lg>
      <lg id="s3" type="stanza">
        <l id="s3:l1">De lantscnecht hatse so lief en weert,</l>
        <l id="s3:l2">Hy settese voor hem op sijn peert,</l>
        <l id="s3:l3">En voerdese in corte wijlen</l>
        <l id="s3:l4">Wel vierenseventich mijlen.</l>
      </lg>
      <lg id="s4" type="stanza">
        <l id="s4:l1">Hy voederse over een acker was wijt,</l>
        <l id="s4:l2">Die was er met roode roosjes bespreit;</l>
        <l id="s4:l3">Hy seide: &#8216;Vrouw maget, ghy moet achterwaerts staen;</l>
        <l id="s4:l4">Mijn grauwe ros is er so moede van gaen.&#8217;</l>
      </lg>
      <lg id="s5" type="stanza">
        <l id="s5:l1">- &#8216;Waerom so soudick achterwaerts staen?</l>
        <l id="s5:l2">Had icker mijn vaders rade ghedaen,</l>
        <l id="s5:l3">Daertoe mijn vrouw moederkijns wille,</l>
        <l id="s5:l4">Ick hader gheweest een keiserinne.&#8217;</l>
      </lg>
      <lg id="s6" type="stanza">
        <l id="s6:l1">- &#8216;Had ghy er gheweest een keiserin,</l>
        <l id="s6:l2">En ick er een marcgraef sijn sone bin,</l>
        <l id="s6:l3">So laet het u, mooi meisken, niet rouwen,</l>
        <l id="s6:l4">Want morgen sal ick u trouwen.&#8217;</l>
      </lg>
      <lg id="s7" type="stanza">
        <l id="s7:l1">- &#8216;Eer ick was uw ghetroude wijf,</l>
        <l id="s7:l2">Veel liever verloor ick mijn jonge lijf;</l>
        <l id="s7:l3">Eer ick was uw ghetroude huisvrouwe,</l>
        <l id="s7:l4">Ick liet liever mijn hoofdjen afhouwen.&#8217;</l>
      </lg>
      <lg id="s8" type="stanza">
        <l id="s8:l1">Eer sy er dat woordje ten halve sprack,</l>
        <l id="s8:l2">Haer hoofdje al voor haer voeten lach,</l>
        <l id="s8:l3">En met een al so scerp swaerde</l>
        <l id="s8:l4">Sloech hy er dat hoofdje ter aerde.</l>
      </lg>
      <lg id="s9" type="stanza">
        <l id="s9:l1">Hy nam het hoofdje by het haer,</l>
        <l id="s9:l2">Hy wierpet in een fontein was claer,</l>
        <l id="s9:l3">Een fontein was diep van gronde:</l>
        <l id="s9:l4">&#8216;Leg daer u lachende monde!</l>
      </lg>
      <lg id="s10" type="stanza">
        <l id="s10:l1">Leg hier, leg daer u lachende mond!</l>
        <l id="s10:l2">Ghy hebt my ghecost so veel duisend pond,</l>
        <l id="s10:l3">En so menighen penninc root goude;</l>
        <l id="s10:l4">Uw hoofdje is al afgehouden.&#8217;</l>
      </lg>
    </lg>
  </text>
</song>