<song>
  <meta>
    <id>122750</id>
    <date>
      <year-start>1848</year-start>
      <year-end>1848</year-end>
    </date>
    <location>
      <orginal-name>gent</orginal-name>
      <standard-name>Gent, Belgium</standard-name>
      <coordinates>
        <lon>51.0538286</lon>
        <lat>3.7250121</lat>
      </coordinates>
    </location>
    <tags>
      <tag standard-name="verhalend lied" translation="narrative song">verhalend lied</tag>
      <tag standard-name="liefdeslied" translation="love song">liefdeslied</tag>
    </tags>
    <melody>Het waren twee gespelen goed</melody>
    <categories>
      <category translation="love and sex">liefde en seks</category>
      <category translation="narratives">verhalen</category>
    </categories>
  <author>Anonymous</author></meta>
  <text>
    <lg type="song">
      <lg id="s1" type="stanza">
        <l id="s1:l1">Daer ghinghen twee ghespeelkens goet</l>
        <l id="s1:l2">So verre al aen der heide;</l>
        <l id="s1:l3">Die eene die voerde eenen hooghen moet,</l>
        <l id="s1:l4">Maer dandere die schreide.</l>
      </lg>
      <lg id="s2" type="stanza">
        <l id="s2:l1">&#8216;Ghespeelken, lieve ghespeelken goet,</l>
        <l id="s2:l2">Waerom weent ghi so sere?</l>
        <l id="s2:l3">Weent ghi om uws vaders goet</l>
        <l id="s2:l4">Of weent ghi om u eere?&#8217;</l>
      </lg>
      <lg id="s3" type="stanza">
        <l id="s3:l1">- &#8216;Ic en ween niet om mijns vaders goet,</l>
        <l id="s3:l2">Ic en ween niet om mijn eere;</l>
        <l id="s3:l3">Wi twee hebben eenen ridder lief</l>
        <l id="s3:l4">Rijc God, wie sal hem ghewerden?&#8217;</l>
      </lg>
      <lg id="s4" type="stanza">
        <l id="s4:l1">- &#8216;Ghespeelken, lieve ghespeelken goet,</l>
        <l id="s4:l2">Laet mi den ridder alleene!</l>
        <l id="s4:l3">Ic gheve u mijnen broeder dan,</l>
        <l id="s4:l4">Mijns vader goet in leene.&#8217;</l>
      </lg>
      <lg id="s5" type="stanza">
        <l id="s5:l1">- &#8216;Och, dijnen broeder en willic niet</l>
        <l id="s5:l2">Noch dijns vaders goet in leene;</l>
        <l id="s5:l3">Ic hebbe veel liever mijn soete lief,</l>
        <l id="s5:l4">Dan silver oft root guldine.&#8217;</l>
      </lg>
      <lg id="s6" type="stanza">
        <l id="s6:l1">Dat hoorde die ridder al daer hi stond,</l>
        <l id="s6:l2">Dat hoorde hi onder den linden,</l>
        <l id="s6:l3">&#8216;Rijc God, tot wie van dese twee</l>
        <l id="s6:l4">Sal ic mijn herte wenden?</l>
      </lg>
      <lg id="s7" type="stanza">
        <l id="s7:l1">Neme ic die rijke joncfrou vri,</l>
        <l id="s7:l2">So treurt die armelijke:</l>
        <l id="s7:l3">Die rijke willic varen la&#234;n,</l>
        <l id="s7:l4">Ende nemen die suverlijke.</l>
      </lg>
      <lg id="s8" type="stanza">
        <l id="s8:l1">Een luttel goets is haest verteert,</l>
        <l id="s8:l2">Dan gaet die liefde sterven;</l>
        <l id="s8:l3">Wi twee wi sijn noch jonc ende sterc,</l>
        <l id="s8:l4">Dat doet ons goet verwerven.&#8217;</l>
      </lg>
      <lg id="s9" type="stanza">
        <l id="s9:l1">Hi stac aen haer sneewitte hand</l>
        <l id="s9:l2">Een vingerlinc rood van goude.</l>
        <l id="s9:l3">&#8216;Hou daer, sprac hi, jonc maegdeken,</l>
        <l id="s9:l4">Een onderpant van mijn trouwe!&#8217;</l>
      </lg>
    </lg>
  </text>
</song>