<song>
  <meta>
    <id>122777</id>
    <date>
      <year-start>1848</year-start>
      <year-end>1848</year-end>
    </date>
    <location>
      <orginal-name>gent</orginal-name>
      <standard-name>Gent, Belgium</standard-name>
      <coordinates>
        <lon>51.0538286</lon>
        <lat>3.7250121</lat>
      </coordinates>
    </location>
    <tags>
      <tag standard-name="verhalend lied" translation="narrative song">verhalend lied</tag>
    </tags>
    <melody />
    <categories>
      <category translation="narratives">verhalen</category>
    </categories>
  <author>Anonymous</author></meta>
  <text>
    <lg type="song">
      <lg id="s1" type="stanza">
        <l id="s1:l1">&#8216;Och, Elsje, seide hy, Elsje,</l>
        <l id="s1:l2">Wel lieve boele van mijn,</l>
        <l id="s1:l3">Och, mocht ick by u slapen,</l>
        <l id="s1:l4">Al in den arrem van dijn.&#8217;</l>
      </lg>
      <lg id="s2" type="stanza">
        <l id="s2:l1">- &#8216;By mijn meucht ghy wel slapen,</l>
        <l id="s2:l2">By mijn meucht ghy wel sijn,</l>
        <l id="s2:l3">Maer eerst so moest ick weten</l>
        <l id="s2:l4">Wat datter mijn loontje sou sijn.&#8217;</l>
      </lg>
      <lg id="s3" type="stanza">
        <l id="s3:l1">- &#8216;Wout ghy dat gheerne weten,</l>
        <l id="s3:l2">Wat datter u loontje sou sijn?</l>
        <l id="s3:l3">'t Casteel van Rijpermonde,</l>
        <l id="s3:l4">Daer sult ghy vroutje van sijn.&#8217;</l>
      </lg>
      <lg id="s4" type="stanza">
        <l id="s4:l1">- &#8216;Sal ick daer vroutje van wesen,</l>
        <l id="s4:l2">Sal ick daer vroutje van sijn,</l>
        <l id="s4:l3">So treet al van u paertje</l>
        <l id="s4:l4">En doeter u wille met mijn.&#8217;</l>
      </lg>
      <lg id="s5" type="stanza">
        <l id="s5:l1">De ruiter trat van sijn paerde</l>
        <l id="s5:l2">Al in dat groene gras,</l>
        <l id="s5:l3">Hy speelde met dat moije meisje</l>
        <l id="s5:l4">So lanc dat sy moede was.</l>
      </lg>
      <lg id="s6" type="stanza">
        <l id="s6:l1">Dat meisje keerde haer omme,</l>
        <l id="s6:l2">En sy liet over haer gaen,</l>
        <l id="s6:l3">Over haer snewitte wanghen,</l>
        <l id="s6:l4">So menighen droeven traen.</l>
      </lg>
      <lg id="s7" type="stanza">
        <l id="s7:l1">De traentjes, die sy weende,</l>
        <l id="s7:l2">Die deden den ruiter so we,</l>
        <l id="s7:l3">Sy vielen hem op sijn hertje</l>
        <l id="s7:l4">Veel couder dan hagel of sne.</l>
      </lg>
      <lg id="s8" type="stanza">
        <l id="s8:l1">Sy vielen hem op sijn hertje</l>
        <l id="s8:l2">Veel couder dan het ijs,</l>
        <l id="s8:l3">Hy maecte van dat moije meisje</l>
        <l id="s8:l4">Sijn echte ghetroude wijf.</l>
      </lg>
    </lg>
  </text>
</song>