<song>
  <meta>
    <id>122797</id>
    <date>
      <year-start>1848</year-start>
      <year-end>1848</year-end>
    </date>
    <location>
      <orginal-name>gent</orginal-name>
      <standard-name>Gent, Belgium</standard-name>
      <coordinates>
        <lon>51.0538286</lon>
        <lat>3.7250121</lat>
      </coordinates>
    </location>
    <tags>
      <tag standard-name="liefdeslied" translation="love song">liefdeslied</tag>
    </tags>
    <melody>Het windje dat uit de oosten waait</melody>
    <categories>
      <category translation="love and sex">liefde en seks</category>
    </categories>
  <author>Anonymous</author></meta>
  <text>
    <lg type="song">
      <lg id="s1" type="stanza">
        <l id="s1:l1">Het wintje dat uit den Oosten waeit,</l>
        <l id="s1:l2">Dat waeit ten allen tijden,</l>
        <l id="s1:l3">Al die daer in zijn liefs armen leit</l>
        <l id="s1:l4">Die mag hem wel verblijden,</l>
        <l id="s1:l5">Lief mondelijn root</l>
        <l id="s1:l6">Die hoeft er niet meer te vrijden.</l>
      </lg>
      <lg id="s2" type="stanza">
        <l id="s2:l1">Hy ging er voor zijn liefs venster staen,</l>
        <l id="s2:l2">Met een zo droeven sinne:</l>
        <l id="s2:l3">&#8216;Slaept gijder of waekt gy mijn lief?</l>
        <l id="s2:l4">Staet op en laet my inne,</l>
        <l id="s2:l5">Lief mondelijn root,</l>
        <l id="s2:l6">En my dunkt ik hoor u stemme.</l>
      </lg>
      <lg id="s3" type="stanza">
        <l id="s3:l1">'t Meisjen uit haer slaep ontsprong:</l>
        <l id="s3:l2">- &#8216;Wie klopt hier also laten,</l>
        <l id="s3:l3">Gy meugt wel weder naer huis toe gaen,</l>
        <l id="s3:l4">Ga thuis wat liggen slapen,</l>
        <l id="s3:l5">Lief mondelijn root,</l>
        <l id="s3:l6">Ik zal er u niet inlaten.&#8217;</l>
      </lg>
      <lg id="s4" type="stanza">
        <l id="s4:l1">- &#8216;Staet daer een ander in uw hert geprent?</l>
        <l id="s4:l2">Van de min word ik versmeten,</l>
        <l id="s4:l3">Mogt ik het eens weten wie dat het my doet,</l>
        <l id="s4:l4">'t Wordt my dikmaels verweten,</l>
        <l id="s4:l5">Lief mondelijn root,</l>
        <l id="s4:l6">Wat hebben wy een schoone tijd versleten!&#8217;</l>
      </lg>
      <lg id="s5" type="stanza">
        <l id="s5:l1">Zy zei: &#8216;Jonkman, houd goeden moed,</l>
        <l id="s5:l2">Kies een ander jonk van jaren,</l>
        <l id="s5:l3">Als de liefde van eenen kant komen moet</l>
        <l id="s5:l4">Zoo valt het zwaer te dragen.</l>
        <l id="s5:l5">Lief mondelijn root,</l>
        <l id="s5:l6">Mogt ik vangen dat ik jage.&#8217;</l>
      </lg>
      <lg id="s6" type="stanza">
        <l id="s6:l1">- &#8216;Dat gy jaegt dat vangt gy wel,</l>
        <l id="s6:l2">Lief en wil daerom niet treuren;</l>
        <l id="s6:l3">Al waren wy duizend mijlen van een,</l>
        <l id="s6:l4">Dat God voegt zal gebeuren.</l>
        <l id="s6:l5">Lief mondelijn root,</l>
        <l id="s6:l6">Laten wy daerom niet treuren.&#8217;</l>
      </lg>
    </lg>
  </text>
</song>