<song>
  <meta>
    <id>122737</id>
    <date>
      <year-start>1848</year-start>
      <year-end>1848</year-end>
    </date>
    <location>
      <orginal-name>gent</orginal-name>
      <standard-name>Gent, Belgium</standard-name>
      <coordinates>
        <lon>51.0538286</lon>
        <lat>3.7250121</lat>
      </coordinates>
    </location>
    <tags>
      <tag standard-name="verhalend lied" translation="narrative song">verhalend lied</tag>
    </tags>
    <melody />
    <categories>
      <category translation="narratives">verhalen</category>
    </categories>
  <author>Anonymous</author></meta>
  <text>
    <lg type="song">
      <lg id="s1" type="stanza">
        <l id="s1:l1">&#8216;Ic wil te lande rijden;</l>
        <l id="s1:l2">Sprac meester Hildebrant:</l>
        <l id="s1:l3">Die mi den wech wil wijsen</l>
        <l id="s1:l4">Te Beernen in dat lant.</l>
        <l id="s1:l5">Ic ben daer onbekent geweest</l>
        <l id="s1:l6">Soo menigen langen dach;</l>
        <l id="s1:l7">In twee en dertig jaren</l>
        <l id="s1:l8">Vrou Goedelijn ic niet en sach.&#8217;</l>
      </lg>
      <lg id="s2" type="stanza">
        <l id="s2:l1">- &#8216;Wildy te lande rijden,</l>
        <l id="s2:l2">Sprac hertoch Ameloen:</l>
        <l id="s2:l3">Ghy vinter op der heiden</l>
        <l id="s2:l4">Een jongen helt, is coen.</l>
        <l id="s2:l5">Ghy vindt daer op der marke</l>
        <l id="s2:l6">Den jongen Hildebrant:</l>
        <l id="s2:l7">Al quaemdy daer met twelven</l>
        <l id="s2:l8">Van hem wordy aengerant.&#8217;</l>
      </lg>
      <lg id="s3" type="stanza">
        <l id="s3:l1">- &#8216;Soude hy my daer aenranden</l>
        <l id="s3:l2">Met eenen evelen moet?</l>
        <l id="s3:l3">Ic doorhouwe hem sijnen schilde;</l>
        <l id="s3:l4">Ten doet hem nemmer goet;</l>
        <l id="s3:l5">Ic doorsla hem sijnen schilde</l>
        <l id="s3:l6">Met eenen schermerslach,</l>
        <l id="s3:l7">Dat hijt sijner vrou moeder</l>
        <l id="s3:l8">Een jaer wel claghen mach.&#8217;</l>
      </lg>
      <lg id="s4" type="stanza">
        <l id="s4:l1">- &#8216;Neen, dat suldy niet doene</l>
        <l id="s4:l2">Sprac jonker Diederic:</l>
        <l id="s4:l3">Ic heb den jongen Hildebrant</l>
        <l id="s4:l4">Van goeder herten lief.</l>
        <l id="s4:l5">Ghy sult hem vriendelijc groeten</l>
        <l id="s4:l6">Al door den wille van my,</l>
        <l id="s4:l7">Dat hy u late rijden,</l>
        <l id="s4:l8">Soo lief als ic hem sy.&#8217;</l>
      </lg>
      <lg id="s5" type="stanza">
        <l id="s5:l1">Al metten selver woorden</l>
        <l id="s5:l2">Ten roosengaerde hy ran,</l>
        <l id="s5:l3">Al in des markes pleine,</l>
        <l id="s5:l4">Die oude Hildebrant,</l>
        <l id="s5:l5">Al in des markes pleine</l>
        <l id="s5:l6">Daer hy den jongen vant.</l>
        <l id="s5:l7">&#8216;Wat doet gy, oude grijse,</l>
        <l id="s5:l8">Hier in mijn vaders lant?</l>
      </lg>
      <lg id="s6" type="stanza">
        <l id="s6:l1">Ghy voert een harnasch louter</l>
        <l id="s6:l2">Als waerdy eens coninx kint;</l>
        <l id="s6:l3">Ghy maect mijn hert begerich,</l>
        <l id="s6:l4">Mijn siende oogen blint.</l>
        <l id="s6:l5">Ghy moet te rugghe keeren</l>
        <l id="s6:l6">En houden u gemac.&#8217;</l>
        <l id="s6:l7">Met eenen hupschen woorde</l>
        <l id="s6:l8">Die oude loech en sprac:</l>
      </lg>
      <lg id="s7" type="stanza">
        <l id="s7:l1">&#8216;Soudic te rugghe keeren</l>
        <l id="s7:l2">En houden mijn gemac?</l>
        <l id="s7:l3">Van strijden en van vechten</l>
        <l id="s7:l4">Ic al mijn daghen sprac,</l>
        <l id="s7:l5">Van strijden en van vechten</l>
        <l id="s7:l6">Al tot mijn henevaert,</l>
        <l id="s7:l7">Dat seg ic u, wel jonger helt,</l>
        <l id="s7:l8">Daeraf is grijs mijn baert.&#8217;</l>
      </lg>
      <lg id="s8" type="stanza">
        <l id="s8:l1">- &#8216;Dien baert sal ic u uutrucken,</l>
        <l id="s8:l2">En daertoe seere slaen,</l>
        <l id="s8:l3">Soe dat u dat roode bloet</l>
        <l id="s8:l4">Over u wangen sal gaen.</l>
        <l id="s8:l5">U harnas en uwen schilde</l>
        <l id="s8:l6">Moet ghy my geven fijn,</l>
        <l id="s8:l7">En ghy blijft mijn gevangen,</l>
        <l id="s8:l8">Wilt ghy behouden sijn.&#8217;</l>
      </lg>
      <lg id="s9" type="stanza">
        <l id="s9:l1">- &#8216;Mijn harnas ende schilde</l>
        <l id="s9:l2">Daer heb ick my mede geneert;</l>
        <l id="s9:l3">Ic en was noyt mijn dagen</l>
        <l id="s9:l4">Van eenig man verveert.&#8217;</l>
        <l id="s9:l5">Sy lieten daer hare woorden</l>
        <l id="s9:l6">En gingen met sweerden slaen.</l>
        <l id="s9:l7">Al wat sy daer bedreven</l>
        <l id="s9:l8">Dat suldy wel verstaen.</l>
      </lg>
      <lg id="s10" type="stanza">
        <l id="s10:l1">Die jonge bracht dien ouden</l>
        <l id="s10:l2">Een al soo swaren slach,</l>
        <l id="s10:l3">Dat hy van alle sijn dagen</l>
        <l id="s10:l4">Verveerder noyt op en sach.</l>
        <l id="s10:l5">Sijn peert spronc achter rugghe</l>
        <l id="s10:l6">Wel twintich vademen wijt.</l>
        <l id="s10:l7">&#8216;Den slach, die ghy daer slaget,</l>
        <l id="s10:l8">Heeft u geleerd een wijf!&#8217;</l>
      </lg>
      <lg id="s11" type="stanza">
        <l id="s11:l1">- &#8216;Soudic van wijven leeren,</l>
        <l id="s11:l2">Dat ware my groote schand;</l>
        <l id="s11:l3">Ic heb noch ridders en heeren</l>
        <l id="s11:l4">Al in mijn vaders lant;</l>
        <l id="s11:l5">Ic heb noch ridders en knechten</l>
        <l id="s11:l6">Al in mijn vaders hof;</l>
        <l id="s11:l7">En wat ic niet geleert en hebbe</l>
        <l id="s11:l8">Daer over soo leeric noch.&#8217;</l>
      </lg>
      <lg id="s12" type="stanza">
        <l id="s12:l1">Het quamp soo dat die oude</l>
        <l id="s12:l2">Liet sincken sijn groenen schilt,</l>
        <l id="s12:l3">Soo dat hy der jongen Hildebrant</l>
        <l id="s12:l4">Sijn sweert al onderginc;</l>
        <l id="s12:l5">Die greep hem in sijn midden</l>
        <l id="s12:l6">Aldaer hy tsmalste was;</l>
        <l id="s12:l7">Hy wierp hem neder ter aerden</l>
        <l id="s12:l8">Al in dat groene gras.</l>
      </lg>
      <lg id="s13" type="stanza">
        <l id="s13:l1">&#8216;Soe wie hem aen den ketel wrijft</l>
        <l id="s13:l2">Krijgt geerne van den roet.</l>
        <l id="s13:l3">Soe dedet ghy, o jonghe helt,</l>
        <l id="s13:l4">In desen wederspoet.</l>
        <l id="s13:l5">Spreket aen my u biechte;</l>
        <l id="s13:l6">U biechtvader willic sijn.</l>
        <l id="s13:l7">Segt, sydy van den wolven?</l>
        <l id="s13:l8">Genesen moecht ghy sijn.&#8217;</l>
      </lg>
      <lg id="s14" type="stanza">
        <l id="s14:l1">- &#8216;Van wolven, en dat sijn wolven:</l>
        <l id="s14:l2">Sy loopen in dat wout.</l>
        <l id="s14:l3">Ic ben een jonge degen,</l>
        <l id="s14:l4">Gheboren uut Grieken stout.</l>
        <l id="s14:l5">Mijn moeder hiet vrou Goedele,</l>
        <l id="s14:l6">Een hertoginne fijn;</l>
        <l id="s14:l7">En die oude Hildebrant</l>
        <l id="s14:l8">Dat is die vader mijn.&#8217;</l>
      </lg>
      <lg id="s15" type="stanza">
        <l id="s15:l1">- &#8216;Hiet u moeder vrou Goedele,</l>
        <l id="s15:l2">Een hertoginne fijn,</l>
        <l id="s15:l3">Was Hildebrant u vader,</l>
        <l id="s15:l4">Soo bistu die sone mijn?&#8217;</l>
        <l id="s15:l5">Hy hief op sijnen helme;</l>
        <l id="s15:l6">Hy custe hem aen sijnen mont.</l>
        <l id="s15:l7">&#8216;Nu danc ic God den Heere</l>
        <l id="s15:l8">Dat ic u sie gesont.</l>
      </lg>
      <lg id="s16" type="stanza">
        <l id="s16:l1">- &#8216;Och vader, lieve vader,</l>
        <l id="s16:l2">Die wonden die ic u heb geslagen,</l>
        <l id="s16:l3">Willic, al mijn leven lanc,</l>
        <l id="s16:l4">In mijnder herte dragen.</l>
        <l id="s16:l5">- &#8216;Nu swijget, sone, stille,</l>
        <l id="s16:l6">Dier wonden weetic wel raet.</l>
        <l id="s16:l7">Wy willen te samen keeren:</l>
        <l id="s16:l8">God, sterke ons op die vaert.</l>
      </lg>
      <lg id="s17" type="stanza">
        <l id="s17:l1">Nu nemet, mijn soon, my gevanghen,</l>
        <l id="s17:l2">Gelijc men ghevanghenen doet.</l>
        <l id="s17:l3">En vragen u dan die lieden</l>
        <l id="s17:l4">Wat man dat ghy mede voert,</l>
        <l id="s17:l5">Soe suldy den lieden dan seggen:</l>
        <l id="s17:l6">Tis een die quaetste man,</l>
        <l id="s17:l7">Die oyt op deser werelt</l>
        <l id="s17:l8">Van moeder leven gewan.&#8217;</l>
      </lg>
      <lg id="s18" type="stanza">
        <l id="s18:l1">Het viel op eenen saterdach,</l>
        <l id="s18:l2">Omtrent der vespertijt,</l>
        <l id="s18:l3">Dat de jonge Hildebrant</l>
        <l id="s18:l4">Den roosengaerde op rijdt;</l>
        <l id="s18:l5">Hy voerde op sijnen helme</l>
        <l id="s18:l6">Van goude een cranselijn</l>
        <l id="s18:l7">En neven sijnder sijden</l>
        <l id="s18:l8">Den liefsten vader fijn.</l>
      </lg>
      <lg id="s19" type="stanza">
        <l id="s19:l1">Hy voerde hem gevanghen</l>
        <l id="s19:l2">Al sonder arghelist;</l>
        <l id="s19:l3">Hy sette hem by sijn moeder</l>
        <l id="s19:l4">Boven aen haren disch.</l>
        <l id="s19:l5">&#8216;Wel sone, wel lieve sone,</l>
        <l id="s19:l6">Dat gevet my alsoe vry,</l>
        <l id="s19:l7">Dat ghy my desen ghevangen</l>
        <l id="s19:l8">Hier settes al boven my.&#8217;</l>
      </lg>
      <lg id="s20" type="stanza">
        <l id="s20:l1">&#8216;O moeder, seide hy, moeder,</l>
        <l id="s20:l2">Die waerheid sal ic u sagen.</l>
        <l id="s20:l3">Aen ghinder groener heide</l>
        <l id="s20:l4">Had hy my byna verslagen.</l>
        <l id="s20:l5">Tis Hildebrant die oude</l>
        <l id="s20:l6">Die liefste vader mijn!</l>
        <l id="s20:l7">Nu neempt hem in u armen,</l>
        <l id="s20:l8">En heet hem willecom sijn.</l>
      </lg>
      <lg id="s21" type="stanza">
        <l id="s21:l1">Sy namp hem in haer armen;</l>
        <l id="s21:l2">Sy custe hem aen sijnen mont.</l>
        <l id="s21:l3">&#8216;Nu dankic Gode den heere</l>
        <l id="s21:l4">Dat ic hem sie gesont.</l>
        <l id="s21:l5">Wy willen van hier scheiden</l>
        <l id="s21:l6">En varen al in ons lant,</l>
        <l id="s21:l7">Te Berne benoren der stede:</l>
        <l id="s21:l8">Daer sijn wy van alle bekant.</l>
      </lg>
    </lg>
  </text>
</song>