<song>
  <meta>
    <id>122790</id>
    <date>
      <year-start>1848</year-start>
      <year-end>1848</year-end>
    </date>
    <location>
      <orginal-name>gent</orginal-name>
      <standard-name>Gent, Belgium</standard-name>
      <coordinates>
        <lon>51.0538286</lon>
        <lat>3.7250121</lat>
      </coordinates>
    </location>
    <tags>
      <tag standard-name="verhalend lied" translation="narrative song">verhalend lied</tag>
    </tags>
    <melody />
    <categories>
      <category translation="narratives">verhalen</category>
    </categories>
  <author>Anonymous</author></meta>
  <text>
    <lg type="song">
      <lg id="s1" type="stanza">
        <l id="s1:l1">Daer was laetstmael een ruiterken,</l>
        <l id="s1:l2">Die in het wijnhuis sat,</l>
        <l id="s1:l3">Hy en deed er niets dan praten</l>
        <l id="s1:l4">Van zijn schoon lief dat hy had:</l>
        <l id="s1:l5">&#8216;En ik heb er een lief, een overschoone maegd,</l>
        <l id="s1:l6">'k Zal zien by haer te geraken</l>
        <l id="s1:l7">Tot dat zy my liefde draegt.&#8217;</l>
      </lg>
      <lg id="s2" type="stanza">
        <l id="s2:l1">Het meisjen aen den trap</l>
        <l id="s2:l2">Al van de kamer stond,</l>
        <l id="s2:l3">Zy hoorde deze woorden</l>
        <l id="s2:l4">Uit haer schoon lief sijn mond;</l>
        <l id="s2:l5">En sy riep: &#8216;Ach, heere God van hier boven,</l>
        <l id="s2:l6">Geeft er my toch den zin</l>
        <l id="s2:l7">Dat ik den ruiter niet en laet in!&#8217;</l>
      </lg>
      <lg id="s3" type="stanza">
        <l id="s3:l1">Op eenen nacht men zag,</l>
        <l id="s3:l2">Al op den middernacht,</l>
        <l id="s3:l3">Op sijn schoon lief haer vensterken</l>
        <l id="s3:l4">Daer gaf hy eenen slag,</l>
        <l id="s3:l5">En hy riep: &#8216;Doet open mijn schoone vriendinne,</l>
        <l id="s3:l6">Doet open, mijn soete lief,</l>
        <l id="s3:l7">En laet er my inne.&#8217;</l>
      </lg>
      <lg id="s4" type="stanza">
        <l id="s4:l1">- &#8216;'k En doe er voorwaer niet open,</l>
        <l id="s4:l2">'k En laet er u niet in,</l>
        <l id="s4:l3">Ze klinkt my nog in de ooren</l>
        <l id="s4:l4">Uw trouweloose min.</l>
        <l id="s4:l5">En had ghy gister avond wat beter ghesweghen,</l>
        <l id="s4:l6">Ghy had nog desen nacht</l>
        <l id="s4:l7">In mijn arms gheleghen.&#8217;</l>
      </lg>
      <lg id="s5" type="stanza">
        <l id="s5:l1">- &#8216;Als ick gisteren avond</l>
        <l id="s5:l2">Al in het wijnhuis sat,</l>
        <l id="s5:l3">Schoon lief, dan was ick dronken,</l>
        <l id="s5:l4">Schoon lief, dan was ick sat.&#8217;</l>
        <l id="s5:l5">- &#8216;En ick ben hier verciert met roode sijde,</l>
        <l id="s5:l6">Ruiter, mijn wille staet vast,</l>
        <l id="s5:l7">Als 't u belieft, dan konde gy rijden.&#8217;</l>
      </lg>
      <lg id="s6" type="stanza">
        <l id="s6:l1">- &#8216;Waer wil ick henen rijden,</l>
        <l id="s6:l2">Waer wil ick henen gaen,</l>
        <l id="s6:l3">Schoon lief, het is so donker,</l>
        <l id="s6:l4">Alhier en schijnt geen maen,</l>
        <l id="s6:l5">Ja so donker, so donker al in den nacht,</l>
        <l id="s6:l6">Dat 'k schier niet kan vinden</l>
        <l id="s6:l7">Waer mijn jong hert naer tracht.&#8217;</l>
      </lg>
      <lg id="s7" type="stanza">
        <l id="s7:l1">- &#8216;Wel is het dan so donkere,</l>
        <l id="s7:l2">So donker in den nacht,</l>
        <l id="s7:l3">Dat gy niet en kont vinden</l>
        <l id="s7:l4">Waer dat uw hert naer tracht,</l>
        <l id="s7:l5">Sa, neemt er het peerdeken by den toom,</l>
        <l id="s7:l6">En laet het hier wat weiden</l>
        <l id="s7:l7">Onder den lindeboom.&#8217;</l>
      </lg>
      <lg id="s8" type="stanza">
        <l id="s8:l1">- &#8216;Ick sta hier als een peerele,</l>
        <l id="s8:l2">En dat seer hups daer by,</l>
        <l id="s8:l3">Van goude so blinckt mijn degene,</l>
        <l id="s8:l4">Mijn sabel aen mijn sy,</l>
        <l id="s8:l5">En van silver so blincken mijn sporen.&#8217;</l>
        <l id="s8:l6">- &#8216;Ruiter, mijn wille staet vast,</l>
        <l id="s8:l7">Al wat gy doet is moeite verloren.</l>
      </lg>
      <lg id="s9" type="stanza">
        <l id="s9:l1">Staet gy daer als een peerle</l>
        <l id="s9:l2">En dat heel hups en fijn,</l>
        <l id="s9:l3">Ick ben er hier van binnen</l>
        <l id="s9:l4">Frisch maegdeken allein.</l>
        <l id="s9:l5">Mijn gordijntje is gestrickt met roode sijde,</l>
        <l id="s9:l6">Ruiter, het is verloren gestaen,</l>
        <l id="s9:l7">Als 't u belieft, dan konde gy rijden.&#8217;</l>
      </lg>
      <lg id="s10" type="stanza">
        <l id="s10:l1">De ruiter wiert so gram,</l>
        <l id="s10:l2">En dacht in sijn gemoet,</l>
        <l id="s10:l3">Dat hy spronck op sijn peerdeken</l>
        <l id="s10:l4">En stampte 't met sijn voet,</l>
        <l id="s10:l5">En hy riep: &#8216;Adieu, schoon lief, tot eere,</l>
        <l id="s10:l6">Gy sijt er eens mijn lief geweest,</l>
        <l id="s10:l7">Maer nu sijt gij 't niet meere!&#8217;</l>
      </lg>
    </lg>
  </text>
</song>