<song>
  <meta>
    <id>122779</id>
    <date>
      <year-start>1848</year-start>
      <year-end>1848</year-end>
    </date>
    <location>
      <orginal-name>gent</orginal-name>
      <standard-name>Gent, Belgium</standard-name>
      <coordinates>
        <lon>51.0538286</lon>
        <lat>3.7250121</lat>
      </coordinates>
    </location>
    <tags>
      <tag standard-name="verhalend lied" translation="narrative song">verhalend lied</tag>
    </tags>
    <melody>Het zouden drie gespeeltjes goed</melody>
    <categories>
      <category translation="narratives">verhalen</category>
    </categories>
  <author>Anonymous</author></meta>
  <text>
    <lg type="song">
      <lg id="s1" type="stanza">
        <l id="s1:l1">Het ghinghen drie ghespeelkens goet</l>
        <l id="s1:l2">Spaceren in dat wout,</l>
        <l id="s1:l3">Sy waren alle drie bervoet,</l>
        <l id="s1:l4">Den haghel ende snee was cout.</l>
      </lg>
      <lg id="s2" type="stanza">
        <l id="s2:l1">Die een die weende sere,</l>
        <l id="s2:l2">Die ander hadde hupschen moet,</l>
        <l id="s2:l3">Die derde begonste te vraghen</l>
        <l id="s2:l4">Wat heimelick boelschap doet.</l>
      </lg>
      <lg id="s3" type="stanza">
        <l id="s3:l1">&#8216;Wat hebt ghy my te vraghen</l>
        <l id="s3:l2">Wat heimelick boelschap doet?</l>
        <l id="s3:l3">Het hebben drie ruitersche cnechten</l>
        <l id="s3:l4">Gheslaghen mijn lief ter doet.&#8217;</l>
      </lg>
      <lg id="s4" type="stanza">
        <l id="s4:l1">- &#8216;Hebben drie ruitersche cnechten</l>
        <l id="s4:l2">Gheslaghen uw lief ter doet?</l>
        <l id="s4:l3">Een ander boel sult ghy kiesen</l>
        <l id="s4:l4">Ende draghen hupschen moet.&#8217;</l>
      </lg>
      <lg id="s5" type="stanza">
        <l id="s5:l1">- &#8216;Soude ick een ander boel kiesen?</l>
        <l id="s5:l2">Dat doet mijn herte so we,</l>
        <l id="s5:l3">Adieu, mijn vader ende moeder,</l>
        <l id="s5:l4">Ghy en siet my nimmermeer.</l>
      </lg>
      <lg id="s6" type="stanza">
        <l id="s6:l1">Adieu, mijn vader ende moeder,</l>
        <l id="s6:l2">Ende mijn jongste susterkijn,</l>
        <l id="s6:l3">Ick wil gaen ter linde groene,</l>
        <l id="s6:l4">Daer leit die alderliefste mijn.&#8217;</l>
      </lg>
    </lg>
  </text>
</song>