<song>
  <meta>
    <id>122760</id>
    <date>
      <year-start>1848</year-start>
      <year-end>1848</year-end>
    </date>
    <location>
      <orginal-name>gent</orginal-name>
      <standard-name>Gent, Belgium</standard-name>
      <coordinates>
        <lon>51.0538286</lon>
        <lat>3.7250121</lat>
      </coordinates>
    </location>
    <tags>
      <tag standard-name="verhalend lied" translation="narrative song">verhalend lied</tag>
      <tag standard-name="liefdeslied" translation="love song">liefdeslied</tag>
    </tags>
    <melody />
    <categories>
      <category translation="love and sex">liefde en seks</category>
      <category translation="narratives">verhalen</category>
    </categories>
  <author>Anonymous</author></meta>
  <text>
    <lg type="song">
      <lg id="s1" type="stanza">
        <l id="s1:l1">Het voer een ridder jagen</l>
        <l id="s1:l2">Jaghen aen dat wout;</l>
        <l id="s1:l3">Hy en vant er niet te jagen</l>
        <l id="s1:l4">Dan twee schone maechden;</l>
        <l id="s1:l5">Sy waren van dagen niet out.</l>
      </lg>
      <lg id="s2" type="stanza">
        <l id="s2:l1">Hy seide: &#8216;God gruet u, maechdekens,</l>
        <l id="s2:l2">Een meysken wel gedaen,</l>
        <l id="s2:l3">Die scoenste van u beiden</l>
        <l id="s2:l4">Sall ick met my leyden:</l>
        <l id="s2:l5">Wildy met my gaen?&#8217;</l>
      </lg>
      <lg id="s3" type="stanza">
        <l id="s3:l1">Hy nam dat meysken byder hant,</l>
        <l id="s3:l2">Hy steldese op zijn pert,</l>
        <l id="s3:l3">Hy vuerdese al zo verre,</l>
        <l id="s3:l4">Bisijden die avontsterre,</l>
        <l id="s3:l5">Daer hoghe borghen staen.</l>
      </lg>
      <lg id="s4" type="stanza">
        <l id="s4:l1">Als hy ten hogen borge quam,</l>
        <l id="s4:l2">(Het was een edel man)</l>
        <l id="s4:l3">Hoge dede hi hem setten,</l>
        <l id="s4:l4">Een bedde dede hi hem decken;</l>
        <l id="s4:l5">Die slape hem verwan.</l>
      </lg>
      <lg id="s5" type="stanza">
        <l id="s5:l1">Tsnachts, omtrent die middernacht,</l>
        <l id="s5:l2">Ontspranc dat maechdeken:</l>
        <l id="s5:l3">- &#8216;Staet op, o ridder boude,</l>
        <l id="s5:l4">Vaert jagen inden woude,</l>
        <l id="s5:l5">Die vogelen wecken my.&#8217;</l>
      </lg>
      <lg id="s6" type="stanza">
        <l id="s6:l1">- &#8216;Ten is soe na den daghe niet,</l>
        <l id="s6:l2">Het is die manescijn.</l>
        <l id="s6:l3">Keert u, lieveken, omme,</l>
        <l id="s6:l4">Met uwen rooden monde,</l>
        <l id="s6:l5">Ende spreket tegen my!&#8217;</l>
      </lg>
      <lg id="s7" type="stanza">
        <l id="s7:l1">- &#8216;Dat en doen ick niet, dat laet ick staen,</l>
        <l id="s7:l2">Dat en doen ick zeker niet,</l>
        <l id="s7:l3">Ende ick sal gaen ter heyden</l>
        <l id="s7:l4">Mijn gespelen ontbeyden,</l>
        <l id="s7:l5">Daer zal ick een ander zien.</l>
      </lg>
      <lg id="s8" type="stanza">
        <l id="s8:l1">Gespeelken, lieve gespeelken goet,</l>
        <l id="s8:l2">Ick come tot u om raet;</l>
        <l id="s8:l3">My heeft een ridder beslapen;</l>
        <l id="s8:l4">Hy heeft my maecht gelaten:</l>
        <l id="s8:l5">Wat my te doene staet?&#8217;</l>
      </lg>
      <lg id="s9" type="stanza">
        <l id="s9:l1">- &#8216;Gespeelken, lieve gespeelken goet,</l>
        <l id="s9:l2">Ick sal u geven raet:</l>
        <l id="s9:l3">Ghy sult gaen ter linden,</l>
        <l id="s9:l4">Dat geele haer op binden,</l>
        <l id="s9:l5">Dat maechdekens welle staet.&#8217;</l>
      </lg>
      <lg id="s10" type="stanza">
        <l id="s10:l1">- &#8216;Dat en doen ick niet, dat laet ick staen,</l>
        <l id="s10:l2">Dat en doen ick seker niet;</l>
        <l id="s10:l3">Ick salt oeck laten hangen</l>
        <l id="s10:l4">Den ridder tsijnder scanden,</l>
        <l id="s10:l5">Dat hy my maechdeken liet.&#8217;</l>
      </lg>
    </lg>
  </text>
</song>