<song>
  <meta>
    <id>122799</id>
    <date>
      <year-start>1848</year-start>
      <year-end>1848</year-end>
    </date>
    <location>
      <orginal-name>gent</orginal-name>
      <standard-name>Gent, Belgium</standard-name>
      <coordinates>
        <lon>51.0538286</lon>
        <lat>3.7250121</lat>
      </coordinates>
    </location>
    <tags>
      <tag standard-name="afscheidslied" translation="farewell song">afscheidslied</tag>
    </tags>
    <melody />
    <categories>
      <category translation="occasions">gelegenheden</category>
    </categories>
  <author>Anonymous</author></meta>
  <text>
    <lg type="song">
      <lg id="s1" type="stanza">
        <l id="s1:l1">Wy willen nog niet scheiden,</l>
        <l id="s1:l2">Het is nog een paer uertjes te vroeg,</l>
        <l id="s1:l3">Den tijd willen my verbeiden</l>
        <l id="s1:l4">Van nu tot morgen vroeg.</l>
        <l id="s1:l5">Waer is er mijn liefje zoo lange geweest?</l>
        <l id="s1:l6">Ik ben er om harent wille</l>
        <l id="s1:l7">Zoo zeer verslagen geweest.</l>
      </lg>
      <lg id="s2" type="stanza">
        <l id="s2:l1">- &#8216;Zijt gy om harent wille</l>
        <l id="s2:l2">Zoo zeer verslagen geweest,</l>
        <l id="s2:l3">Ga maer naer huis toe stille</l>
        <l id="s2:l4">En toon u onbevreesd.</l>
        <l id="s2:l5">Want het rouwt my, en 't is my leed</l>
        <l id="s2:l6">Dat u dat mooije meisje</l>
        <l id="s2:l7">Zoo zeer bedrogen heeft.&#8217;</l>
      </lg>
      <lg id="s3" type="stanza">
        <l id="s3:l1">- &#8216;Ik ging nog gister avond</l>
        <l id="s3:l2">Zoo heimlijk aen den dans,</l>
        <l id="s3:l3">Al voor mijn zoete liefs deurtje,</l>
        <l id="s3:l4">Die ik er gesloten vand:</l>
        <l id="s3:l5">Ik roerde. ik klopte aen den ring,</l>
        <l id="s3:l6">Sta op, mijn allerliefste,</l>
        <l id="s3:l7">Sta op en laet my in.&#8217;</l>
      </lg>
      <lg id="s4" type="stanza">
        <l id="s4:l1">- &#8216;Ik doe voor u niet open,</l>
        <l id="s4:l2">En laet u ook niet in;</l>
        <l id="s4:l3">Mijn deurtje is gesloten,</l>
        <l id="s4:l4">En daer mag niemand in:</l>
        <l id="s4:l5">Daer leit er een ander veel liever als gy;</l>
        <l id="s4:l6">Ga thuiswaert liggen slapen</l>
        <l id="s4:l7">En peist er niet meer om my.&#8217;</l>
      </lg>
      <lg id="s5" type="stanza">
        <l id="s5:l1">- &#8216;Is daer een ander lief inne,</l>
        <l id="s5:l2">Die ik niet spreken mag?</l>
        <l id="s5:l3">Blijft by malkander in minne</l>
        <l id="s5:l4">En slaept te saem tot den dag;</l>
        <l id="s5:l5">Ik zal ras we&#234;r naer huis toe gaen:</l>
        <l id="s5:l6">Mijn koe staet ongemolken</l>
        <l id="s5:l7">En mijn werk ligt ongedaen.&#8217;</l>
      </lg>
    </lg>
  </text>
</song>