<song>
  <meta>
    <id>122859</id>
    <date>
      <year-start>1848</year-start>
      <year-end>1848</year-end>
    </date>
    <location>
      <orginal-name>gent</orginal-name>
      <standard-name>Gent, Belgium</standard-name>
      <coordinates>
        <lon>51.0538286</lon>
        <lat>3.7250121</lat>
      </coordinates>
    </location>
    <tags>
      <tag standard-name="afscheidslied" translation="farewell song">afscheidslied</tag>
    </tags>
    <melody />
    <categories>
      <category translation="occasions">gelegenheden</category>
    </categories>
  <author>Anonymous</author></meta>
  <text>
    <lg type="song">
      <lg id="s1" type="stanza">
        <l id="s1:l1">&#8216;Vaerwel, vaerwel, mijn soete lief,</l>
        <l id="s1:l2">Niet langher en can icker beiden;</l>
        <l id="s1:l3">Ick ga er so veer, en so veer van hier,</l>
        <l id="s1:l4">Ende also veer over der heiden.</l>
      </lg>
      <lg id="s2" type="stanza">
        <l id="s2:l1">Wel over der heiden, wel over den sant,</l>
        <l id="s2:l2">Met droeviger hert ende sinnen.</l>
        <l id="s2:l3">Wel mach ick gewinnen het vaderlant,</l>
        <l id="s2:l4">Maer trouwe liefde noit ghewinnen.&#8217;</l>
      </lg>
      <lg id="s3" type="stanza">
        <l id="s3:l1">- &#8216;En sietje niet bloeijen overal,</l>
        <l id="s3:l2">Niet bloeijen ende groeijen de bomen?</l>
        <l id="s3:l3">Ooc sal wel noch morghen de nachtegal</l>
        <l id="s3:l4">Met ander clein vogheltjes comen.</l>
      </lg>
      <lg id="s4" type="stanza">
        <l id="s4:l1">Sal singhen u over heide ende sant,</l>
        <l id="s4:l2">Gy sulter het singhen wel horen;</l>
        <l id="s4:l3">Hy singhet u tot in uw vaderlant</l>
        <l id="s4:l4">Wat trouwe liefde ghesworen.&#8217;</l>
      </lg>
      <lg id="s5" type="stanza">
        <l id="s5:l1">- &#8216;Nu hoor icker cleiner vogheltjes sanc,</l>
        <l id="s5:l2">Ende wandele over der heiden.</l>
        <l id="s5:l3">Nu doet my ooc al mijn leven lanc</l>
        <l id="s5:l4">So we ende so we het scheiden.&#8217;</l>
      </lg>
    </lg>
  </text>
</song>