<song>
  <meta>
    <id>122840</id>
    <date>
      <year-start>1848</year-start>
      <year-end>1848</year-end>
    </date>
    <location>
      <orginal-name>gent</orginal-name>
      <standard-name>Gent, Belgium</standard-name>
      <coordinates>
        <lon>51.0538286</lon>
        <lat>3.7250121</lat>
      </coordinates>
    </location>
    <tags>
      <tag standard-name="bespiegelend lied" translation="reflective song">bespiegelend lied</tag>
    </tags>
    <melody>Wilder dan wild</melody>
    <categories>
      <category translation="religion">godsdienst</category>
    </categories>
  <author>Anonymous</author></meta>
  <text>
    <lg type="song">
      <lg id="s1" type="stanza">
        <l id="s1:l1">Wilder dan wilt wie sal my temmen</l>
        <l id="s1:l2">Placht ick te roepen vroech en laet</l>
        <l id="s1:l3">Ick mach wel singen met droevige stemmen</l>
        <l id="s1:l4">Dat my fortuna tegen gaet.</l>
      </lg>
      <lg id="s2" type="stanza">
        <l id="s2:l1">My docht ik soude wel hebben gevlogen</l>
        <l id="s2:l2">Als eenen vogel in de locht;</l>
        <l id="s2:l3">Nu heb ick vrouw Venus borsten gesogen:</l>
        <l id="s2:l4">De liefde heeft my in lyden gebrocht.</l>
      </lg>
      <lg id="s3" type="stanza">
        <l id="s3:l1">Haer amoureusheyt, haer vrindelyck wesen,</l>
        <l id="s3:l2">Haer lippekens root als een corael,</l>
        <l id="s3:l3">Haer tandekens sijn uyt gelesen,</l>
        <l id="s3:l4">Haer stemmeken als eenen nachtegael.</l>
      </lg>
      <lg id="s4" type="stanza">
        <l id="s4:l1">Daer op heeft sy twee blosende kaken,</l>
        <l id="s4:l2">Haer hairken schoonder dan een goudt,</l>
        <l id="s4:l3">Twee schoon bruyn oogkens die vierich blaken:</l>
        <l id="s4:l4">Sy hert verheucht hem diese aenschoudt.</l>
      </lg>
      <lg id="s5" type="stanza">
        <l id="s5:l1">Haer handekens witter dan abast,</l>
        <l id="s5:l2">Haer nagelkens sijn seer fraey gesnoyt,</l>
        <l id="s5:l3">Myn hart verheucht als ickse tast,</l>
        <l id="s5:l4">Soo isser de liefde allenskens gegroyt.</l>
      </lg>
      <lg id="s6" type="stanza">
        <l id="s6:l1">Sy is er seer fraey en net van leden,</l>
        <l id="s6:l2">Haer halsken witter dan een swaen,</l>
        <l id="s6:l3">Haer borstkens ront ende wel besneden,</l>
        <l id="s6:l4">Als een godinne siet men se gaen.</l>
      </lg>
      <lg id="s7" type="stanza">
        <l id="s7:l1">Alle haer vrindelycke treken,</l>
        <l id="s7:l2">En haer amoureus gelaet,</l>
        <l id="s7:l3">Hebben mijn ionck herteken soo ontsteken</l>
        <l id="s7:l4">Dat ick nu ben heel desolaet.</l>
      </lg>
      <lg id="s8" type="stanza">
        <l id="s8:l1">By alle haer goede gratie</l>
        <l id="s8:l2">Soo heeft zy noch een dobbel hert;</l>
        <l id="s8:l3">Want ick lyde tot deser spatie</l>
        <l id="s8:l4">Om harent wille droefheyt en smert.</l>
      </lg>
      <lg id="s9" type="stanza">
        <l id="s9:l1">Schoon lief wilt doch eens overpeysen</l>
        <l id="s9:l2">Dat ick heb uwen mond gecust:</l>
        <l id="s9:l3">En dickwils tot diversche reysen</l>
        <l id="s9:l4">Heb(d)y mijnen brant geblust.</l>
      </lg>
      <lg id="s10" type="stanza">
        <l id="s10:l1">Maer hoe cont gy my nu doen vangen,</l>
        <l id="s10:l2">Waer heb ick dat aen u verdient?</l>
        <l id="s10:l3">Gy woudt wel dat ick waer gehangen:</l>
        <l id="s10:l4">Ick placht te wesen uwen vrient.</l>
      </lg>
      <lg id="s11" type="stanza">
        <l id="s11:l1">Schoon lief, is dit mijn recompense?</l>
        <l id="s11:l2">Gy hebt my doen ter vierschaer gaen</l>
        <l id="s11:l3">Vier of vijf werf, om mijn sentense,</l>
        <l id="s11:l4">Daer ick vijf uren heb lang gestaen.</l>
      </lg>
      <lg id="s12" type="stanza">
        <l id="s12:l1">Schoon lief, als gy dat volck siet loopen,</l>
        <l id="s12:l2">En gy hoort dat ick sterven moet,</l>
        <l id="s12:l3">Soo compt met eenen stoope gelopen,</l>
        <l id="s12:l4">Versaet u lief met mijnen bloet!</l>
      </lg>
      <lg id="s13" type="stanza">
        <l id="s13:l1">Die doot en soude ick niet beclagen</l>
        <l id="s13:l2">Dat sy my door een ander quaem;</l>
        <l id="s13:l3">Maer nu valtse my swaer om dragen,</l>
        <l id="s13:l4">Om dattet, lief, compt door uwen naem.</l>
      </lg>
      <lg id="s14" type="stanza">
        <l id="s14:l1">Schoon lief, wat sijt gy voor een vrouwe?</l>
        <l id="s14:l2">Hoe heeft u Nero soo verblint?</l>
        <l id="s14:l3">Gy woudt wel dat men sijn hooft af houwe</l>
        <l id="s14:l4">Die gy hadt neffens Godt bemint.</l>
      </lg>
      <lg id="s15" type="stanza">
        <l id="s15:l1">Waer is nu allen u caresse?</l>
        <l id="s15:l2">Waer is nu soo menigen eet?</l>
        <l id="s15:l3">Gy swoert te wesen mijn maitresse,</l>
        <l id="s15:l4">Wie dattet lief was oft leet;</l>
      </lg>
      <lg id="s16" type="stanza">
        <l id="s16:l1">Ja om vader oft om moeder,</l>
        <l id="s16:l2">Oft om mijnen naen (naem) voordaen,</l>
        <l id="s16:l3">Noch om suster noch om broeder,</l>
        <l id="s16:l4">U schoon lief niet af te staen.</l>
      </lg>
      <lg id="s17" type="stanza">
        <l id="s17:l1">Wat baten my u sneeuwitte handen</l>
        <l id="s17:l2">Al sijn sy suyver en delicaet?</l>
        <l id="s17:l3">Gy deckt my eer gy ontdeckt mijn schande,</l>
        <l id="s17:l4">Gy schrijft daermede mijn misdaet.</l>
      </lg>
      <lg id="s18" type="stanza">
        <l id="s18:l1">Maer als ick peyse op dese schoon woorden,</l>
        <l id="s18:l2">Waermede dat gy my hebt verdooft:</l>
        <l id="s18:l3">Maer nu toondy my sulcken discorde!</l>
        <l id="s18:l4">Och lief! ick en haddet noyt gelooft!</l>
      </lg>
      <lg id="s19" type="stanza">
        <l id="s19:l1">Lief, 't waer een schande dat ickt sou verhalen,</l>
        <l id="s19:l2">Hoe dat wy met malkanderen staen;</l>
        <l id="s19:l3">Maer nu comdy my beswaren!</l>
        <l id="s19:l4">'t En is, schoon lief, niet wel gedaen.</l>
      </lg>
      <lg id="s20" type="stanza">
        <l id="s20:l1">Maer nu gy my hebt versleten,</l>
        <l id="s20:l2">Als eenen bessem, daer men mede keert,</l>
        <l id="s20:l3">Maer nu ontdeckt gy mijn secreten!</l>
        <l id="s20:l4">Gy hebt my doen enielen voor het sweert.</l>
      </lg>
      <lg id="s21" type="stanza">
        <l id="s21:l1">Wat baten my u blosende kaken?</l>
        <l id="s21:l2">Wat baten my u bruyn oogen claer?</l>
        <l id="s21:l3">Want met u tonge gaet gy my laecken:</l>
        <l id="s21:l4">Gy woudt dat ick ontleden waer.</l>
      </lg>
      <lg id="s22" type="stanza">
        <l id="s22:l1">Ist dat sy mijn hooft afhouen,</l>
        <l id="s22:l2">Ick en ben daerom schelm of dief;</l>
        <l id="s22:l3">Ick sterf ter eeren van eender vrouwe:</l>
        <l id="s22:l4">Maer schoon ionge vrouwen die heb ick lief.</l>
      </lg>
      <lg id="s23" type="stanza">
        <l id="s23:l1">Oorlof, prince, adieu ten lesten,</l>
        <l id="s23:l2">My dunckt dat ick sterven moet.</l>
        <l id="s23:l3">My siele hoort Godt, het lijf is ten besten:</l>
        <l id="s23:l4">'t Is mijn lieveken diet my doet.</l>
      </lg>
    </lg>
  </text>
</song>