<song>
  <meta>
    <id>122832</id>
    <date>
      <year-start>1848</year-start>
      <year-end>1848</year-end>
    </date>
    <location>
      <orginal-name>gent</orginal-name>
      <standard-name>Gent, Belgium</standard-name>
      <coordinates>
        <lon>51.0538286</lon>
        <lat>3.7250121</lat>
      </coordinates>
    </location>
    <tags>
      <tag standard-name="verhalend lied" translation="narrative song">verhalend lied</tag>
      <tag standard-name="liefdeslied" translation="love song">liefdeslied</tag>
    </tags>
    <melody>Te mei als alle vogels zingen</melody>
    <categories>
      <category translation="love and sex">liefde en seks</category>
      <category translation="narratives">verhalen</category>
    </categories>
  <author>Anonymous</author></meta>
  <text>
    <lg type="song">
      <lg id="s1" type="stanza">
        <l id="s1:l1">Daer soud er een ruiterje vroeg uitrijen;</l>
        <l id="s1:l2">'t Was om een lantsheer sijn dochter te vrijen,</l>
        <l id="s1:l3">So ver aen gene groene heide:</l>
        <l id="s1:l4">De lantsheer doet hem gevangen geboeit</l>
        <l id="s1:l5">Op een hoogen toren leiden.</l>
      </lg>
      <lg id="s2" type="stanza">
        <l id="s2:l1">De ruiter heeft er seer luide gesongen:</l>
        <l id="s2:l2">- &#8216;Ik heb so menig stout ruiter gedwongen,</l>
        <l id="s2:l3">En nu sit ik hier gevangen;</l>
        <l id="s2:l4">De lantsheer heeft gesworen mijn doot</l>
        <l id="s2:l5">Dat hy my sal doen hangen.&#8217;</l>
      </lg>
      <lg id="s3" type="stanza">
        <l id="s3:l1">De lantheers dochter nog jong van jaren,</l>
        <l id="s3:l2">Sy hoorde den ruiter zoo droevelijk klagen,</l>
        <l id="s3:l3">En sy ging onder de muren:</l>
        <l id="s3:l4">- &#8216;Stout ruitertje dat gy sterven moet,</l>
        <l id="s3:l5">Och! dat doet mijn jong herte treuren.&#8217;</l>
      </lg>
      <lg id="s4" type="stanza">
        <l id="s4:l1">- &#8216;Mooi meisje kon gy er behouden mijn leven</l>
        <l id="s4:l2">Wat je begeerde soud ik u geven,</l>
        <l id="s4:l3">En ik soud er u met my leiden,</l>
        <l id="s4:l4">En voeren u op myn vaders slot,</l>
        <l id="s4:l5">Daer ik nooit van u sou scheiden.&#8217;</l>
      </lg>
      <lg id="s5" type="stanza">
        <l id="s5:l1">- &#8216;Stout ruiter uw bidden is al verloren,</l>
        <l id="s5:l2">Mijn vader heeft er uw doot gesworen,</l>
        <l id="s5:l3">Maer wilt ge my, soetelief, trouwen,</l>
        <l id="s5:l4">Ik heb u, stout ruiter, so seer bemind,</l>
        <l id="s5:l5">Dan sult gy uw lijf behouen.&#8217;</l>
      </lg>
      <lg id="s6" type="stanza">
        <l id="s6:l1">Sy liet haers vaders wachter ontbieden,</l>
        <l id="s6:l2">En liet haer vadertjes komst bespieden,</l>
        <l id="s6:l3">En sy liet den ruiter ontbinden:</l>
        <l id="s6:l4">Die sadelde daer een appelgrauw ros,</l>
        <l id="s6:l5">En reet heen met sijn beminde.</l>
      </lg>
    </lg>
  </text>
</song>