<song>
  <meta>
    <id>122846</id>
    <date>
      <year-start>1848</year-start>
      <year-end>1848</year-end>
    </date>
    <location>
      <orginal-name>gent</orginal-name>
      <standard-name>Gent, Belgium</standard-name>
      <coordinates>
        <lon>51.0538286</lon>
        <lat>3.7250121</lat>
      </coordinates>
    </location>
    <tags>
      <tag standard-name="verhalend lied" translation="narrative song">verhalend lied</tag>
    </tags>
    <melody>Aan de oever van een snelle vliet</melody>
    <categories>
      <category translation="narratives">verhalen</category>
    </categories>
  <author>Anonymous</author></meta>
  <text>
    <lg type="song">
      <lg id="s1" type="stanza">
        <l id="s1:l1">Aen d'oever van een snellen vliet</l>
        <l id="s1:l2">Een jeugdig meisken zat;</l>
        <l id="s1:l3">Zy weende en schreide van verdriet,</l>
        <l id="s1:l4">In 't gras van tranen nat.</l>
      </lg>
      <lg id="s2" type="stanza">
        <l id="s2:l1">Zy wierp de bloemkens die zy zag</l>
        <l id="s2:l2">Gestadig in den stroom;</l>
        <l id="s2:l3">Zy riep: &#8216;Ach, lieve vader, ach!</l>
        <l id="s2:l4">Ach, lieve broeder, koom!&#8217;</l>
      </lg>
      <lg id="s3" type="stanza">
        <l id="s3:l1">Een rijk man, wandlend langs den vliet</l>
        <l id="s3:l2">Bespeurt haer bittre smart.</l>
        <l id="s3:l3">Daer hy het meisken weenend ziet</l>
        <l id="s3:l4">Breekt zijn medoogend hart.</l>
      </lg>
      <lg id="s4" type="stanza">
        <l id="s4:l1">Hy sprak tot haer: &#8216;Wel lieve meid,</l>
        <l id="s4:l2">Spreek op, en wees niet schuw,</l>
        <l id="s4:l3">Zeg my waerom gy kermt en schreit,</l>
        <l id="s4:l4">Kant 't zijn zoo help ik u.&#8217;</l>
      </lg>
      <lg id="s5" type="stanza">
        <l id="s5:l1">Zy zuchtte en zag hem troostloos aen,</l>
        <l id="s5:l2">En sprak: &#8216;Ach brave man,</l>
        <l id="s5:l3">Een arme wees ziet gy hier staen,</l>
        <l id="s5:l4">Die God slechts helpen kan.</l>
      </lg>
      <lg id="s6" type="stanza">
        <l id="s6:l1">Ziet gy dat groene bergsken niet?</l>
        <l id="s6:l2">Daer is mijn moeders graf;</l>
        <l id="s6:l3">Ziet gy den oever van dees vliet?</l>
        <l id="s6:l4">Daer viel mijn vader af.</l>
      </lg>
      <lg id="s7" type="stanza">
        <l id="s7:l1">De felle stroom verwon hem dra,</l>
        <l id="s7:l2">Hy worstelde, en hy zonk;</l>
        <l id="s7:l3">Mijn broeder sprong hem achterna:</l>
        <l id="s7:l4">Eilaes, ook hy verdronk.</l>
      </lg>
      <lg id="s8" type="stanza">
        <l id="s8:l1">Nu vlucht ik 't weezenhutjen uit,</l>
        <l id="s8:l2">Waer niet dan jammer is.&#8217;</l>
        <l id="s8:l3">Zoo sprak zy hare klachten uit</l>
        <l id="s8:l4">In 't hart vol droefenis.</l>
      </lg>
      <lg id="s9" type="stanza">
        <l id="s9:l1">Hy zeide: &#8216;Klaeg niet, liefste kind,</l>
        <l id="s9:l2">Uw hart verdient geen pijn.</l>
        <l id="s9:l3">Ik wil uw broeder en uw vrind</l>
        <l id="s9:l4">En ook uw vader zijn.&#8217;</l>
      </lg>
      <lg id="s10" type="stanza">
        <l id="s10:l1">Hy nam ze minzaem by de hand</l>
        <l id="s10:l2">En noemde haer zijn bruid,</l>
        <l id="s10:l3">En deed haer, aen den waterkant</l>
        <l id="s10:l4">Haer weezenkle&#234;ren uit.</l>
      </lg>
      <lg id="s11" type="stanza">
        <l id="s11:l1">Zy heeft nu spijs en lekkren drank,</l>
        <l id="s11:l2">Al waer haer hart naer tracht.</l>
        <l id="s11:l3">Haer rijke man verdient wel dank</l>
        <l id="s11:l4">Dat hy zoo edel dacht!</l>
      </lg>
    </lg>
  </text>
</song>