<song>
  <meta>
    <id>122802</id>
    <date>
      <year-start>1848</year-start>
      <year-end>1848</year-end>
    </date>
    <location>
      <orginal-name>gent</orginal-name>
      <standard-name>Gent, Belgium</standard-name>
      <coordinates>
        <lon>51.0538286</lon>
        <lat>3.7250121</lat>
      </coordinates>
    </location>
    <tags>
      <tag standard-name="verhalend lied" translation="narrative song">verhalend lied</tag>
    </tags>
    <melody />
    <categories>
      <category translation="narratives">verhalen</category>
    </categories>
  <author>Anonymous</author></meta>
  <text>
    <lg type="song">
      <lg id="s1" type="stanza">
        <l id="s1:l1">Het was een clerxken dat ghinc ter scolen,</l>
        <l id="s1:l2">Sijn ierste lesken en const hy niet wel;</l>
        <l id="s1:l3">Sijn jonge dom herteken viel in dolen:</l>
        <l id="s1:l4">Sijn alderliefste en woude niet wel.</l>
        <l id="s1:l5">Maer, ruyters gheselle, ten mach niet sijn:</l>
        <l id="s1:l6">By u te comen waer my verdriet;</l>
        <l id="s1:l7">Wat ghy cloppet, ic en hore u niet.</l>
      </lg>
      <lg id="s2" type="stanza">
        <l id="s2:l1">Het ghinc dat gheselleken tsavonts uyt vryen,</l>
        <l id="s2:l2">Des avonts in den manescijn;</l>
        <l id="s2:l3">Hy clopte voer sijns lieveken doere,</l>
        <l id="s2:l4">Hy woude daer in gelaten sijn.</l>
        <l id="s2:l5">Maer, ruyters gheselle, ten mach niet sijn:</l>
        <l id="s2:l6">By u te comen waer my verdriet;</l>
        <l id="s2:l7">Wat ghy clopplet, ic en hore u niet.</l>
      </lg>
      <lg id="s3" type="stanza">
        <l id="s3:l1">Een ander boelken soude hy wel kiesen,</l>
        <l id="s3:l2">Dorst hy dat wel op aventure;</l>
        <l id="s3:l3">Maer hy ducht hy soude verliesen</l>
        <l id="s3:l4">So als hy dede te menegher ure.</l>
        <l id="s3:l5">Maer, ruyters gheselle, ten mach niet sijn:</l>
        <l id="s3:l6">By u te comen waer my verdriet;</l>
        <l id="s3:l7">Wat ghy cloppet, ic en hore u niet.</l>
      </lg>
      <lg id="s4" type="stanza">
        <l id="s4:l1">Gheselleken, als ghy noch gaet uyt vryen,</l>
        <l id="s4:l2">So denct altijt op vroukens duecht;</l>
        <l id="s4:l3">Dan muechdy draghen den scilt van prijse</l>
        <l id="s4:l4">Ende metten vrouwen sijn verhuecht.</l>
        <l id="s4:l5">Maer, ruyters gheselle, ten mach niet sijn:</l>
        <l id="s4:l6">By u te comen waer my verdriet;</l>
        <l id="s4:l7">Wat ghy cloppet, ic en hore u niet.</l>
      </lg>
    </lg>
  </text>
</song>