<song>
  <meta>
    <id>122824</id>
    <date>
      <year-start>1848</year-start>
      <year-end>1848</year-end>
    </date>
    <location>
      <orginal-name>gent</orginal-name>
      <standard-name>Gent, Belgium</standard-name>
      <coordinates>
        <lon>51.0538286</lon>
        <lat>3.7250121</lat>
      </coordinates>
    </location>
    <tags>
      <tag standard-name="verhalend lied" translation="narrative song">verhalend lied</tag>
    </tags>
    <melody>Van de timmerman</melody>
    <categories>
      <category translation="narratives">verhalen</category>
    </categories>
  <author>Anonymous</author></meta>
  <text>
    <lg type="song">
      <lg id="s1" type="stanza">
        <l id="s1:l1">&#8216;Ick hoorde een watertje ruiselen,</l>
        <l id="s1:l2">My docht het was de Rijn, ja Rijn.</l>
        <l id="s1:l3">Ick heb er te nacht gheslapen</l>
        <l id="s1:l4">By een bruin maechdelijn.&#8217;</l>
      </lg>
      <lg id="s2" type="stanza">
        <l id="s2:l1">- &#8216;Hebt ghy te nacht gheslapen</l>
        <l id="s2:l2">By een bruin maechdelijn, ja lijn,</l>
        <l id="s2:l3">Dats morghen sult ghy hanghen</l>
        <l id="s2:l4">Al aen een galleghelijn.&#8217;</l>
      </lg>
      <lg id="s3" type="stanza">
        <l id="s3:l1">- &#8216;Waerom so soude ick hanghen?</l>
        <l id="s3:l2">Ick ben voorwaer geen dief, ja dief;</l>
        <l id="s3:l3">Het hertje van mijn jonc leven</l>
        <l id="s3:l4">Heeft schone joncvroutjes lief.&#8217;</l>
      </lg>
      <lg id="s4" type="stanza">
        <l id="s4:l1">Ende dat verhoorde een vroutje,</l>
        <l id="s4:l2">So rijken lantsheer sijn wijf, ja wijf;</l>
        <l id="s4:l3">Sy liet haer paerdeken sadelen,</l>
        <l id="s4:l4">'t Was om den schrijver sijn lijf.</l>
      </lg>
      <lg id="s5" type="stanza">
        <l id="s5:l1">Doe dat paert ghesadelt was,</l>
        <l id="s5:l2">De spore was aenghedaen, ja daen,</l>
        <l id="s5:l3">Doe moest dat lose schryvertje</l>
        <l id="s5:l4">Ter galge opwaert gaen.</l>
      </lg>
      <lg id="s6" type="stanza">
        <l id="s6:l1">Maer doen hy op de leder clam,</l>
        <l id="s6:l2">Al op de derde trap, ja trap,</l>
        <l id="s6:l3">Hy keec so dickmaels omme</l>
        <l id="s6:l4">Offer niemant voor hem bat.</l>
      </lg>
      <lg id="s7" type="stanza">
        <l id="s7:l1">&#8216;Mijn heren, sei sy, mijn heren,</l>
        <l id="s7:l2">Wilt doch een woort verstaen, ja staen,</l>
        <l id="s7:l3">Of daer een goelick vroutje</l>
        <l id="s7:l4">Quam voor uw beddeken staen?&#8217;</l>
      </lg>
      <lg id="s8" type="stanza">
        <l id="s8:l1">- &#8216;Dat daer een goelick vrouwetje</l>
        <l id="s8:l2">Quam voor mijn betje staen, ja staen,</l>
        <l id="s8:l3">Ick souse so heimelick kussen,</l>
        <l id="s8:l4">In mijn blanc arm ontfa&#234;n.&#8217;</l>
      </lg>
      <lg id="s9" type="stanza">
        <l id="s9:l1">- &#8216;Sout ghise so heimelick cussen,</l>
        <l id="s9:l2">In uw blanc arm ontfa&#234;n, ja faen,</l>
        <l id="s9:l3">So heeft dat lose schrijvertje</l>
        <l id="s9:l4">Ooc anders niet misdaen.&#8217;</l>
      </lg>
      <lg id="s10" type="stanza">
        <l id="s10:l1">- &#8216;Com af, com af, loos schrijvertje,</l>
        <l id="s10:l2">Behouden is uw lijf, ja lijf;</l>
        <l id="s10:l3">Dat heeft gedaen een vroutje,</l>
        <l id="s10:l4">So rijken lantsheer sijn wijf.&#8217;</l>
      </lg>
      <lg id="s11" type="stanza">
        <l id="s11:l1">- &#8216;Heeft dat gedaen een vroutje,</l>
        <l id="s11:l2">So rijken lantsheer sijn wijf,</l>
        <l id="s11:l3">Behouden moet si haer eertje</l>
        <l id="s11:l4">Ende ick mijn jonghe lijf.&#8217;</l>
      </lg>
    </lg>
  </text>
</song>