<song>
  <meta>
    <id>122855</id>
    <date>
      <year-start>1848</year-start>
      <year-end>1848</year-end>
    </date>
    <location>
      <orginal-name>gent</orginal-name>
      <standard-name>Gent, Belgium</standard-name>
      <coordinates>
        <lon>51.0538286</lon>
        <lat>3.7250121</lat>
      </coordinates>
    </location>
    <tags>
      <tag standard-name="dialooglied" translation="dialogue song">dialooglied</tag>
      <tag standard-name="liefdeslied" translation="love song">liefdeslied</tag>
    </tags>
    <melody />
    <categories>
      <category translation="love and sex">liefde en seks</category>
      <category translation="formal genres">formele genres</category>
    </categories>
  <author>Anonymous</author></meta>
  <text>
    <lg type="song">
      <lg id="s1" type="stanza">
        <l id="s1:l1">&#8216;Ik klomer den boom al op</l>
        <l id="s1:l2">En die mi te hooge was,</l>
        <l id="s1:l3">De takjes braken aen stucken,</l>
        <l id="s1:l4">En ik viel in het gras.</l>
      </lg>
      <lg id="s2" type="stanza">
        <l id="s2:l1">Lief, wilt gi met mi rijden?</l>
        <l id="s2:l2">Lief, wilt gi met mi gaen?</l>
        <l id="s2:l3">Ik zalder jou henen leiden</l>
        <l id="s2:l4">Daer de geele goudroosjes staen.&#8217;</l>
      </lg>
      <lg id="s3" type="stanza">
        <l id="s3:l1">- &#8216;Ik wilder niet met jou rijden,</l>
        <l id="s3:l2">Ik wilder niet met jou gaen,</l>
        <l id="s3:l3">Mijn moeder zouder mi schelden,</l>
        <l id="s3:l4">Mijn vader zou mi slaen.&#8217;</l>
      </lg>
      <lg id="s4" type="stanza">
        <l id="s4:l1">- &#8216;Waerom zou moeder jou schelden?</l>
        <l id="s4:l2">Waerom zou vader jou slaen?</l>
        <l id="s4:l3">Gy hebt de geele goudroosjes</l>
        <l id="s4:l4">Voorwaer geen leed gedaen.&#8217;</l>
      </lg>
    </lg>
  </text>
</song>