<song>
  <meta>
    <id>122829</id>
    <date>
      <year-start>1848</year-start>
      <year-end>1848</year-end>
    </date>
    <location>
      <orginal-name>gent</orginal-name>
      <standard-name>Gent, Belgium</standard-name>
      <coordinates>
        <lon>51.0538286</lon>
        <lat>3.7250121</lat>
      </coordinates>
    </location>
    <tags>
      <tag standard-name="verhalend lied" translation="narrative song">verhalend lied</tag>
      <tag standard-name="vermaanlied" translation="admonitory song">vermaanlied</tag>
    </tags>
    <melody>Als alle akers rijpen</melody>
    <categories>
      <category translation="narratives">verhalen</category>
      <category translation="religion">godsdienst</category>
    </categories>
  <author>Anonymous</author></meta>
  <text>
    <lg type="song">
      <lg id="s1" type="stanza">
        <l id="s1:l1">Het soud' een suyverlijcke</l>
        <l id="s1:l2">Des avonds gaen om wijn,</l>
        <l id="s1:l3">'s Avonds wel also late.</l>
        <l id="s1:l4">De Ruyter quam haer te sprake</l>
        <l id="s1:l5">En hy hietense wellekom zijn.</l>
      </lg>
      <lg id="s2" type="stanza">
        <l id="s2:l1">Hy nam de suyverlijke</l>
        <l id="s2:l2">By haer sneewitte hant,</l>
        <l id="s2:l3">Hy settese aen zijn zijde;</l>
        <l id="s2:l4">Wat hy dede sy moest het lijden,</l>
        <l id="s2:l5">Haer eertjen en duerde niet langh.</l>
      </lg>
      <lg id="s3" type="stanza">
        <l id="s3:l1">Maer doe de stoute Ruyter</l>
        <l id="s3:l2">Zijn wille hadde gedaen,</l>
        <l id="s3:l3">Hy seyd: &#8216;Wel schoon Jonckvrouwe,</l>
        <l id="s3:l4">Had gy u eertjen behouwen!</l>
        <l id="s3:l5">Ghy meugt wel t'huyswaert gaen.</l>
      </lg>
      <lg id="s4" type="stanza">
        <l id="s4:l1">- &#8216;Waer sal ick henen rijden?</l>
        <l id="s4:l2">Waer sal ick henen gaen?</l>
        <l id="s4:l3">Had gy my maget gelaten,</l>
        <l id="s4:l4">Een maeghdeken van der straten,</l>
        <l id="s4:l5">Ghy had veel beter gedaen.&#8217;</l>
      </lg>
      <lg id="s5" type="stanza">
        <l id="s5:l1">- &#8216;Had ick u maegt gelaten,</l>
        <l id="s5:l2">Een maegt so ick u vant,</l>
        <l id="s5:l3">Ghy sout fier zijn boven geschreven,</l>
        <l id="s5:l4">Ghy en waert geen maegt gebleven,</l>
        <l id="s5:l5">Want de somer is noch langh.&#8217;</l>
      </lg>
      <lg id="s6" type="stanza">
        <l id="s6:l1">De maegt die keerde haer omme,</l>
        <l id="s6:l2">Eenen gang is sy gegaen:</l>
        <l id="s6:l3">Sy ging haer moeder vragen,</l>
        <l id="s6:l4">Of sy over den Ruyter wou klagen,</l>
        <l id="s6:l5">Want hy had haer groot leyt gedaen.</l>
      </lg>
      <lg id="s7" type="stanza">
        <l id="s7:l1">Men nam den stouten Ruyter</l>
        <l id="s7:l2">Gevangen gelijck een dief,</l>
        <l id="s7:l3">Al tusschen twee heeren knapen;</l>
        <l id="s7:l4">Schoon spreken mogt hem niet baten,</l>
        <l id="s7:l5">Gevangen so moest hy zijn.</l>
      </lg>
      <lg id="s8" type="stanza">
        <l id="s8:l1">Men deed' den Ruyter leggen</l>
        <l id="s8:l2">Al op eene pyne-banck,</l>
        <l id="s8:l3">De pyn-bank was so kleyne,</l>
        <l id="s8:l4">Dat dede den Ruyter weyne,</l>
        <l id="s8:l5">Dat lagh onder 's Heeren bedwanck.</l>
      </lg>
      <lg id="s9" type="stanza">
        <l id="s9:l1">Men dede den Ruyter knielen</l>
        <l id="s9:l2">Al voor dat blanke zweert.</l>
        <l id="s9:l3">Gesellen wilt dit onthouwen,</l>
        <l id="s9:l4">Dit komt van schoone vrouwen:</l>
        <l id="s9:l5">Laetse varen diese niet begeert.</l>
      </lg>
    </lg>
  </text>
</song>