<song>
  <meta>
    <id>122825</id>
    <date>
      <year-start>1848</year-start>
      <year-end>1848</year-end>
    </date>
    <location>
      <orginal-name>gent</orginal-name>
      <standard-name>Gent, Belgium</standard-name>
      <coordinates>
        <lon>51.0538286</lon>
        <lat>3.7250121</lat>
      </coordinates>
    </location>
    <tags>
      <tag standard-name="verhalend lied" translation="narrative song">verhalend lied</tag>
      <tag standard-name="liefdeslied" translation="love song">liefdeslied</tag>
    </tags>
    <melody />
    <categories>
      <category translation="love and sex">liefde en seks</category>
      <category translation="narratives">verhalen</category>
    </categories>
  <author>Anonymous</author></meta>
  <text>
    <lg type="song">
      <lg id="s1" type="stanza">
        <l id="s1:l1">Het was een Jager, een Weyman goet,</l>
        <l id="s1:l2">En al op 's Heeren straten,</l>
        <l id="s1:l3">Hy reeder al voor een Rijckmans deur,</l>
        <l id="s1:l4">Daer word hy in gelaten.</l>
      </lg>
      <lg id="s2" type="stanza">
        <l id="s2:l1">De vader hiete hem inne henen gaen,</l>
        <l id="s2:l2">De dochter hiete hem stille staen.</l>
        <l id="s2:l3">&#8216;Als er mijn vader is slapen gegaen</l>
        <l id="s2:l4">So sal ick u Jager hier inlaten.&#8217;</l>
      </lg>
      <lg id="s3" type="stanza">
        <l id="s3:l1">- &#8216;Als u Vader is slapen gegaen,</l>
        <l id="s3:l2">Sou gy my Jager dan in laten?</l>
        <l id="s3:l3">Uw Ouders die zijn also rijck,</l>
        <l id="s3:l4">Sy sullen dat niet toelaten.&#8217;</l>
      </lg>
      <lg id="s4" type="stanza">
        <l id="s4:l1">- &#8216;Maer dat mijn Vader een rijck man is,</l>
        <l id="s4:l2">Laet u dat, Jager, niet rouwen;</l>
        <l id="s4:l3">So steekter eens uyt u jagers handt,</l>
        <l id="s4:l4">En schenkt my, Jager, uw trouwe.&#8217;</l>
      </lg>
      <lg id="s5" type="stanza">
        <l id="s5:l1">- &#8216;Sou ick uytsteken mijn rechterhant,</l>
        <l id="s5:l2">En schenken u mijn trouwe?</l>
        <l id="s5:l3">Kom, laet ons morgen vroegh opstaen,</l>
        <l id="s5:l4">En spanceeren al door den douwe.&#8217;</l>
      </lg>
      <lg id="s6" type="stanza">
        <l id="s6:l1">'s Morgens vroeg, alst was schoon dag,</l>
        <l id="s6:l2">De Vader sou uyt jagen rijden,</l>
        <l id="s6:l3">Daer vant hy sijn jongste dochter staen</l>
        <l id="s6:l4">Met den Jager aen haer zijde.</l>
      </lg>
      <lg id="s7" type="stanza">
        <l id="s7:l1">Hy sey: &#8216;Godt groet u, Jager stout,</l>
        <l id="s7:l2">En tsa! wilt u gevangen geven,</l>
        <l id="s7:l3">In Overlant daer staet so hoogen boom,</l>
        <l id="s7:l4">Daer sult gy laten u jongh leven.&#8217;</l>
      </lg>
      <lg id="s8" type="stanza">
        <l id="s8:l1">- &#8216;Staet in Overlant so hoogen boom,</l>
        <l id="s8:l2">Sal ick daer laten mijn leven?</l>
        <l id="s8:l3">Ick heb het niet tegen haer wil gedaen,</l>
        <l id="s8:l4">Sy heeft my vry consent gegeven.&#8217;</l>
      </lg>
      <lg id="s9" type="stanza">
        <l id="s9:l1">- &#8216;Heb gy 't niet tegen haer wil gedaen,</l>
        <l id="s9:l2">Heeft sy u consent gegeven?</l>
        <l id="s9:l3">In Overlant staet so hogen huys,</l>
        <l id="s9:l4">Daer sult gy, Jager, heer of wesen.&#8217;</l>
      </lg>
      <lg id="s10" type="stanza">
        <l id="s10:l1">- &#8216;Staet in Overlant so hogen huys,</l>
        <l id="s10:l2">Zal ick daer heer af wesen?</l>
        <l id="s10:l3">Dat heb ick gewonnen met jagen stout,</l>
        <l id="s10:l4">En met mijn frisse jonge leden.</l>
      </lg>
      <lg id="s11" type="stanza">
        <l id="s11:l1">Nu raed ik alle jagers stout,</l>
        <l id="s11:l2">Die uyt jagen willen rijden,</l>
        <l id="s11:l3">Dat sy vry dragen so goeden moet</l>
        <l id="s11:l4">Met een moy meysjen aen haer zijden.</l>
      </lg>
    </lg>
  </text>
</song>