<song>
  <meta>
    <id>123060</id>
    <date>
      <year-start>1848</year-start>
      <year-end>1848</year-end>
    </date>
    <location>
      <orginal-name>gent</orginal-name>
      <standard-name>Gent, Belgium</standard-name>
      <coordinates>
        <lon>51.0538286</lon>
        <lat>3.7250121</lat>
      </coordinates>
    </location>
    <tags>
      <tag standard-name="liefdeslied" translation="love song">liefdeslied</tag>
      <tag standard-name="liefdesklacht" translation="love complaint">liefdesklacht</tag>
    </tags>
    <melody>Ik vrijde een vrouwtje</melody>
    <categories>
      <category translation="love and sex">liefde en seks</category>
    </categories>
  <author>Anonymous</author></meta>
  <text>
    <lg type="song">
      <lg id="s1" type="stanza">
        <l id="s1:l1">Ik vrijdde een vrouken alsoo fijn,</l>
        <l id="s1:l2">En droeg haer goede minne,</l>
        <l id="s1:l3">Die al verteerde tgoeyken mijn;</l>
        <l id="s1:l4">Want sy was loos van zinne.</l>
        <l id="s1:l5">Sy zey: &#8216;komt naer,</l>
        <l id="s1:l6">Schoon lief eerbaer,</l>
        <l id="s1:l7">Wy willen vreught ontsluiten!&#8217;</l>
        <l id="s1:l8">Ic ghinc tot haer,</l>
        <l id="s1:l9">Om 't aenschijn claer,</l>
        <l id="s1:l10">Maer 't meysken sloot my buiten.</l>
      </lg>
      <lg id="s2" type="stanza">
        <l id="s2:l1">Al is mijn mantel zeer gescheurt,</l>
        <l id="s2:l2">Schoon lief, 'k en kans beweeren;</l>
        <l id="s2:l3">Al gaen ik begaet, ghelapt, ghescheurt,</l>
        <l id="s2:l4">Gy hielpet al verteeren.</l>
        <l id="s2:l5">Al was ic noyt</l>
        <l id="s2:l6">Aldus beroyt,</l>
        <l id="s2:l7">Al drage ic ydel borsen,</l>
        <l id="s2:l8">Al ist vertoyt,</l>
        <l id="s2:l9">Verteert, verpoyt,</l>
        <l id="s2:l10">'k En ben noch niet vervorsen.</l>
      </lg>
      <lg id="s3" type="stanza">
        <l id="s3:l1">Schoon liefken, hebbict al verdaen,</l>
        <l id="s3:l2">Peinst op voorleden tijden:</l>
        <l id="s3:l3">By u hebbic de scade ontfaen,</l>
        <l id="s3:l4">Laet my toch noch verblijden.&#8217;</l>
        <l id="s3:l5">- &#8216;Zeg my 't bediet</l>
        <l id="s3:l6">Hoe ist gheschiet?</l>
        <l id="s3:l7">Ic hield u vol van trouwen&#8217;</l>
        <l id="s3:l8">- &#8216;Al bleef my niet,</l>
        <l id="s3:l9">Alsoo gy ziet,</l>
        <l id="s3:l10">Ic heb toch iet behouwen!&#8217;</l>
      </lg>
    </lg>
  </text>
</song>