<song>
  <meta>
    <id>123078</id>
    <date>
      <year-start>1848</year-start>
      <year-end>1848</year-end>
    </date>
    <location>
      <orginal-name>gent</orginal-name>
      <standard-name>Gent, Belgium</standard-name>
      <coordinates>
        <lon>51.0538286</lon>
        <lat>3.7250121</lat>
      </coordinates>
    </location>
    <tags>
      <tag standard-name="verhalend lied" translation="narrative song">verhalend lied</tag>
    </tags>
    <melody>Wilder dan wild</melody>
    <categories>
      <category translation="narratives">verhalen</category>
    </categories>
  <author>Anonymous</author></meta>
  <text>
    <lg type="song">
      <lg id="s1" type="stanza">
        <l id="s1:l1">&#8216;O roosken root, vol melodyen,</l>
        <l id="s1:l2">Mijn jonk hert hebdy in u bedwanck:</l>
        <l id="s1:l3">Mogt ik my eens gaen vermeyen</l>
        <l id="s1:l4">Alwaer de liefste te wonen plag.&#8217;</l>
      </lg>
      <lg id="s2" type="stanza">
        <l id="s2:l1">Pieronelle liet een keurken maken,</l>
        <l id="s2:l2">Daertoe een lijfje met fijn fluweel:</l>
        <l id="s2:l3">Haer koussen waren root scharlaken,</l>
        <l id="s2:l4">Haer schoenen na de nieuwe snee.</l>
      </lg>
      <lg id="s3" type="stanza">
        <l id="s3:l1">Alsdoe is zy haer gaen vermeyen</l>
        <l id="s3:l2">Alwaer de schoone bloemen staen.</l>
        <l id="s3:l3">Met datse kwam aen de groen heyen</l>
        <l id="s3:l4">Kwamen daer drie Francoysen aen.</l>
      </lg>
      <lg id="s4" type="stanza">
        <l id="s4:l1">Sy seyden: &#8216;Suyver schoon jonkvrouwen,</l>
        <l id="s4:l2">Ghy zijt gekleet op 't nieu fatsoen,</l>
        <l id="s4:l3">Soudy den lantsknecht niet willen trouwen,</l>
        <l id="s4:l4">Met hem spanceeren gaen in 't groen?&#8217;</l>
      </lg>
      <lg id="s5" type="stanza">
        <l id="s5:l1">Maer Pieronel docht te selve uere,</l>
        <l id="s5:l2">&#8216;Het dunkt my fraye gasten te zijn;</l>
        <l id="s5:l3">Ik wil met haer gaen avontueren,</l>
        <l id="s5:l4">Zy drinken garen den koelen wijn.&#8217;</l>
      </lg>
      <lg id="s6" type="stanza">
        <l id="s6:l1">Pieronel had drie broeders kloeke,</l>
        <l id="s6:l2">Die waren alsoo fier van moedt;</l>
        <l id="s6:l3">Zy gingen Pieronelle zoeken,</l>
        <l id="s6:l4">Al soudet kosten haer herten bloedt.</l>
      </lg>
      <lg id="s7" type="stanza">
        <l id="s7:l1">Sy sochten door bosch en heye;</l>
        <l id="s7:l2">Op 't laetste quam sy voor den dagh,</l>
        <l id="s7:l3">En sy reedt op een hackenye,</l>
        <l id="s7:l4">Die sy daerna te drincken gaf.</l>
      </lg>
      <lg id="s8" type="stanza">
        <l id="s8:l1">Doe hoorde sy de akers klincken,</l>
        <l id="s8:l2">Daer sy 't paerdeken schanck:</l>
        <l id="s8:l3">Sy liet haer hackenye drincken,</l>
        <l id="s8:l4">Al uyt een klare fonteyne blanck.</l>
      </lg>
      <lg id="s9" type="stanza">
        <l id="s9:l1">Sy gingen aen met schoone woorden,</l>
        <l id="s9:l2">Schoone woorden vielen daer confuys.</l>
        <l id="s9:l3">En seyden: &#8216;Suster Pieronelle,</l>
        <l id="s9:l4">Wildy met ons niet we&#234;r naer huys?&#8217;</l>
      </lg>
      <lg id="s10" type="stanza">
        <l id="s10:l1">- &#8216;O broeder, seyde sy, broeder bouwe,</l>
        <l id="s10:l2">Na Duytslant daer en kom ick niet:</l>
        <l id="s10:l3">Hadt mijn vader my laten trouwen,</l>
        <l id="s10:l4">Ick waer in de schande niet.</l>
      </lg>
      <lg id="s11" type="stanza">
        <l id="s11:l1">Ick wil niet t'huys al om de werelt,</l>
        <l id="s11:l2">Veel minder om de schande breyt.</l>
        <l id="s11:l3">Het volk sou seggen daer komt pieronelle,</l>
        <l id="s11:l4">Die van de Francoysen is weg geleyt.</l>
      </lg>
      <lg id="s12" type="stanza">
        <l id="s12:l1">Dan groet my mijne moeder seere,</l>
        <l id="s12:l2">Mijn lieve suster Magriete mee;</l>
        <l id="s12:l3">Dat sy haer eerken bet bestelle,</l>
        <l id="s12:l4">Als Petronelle haer suster dee.</l>
      </lg>
      <lg id="s13" type="stanza">
        <l id="s13:l1">Dan groet mijn moeder (uyt)verkooren:</l>
        <l id="s13:l2">Mijn vader en acht ik saen,</l>
        <l id="s13:l3">Of ick mijn eer schoon had verlooren,</l>
        <l id="s13:l4">Sou ick dan moeten barvoets gaen?</l>
      </lg>
      <lg id="s14" type="stanza">
        <l id="s14:l1">Ick bid u, broeders in 't gemeene,</l>
        <l id="s14:l2">En zegt dit mijnen vader niet,</l>
        <l id="s14:l3">Maer raet mijn jongste zuster kleene,</l>
        <l id="s14:l4">Dat sy wat beter voor haer siet.</l>
      </lg>
      <lg id="s15" type="stanza">
        <l id="s15:l1">Gy zijt mijne gebroeders stoute,</l>
        <l id="s15:l2">Die also geerne by nachte gaen,</l>
        <l id="s15:l3">By daegh kont gy met u lief niet kouten,</l>
        <l id="s15:l4">Dat hebben clappers tongen gedaen.&#8217;</l>
      </lg>
      <lg id="s16" type="stanza">
        <l id="s16:l1">Sy stack haer peerdeken met spooren,</l>
        <l id="s16:l2">Reed over bergen ende dal;</l>
        <l id="s16:l3">Zy reed so menige stoute mijle,</l>
        <l id="s16:l4">Tot datse by de Francoysen quam.</l>
      </lg>
      <lg id="s17" type="stanza">
        <l id="s17:l1">Wie Pieronelle wil aenschouwen,</l>
        <l id="s17:l2">Komt tot Antwerpen in den Kroon;</l>
        <l id="s17:l3">Daer staetse gemaelt van fijnen gouden,</l>
        <l id="s17:l4">Aen beyde zijden even schoon.</l>
      </lg>
    </lg>
  </text>
</song>