<song>
  <meta>
    <id>123066</id>
    <date>
      <year-start>1848</year-start>
      <year-end>1848</year-end>
    </date>
    <location>
      <orginal-name>gent</orginal-name>
      <standard-name>Gent, Belgium</standard-name>
      <coordinates>
        <lon>51.0538286</lon>
        <lat>3.7250121</lat>
      </coordinates>
    </location>
    <tags>
      <tag standard-name="verhalend lied" translation="narrative song">verhalend lied</tag>
      <tag standard-name="liefdeslied" translation="love song">liefdeslied</tag>
    </tags>
    <melody />
    <categories>
      <category translation="love and sex">liefde en seks</category>
      <category translation="narratives">verhalen</category>
    </categories>
  <author>Anonymous</author></meta>
  <text>
    <lg type="song">
      <lg id="s1" type="stanza">
        <l id="s1:l1">Ic reed eenmael in een bosschedal,</l>
        <l id="s1:l2">Ic vont gescreven overal</l>
        <l id="s1:l3">Hoe dat een scoon maechdeken waer,</l>
        <l id="s1:l4">Te Bruunswijc staet een hoghe huus</l>
        <l id="s1:l5">Daer ic so gaerne waer.</l>
      </lg>
      <lg id="s2" type="stanza">
        <l id="s2:l1">Te Bruunswijc staet een hoghe huus,</l>
        <l id="s2:l2">Daer siet een fijn maecht ter venster uut</l>
        <l id="s2:l3">Met haer bruun oghen claer;</l>
        <l id="s2:l4">Die selfde maecht wil ic hebben,</l>
        <l id="s2:l5">'t Coste mi wat het wil.</l>
      </lg>
      <lg id="s3" type="stanza">
        <l id="s3:l1">Si sach mi over doxel an,</l>
        <l id="s3:l2">Si seit ic waer gheen edelman,</l>
        <l id="s3:l3">Ic en waer niet haer ghelike;</l>
        <l id="s3:l4">Si wil hebben een edelman,</l>
        <l id="s3:l5">Een scoon ende ooc een rike.</l>
      </lg>
      <lg id="s4" type="stanza">
        <l id="s4:l1">Joncfrouken laet mi onbeghect!</l>
        <l id="s4:l2">Ic ben mijns goets een arm knecht,</l>
        <l id="s4:l3">Ic waer wel uws ghelike:</l>
        <l id="s4:l4">Een rijc coopman wort wel arm,</l>
        <l id="s4:l5">Een arm lantsknecht wort wel rike.</l>
      </lg>
      <lg id="s5" type="stanza">
        <l id="s5:l1">Adieu ioncfrouwe! ic vaer daer heer,</l>
        <l id="s5:l2">Ic sette u al in mijn deer</l>
        <l id="s5:l3">Door enen rosengaerde,</l>
        <l id="s5:l4">Daer sal ic u wachten eene cleine wijl,</l>
        <l id="s5:l5">Daer sal ic u verwachten.</l>
      </lg>
    </lg>
  </text>
</song>