<song>
  <meta>
    <id>123073</id>
    <date>
      <year-start>1848</year-start>
      <year-end>1848</year-end>
    </date>
    <location>
      <orginal-name>gent</orginal-name>
      <standard-name>Gent, Belgium</standard-name>
      <coordinates>
        <lon>51.0538286</lon>
        <lat>3.7250121</lat>
      </coordinates>
    </location>
    <tags>
      <tag standard-name="drinklied" translation="drinking song">drinklied</tag>
      <tag standard-name="liefdesklacht" translation="love complaint">liefdesklacht</tag>
    </tags>
    <melody>Ik drink de nieuwe most</melody>
    <categories>
      <category translation="love and sex">liefde en seks</category>
      <category translation="amusement">vermaak</category>
    </categories>
  <author>Anonymous</author></meta>
  <text>
    <lg type="song">
      <lg id="s1" type="stanza">
        <l id="s1:l1">Ik drink den nieuwen most,</l>
        <l id="s1:l2">'k En vraeg niet wat hy kost;</l>
        <l id="s1:l3">'t Is my al eens als ik hem drinken mag,</l>
        <l id="s1:l4">En ik mijn liefste heb op mijn gelag.</l>
        <l id="s1:l5">Vraegt niet wat zy my doet,</l>
        <l id="s1:l6">Haer vriendlyk wezen is my al zoo zoet!</l>
        <l id="s1:l7">Ik ben verrukt zoo dikwijls ik aenschouwe</l>
        <l id="s1:l8">Haer vriendelyk gelaet,</l>
        <l id="s1:l9">Dat my zoo wel aenstaet.</l>
      </lg>
      <lg id="s2" type="stanza">
        <l id="s2:l1">Haer oogskens van kristael</l>
        <l id="s2:l2">Die hebben menigmael</l>
        <l id="s2:l3">Mijn ziel gekwetst, myn jeugdig hert doorwond,</l>
        <l id="s2:l4">En my gekost zoo menig honderd pond;</l>
        <l id="s2:l5">Haer borstjes leliewit</l>
        <l id="s2:l6">Deden my dikwijls zeggen: liefste zit,</l>
        <l id="s2:l7">Doe my die eer; mijn zoeten engel,</l>
        <l id="s2:l8">Zit neder hier by my,</l>
        <l id="s2:l9">En laet ons wezen bly.</l>
      </lg>
      <lg id="s3" type="stanza">
        <l id="s3:l1">De weerd brengt ons zeer ras</l>
        <l id="s3:l2">Een versch gespoeld gelas,</l>
        <l id="s3:l3">En daerby eenen pot met rijnschen wijn,</l>
        <l id="s3:l4">Daer toe moet ook een schotel suiker zijn.</l>
        <l id="s3:l5">Breng ons een kaertespel:</l>
        <l id="s3:l6">Want ik moet spelen met mijn Isabel,</l>
        <l id="s3:l7">Welaen! nu eerstens fraei gedronken,</l>
        <l id="s3:l8">En dan met lust gespeeld,</l>
        <l id="s3:l9">Eer ons de tyd verveelt.</l>
      </lg>
      <lg id="s4" type="stanza">
        <l id="s4:l1">Maer vriend, zie deze fluit</l>
        <l id="s4:l2">Moet gy eens drinken uit,</l>
        <l id="s4:l3">Ter eere van mijn zoete herderin,</l>
        <l id="s4:l4">Die ik meer dan mijn eigen ziel bemin.</l>
        <l id="s4:l5">Avous, want ik begin:</l>
        <l id="s4:l6">Zie kameraed, daer en is niets meer in.</l>
        <l id="s4:l7">Houd vast de fluit, ik zalze vullen,</l>
        <l id="s4:l8">Tsa! zet die aen uw mond,</l>
        <l id="s4:l9">En doe bescheed terstond.</l>
      </lg>
      <lg id="s5" type="stanza">
        <l id="s5:l1">Als ik het spel begin,</l>
        <l id="s5:l2">Zoo komt de moeder in.</l>
        <l id="s5:l3">Zy zegt met een zoo fellen grammen moed,</l>
        <l id="s5:l4">Mijn dochter, vlug! vertrek op staende voet.</l>
        <l id="s5:l5">Och moeder, niet zoo wreed</l>
        <l id="s5:l6">Want aen uw dochter is geschied geen leed,</l>
        <l id="s5:l7">Neem dit gelas, wil nederzitten,</l>
        <l id="s5:l8">Tsa! lustig, eens geboefd!</l>
        <l id="s5:l9">Waerom zoo lang getoefd?</l>
      </lg>
      <lg id="s6" type="stanza">
        <l id="s6:l1">De wijn klimt in den kop,</l>
        <l id="s6:l2">Men weet van geen staen op.</l>
        <l id="s6:l3">Hier's nog een pot, breng my nog een citroen,</l>
        <l id="s6:l4">Sauciesen, peeren, en nog een lamoen,</l>
        <l id="s6:l5">Met nog wat suikerwerk;</l>
        <l id="s6:l6">Want deze wijn is 't moederken te sterk.</l>
        <l id="s6:l7">Het zoete schaep kan hem niet drinken,</l>
        <l id="s6:l8">Den koelen harden wijn,</l>
        <l id="s6:l9">Hy moest gesuikerd zijn.</l>
      </lg>
      <lg id="s7" type="stanza">
        <l id="s7:l1">Toen heeft zy my gebo&#244;n,</l>
        <l id="s7:l2">Als toekomenden zoon;</l>
        <l id="s7:l3">Maer ziet eilaes! 'k en had het nooit gepeinsd</l>
        <l id="s7:l4">Dat 't vrouwenhert zoo valsch is en geveinsd.</l>
        <l id="s7:l5">Het scheen ik was bemind</l>
        <l id="s7:l6">Van 't moederken zoo wel als van het kind,</l>
        <l id="s7:l7">En dat mijn lief, geneigd tot paren,</l>
        <l id="s7:l8">Den lust had in mijn zin</l>
        <l id="s7:l9">Uit pure wedermin.</l>
      </lg>
      <lg id="s8" type="stanza">
        <l id="s8:l1">O valsch venynig hert,</l>
        <l id="s8:l2">Oorzake van mijn smert,</l>
        <l id="s8:l3">Hoe snood hebt gy mijn droeven val bera&#234;n,</l>
        <l id="s8:l4">Dat ik om u heb al mijn goed verdaen!</l>
        <l id="s8:l5">Uw liefde was maer schyn:</l>
        <l id="s8:l6">Alleen mijn hert verging van minnepijn.</l>
        <l id="s8:l7">En toch, 't en kan niet anders wezen;</l>
        <l id="s8:l8">Want zoo als de oude zong,</l>
        <l id="s8:l9">Zoo piept toch ook haer jongk.</l>
      </lg>
    </lg>
  </text>
</song>