<song>
  <meta>
    <id>123137</id>
    <date>
      <year-start>1848</year-start>
      <year-end>1848</year-end>
    </date>
    <location>
      <orginal-name>gent</orginal-name>
      <standard-name>Gent, Belgium</standard-name>
      <coordinates>
        <lon>51.0538286</lon>
        <lat>3.7250121</lat>
      </coordinates>
    </location>
    <tags>
      <tag standard-name="dialooglied" translation="dialogue song">dialooglied</tag>
    </tags>
    <melody>Wel Anne Marieke waar gaat gij naar toe</melody>
    <categories>
      <category translation="formal genres">formele genres</category>
    </categories>
  <author>Anonymous</author></meta>
  <text>
    <lg type="song">
      <lg id="s1" type="stanza">
        <l id="s1:l1">Wel Anne Marieken, waer gaet gy naer toe, toe?</l>
        <l id="s1:l2">Wel Anne Marieken, waer gaet gy naer toe?</l>
        <l id="s1:l3">- &#8216;'k Gane naer buiten al by de soldaten,</l>
        <l id="s1:l4">Hoepsasa, falhala, Anne Marie.&#8217;</l>
      </lg>
      <lg id="s2" type="stanza">
        <l id="s2:l1">Wel Anne Marieken, wat gaet gy daer doen, doen?</l>
        <l id="s2:l2">Wel Anne Marieken, wat gaet gy daer doen?</l>
        <l id="s2:l3">- &#8216;Haspen en spinnen, soldaetjes beminnen,</l>
        <l id="s2:l4">Hoepsasa, falhala, Anne Marie.&#8217;</l>
      </lg>
      <lg id="s3" type="stanza">
        <l id="s3:l1">Wel Anne Marieken, hebt gy er geen man, man?</l>
        <l id="s3:l2">Wel Anne Marieken, hebt gy er geen man?</l>
        <l id="s3:l3">- &#8216;Heb ik geen man ik kryge geen slagen,</l>
        <l id="s3:l4">Hoepsasa, falhala, Anne Marie.&#8217;</l>
      </lg>
      <lg id="s4" type="stanza">
        <l id="s4:l1">Wel Anne Marieken, hebt gy er geen kind, kind?</l>
        <l id="s4:l2">Wel Anne Marieken, hebt gy er geen kind?</l>
        <l id="s4:l3">- &#8216;Heb ik geen kind, 'k moete niet zorgen;</l>
        <l id="s4:l4">Hoepsasa, falhala, Anne Marie.&#8217;</l>
      </lg>
    </lg>
  </text>
</song>