<song>
  <meta>
    <id>123197</id>
    <date>
      <year-start>1864</year-start>
      <year-end>1864</year-end>
    </date>
    <location>
      <orginal-name>gent?</orginal-name>
      <standard-name>Gent, Belgium</standard-name>
      <coordinates>
        <lon>51.0538286</lon>
        <lat>3.7250121</lat>
      </coordinates>
    </location>
    <tags>
      <tag standard-name="strijdlied" translation="battle song">strijdlied</tag>
    </tags>
    <melody />
    <categories>
      <category translation="politics and history">politiek en geschiedenis</category>
    </categories>
  <author>Anonymous</author></meta>
  <text>
    <lg type="song">
      <lg id="s1" type="stanza">
        <l id="s1:l1">Sa, Nederlanders, komt ten strijd,</l>
        <l id="s1:l2">Eer dat gy wordt uw steden kwijt;</l>
        <l id="s1:l3">En hebt gy niet de magt vernomen</l>
        <l id="s1:l4">Die men van Frankrijk af ziet komen?</l>
      </lg>
      <lg id="s2" type="stanza">
        <l id="s2:l1">Hoort den franschen trommel slaen!</l>
        <l id="s2:l2">Sa, koopman, maek u van de baen,</l>
        <l id="s2:l3">Want de trompet die gaet ter eere:</l>
        <l id="s2:l4">Men hoort ze roepen &#224; la guerre.</l>
      </lg>
      <lg id="s3" type="stanza">
        <l id="s3:l1">Vijftig duizend kloek te paerd</l>
        <l id="s3:l2">Hebben alre&#234; den weg aenvaerd:</l>
        <l id="s3:l3">Te voet ook vijftig duizend mede</l>
        <l id="s3:l4">Die men ziet trekken naer beneden.</l>
      </lg>
      <lg id="s4" type="stanza">
        <l id="s4:l1">Duizend mooren zijn geteld</l>
        <l id="s4:l2">Op witte paerden in het veld;</l>
        <l id="s4:l3">Het schijnen duivels van der hellen,</l>
        <l id="s4:l4">Maer 'k hoop God zal ze nedervellen.</l>
      </lg>
      <lg id="s5" type="stanza">
        <l id="s5:l1">Franschen en Zwitzers, met livrei,</l>
        <l id="s5:l2">Heeft men zien rijden op de hei,</l>
        <l id="s5:l3">Langs Piemont en langs Pikardijen,</l>
        <l id="s5:l4">Om ons te kwellen aen twee zij&#234;n.</l>
      </lg>
      <lg id="s6" type="stanza">
        <l id="s6:l1">Sa, Nederlanders, kloek van aert,</l>
        <l id="s6:l2">Laet ons toch wezen onvervaerd,</l>
        <l id="s6:l3">Met een pistool en spaenschen degen,</l>
        <l id="s6:l4">Laet ons den Franschman sa&#234;m gaen tegen.</l>
      </lg>
      <lg id="s7" type="stanza">
        <l id="s7:l1">Al onze steden zijn versterkt,</l>
        <l id="s7:l2">Nog dagelijks men daeraen werkt,</l>
        <l id="s7:l3">Ja, met meer dan twee duizend handen,</l>
        <l id="s7:l4">Om te bevrijden onze landen.</l>
      </lg>
      <lg id="s8" type="stanza">
        <l id="s8:l1">Binnen Brussel met trauweel</l>
        <l id="s8:l2">Daer wordt gemaekt een sterk kasteel,</l>
        <l id="s8:l3">Met schoon bolwerken hoog verheven,</l>
        <l id="s8:l4">Om op den vijand vuer te geven.</l>
      </lg>
      <lg id="s9" type="stanza">
        <l id="s9:l1">Binnen Mechelen, men bevon,</l>
        <l id="s9:l2">Daer wordt gegoten grof kanon,</l>
        <l id="s9:l3">Grenaden, bommen en mortieren,</l>
        <l id="s9:l4">Om op den vijand te doen zwieren.</l>
      </lg>
      <lg id="s10" type="stanza">
        <l id="s10:l1">Gent, Dendermonde en Cond&#233;,</l>
        <l id="s10:l2">Zijn al versterkt met Sint Omee,</l>
        <l id="s10:l3">Ook Bergen, Valensijn en Namen,</l>
        <l id="s10:l4">Of daer de Franschen eens aen kwamen.</l>
      </lg>
      <lg id="s11" type="stanza">
        <l id="s11:l1">Sa, Nederlanders, hand aen hand,</l>
        <l id="s11:l2">Slaen wy den Franschman uit ons land,</l>
        <l id="s11:l3">En roept dan: Viva, viva Spanje!</l>
        <l id="s11:l4">En viva Prinse van Oranje!</l>
      </lg>
    </lg>
  </text>
</song>