<song>
  <meta>
    <id>123120</id>
    <date>
      <year-start>1848</year-start>
      <year-end>1848</year-end>
    </date>
    <location>
      <orginal-name>gent</orginal-name>
      <standard-name>Gent, Belgium</standard-name>
      <coordinates>
        <lon>51.0538286</lon>
        <lat>3.7250121</lat>
      </coordinates>
    </location>
    <tags>
      <tag standard-name="verhalend lied" translation="narrative song">verhalend lied</tag>
      <tag standard-name="kluchtlied" translation="humorous song">kluchtlied</tag>
    </tags>
    <melody />
    <categories>
      <category translation="amusement">vermaak</category>
      <category translation="narratives">verhalen</category>
    </categories>
  <author>Anonymous</author></meta>
  <text>
    <lg type="song">
      <lg id="s1" type="stanza">
        <l id="s1:l1">De kreuple zou uit vreugde ryen</l>
        <l id="s1:l2">Al met zijn ezelinne;</l>
        <l id="s1:l3">Den ezel blind, de kreuple mank</l>
        <l id="s1:l4">Konden den weg niet vinden. Sa.</l>
      </lg>
      <lg id="s2" type="stanza">
        <l id="s2:l1">Maer als hy onder wege kwam,</l>
        <l id="s2:l2">Dan vonden zy een water,</l>
        <l id="s2:l3">Den ezel blind, de kreuple mank</l>
        <l id="s2:l4">Vielen samen daer inne. Sa.</l>
      </lg>
      <lg id="s3" type="stanza">
        <l id="s3:l1">De kreuple nam zyn krukken aen,</l>
        <l id="s3:l2">En kwam welhaest ten hoogen:</l>
        <l id="s3:l3">&#8216;Nu zie ik nog een weerdinnen-huis,</l>
        <l id="s3:l4">Daer zal ik my gaen droogen.&#8217; Sa.</l>
      </lg>
      <lg id="s4" type="stanza">
        <l id="s4:l1">Als hy aen het weerdinnen-huis kwam</l>
        <l id="s4:l2">Hy klopte op de deure:</l>
        <l id="s4:l3">&#8216;Weerdinne locht, van zinnen zoet,</l>
        <l id="s4:l4">Staet op en laet my inne.&#8217; Sa.</l>
      </lg>
      <lg id="s5" type="stanza">
        <l id="s5:l1">- &#8216;'k En sta niet op, noch 'k laet u niet in,</l>
        <l id="s5:l2">De lakens zyn hier te diere.&#8217;</l>
        <l id="s5:l3">- &#8216;Weerdinne locht, van zinnen zoet,</l>
        <l id="s5:l4">'k Zal slapen by den viere.&#8217; Sa.</l>
      </lg>
      <lg id="s6" type="stanza">
        <l id="s6:l1">Maer 's nachts, 't was omtrent middernacht,</l>
        <l id="s6:l2">De kreuple begon te weenen:</l>
        <l id="s6:l3">&#8216;Weerdinne locht, van zinnen zoet,</l>
        <l id="s6:l4">Ik slaep zoo no&#244; alleene.&#8217; Sa.</l>
      </lg>
      <lg id="s7" type="stanza">
        <l id="s7:l1">- &#8216;Dat gy zoo no&#244; alleene slaept,</l>
        <l id="s7:l2">Dat geeft my gansch geen wonder,</l>
        <l id="s7:l3">En trek dan uit uw kous en schoen,</l>
        <l id="s7:l4">En kruip dan by my onder.&#8217; Sa.</l>
      </lg>
      <lg id="s8" type="stanza">
        <l id="s8:l1">En hy trok uit zyn kous en schoen,</l>
        <l id="s8:l2">Hy kroop by het weerdinneken onder;</l>
        <l id="s8:l3">Maer wat zy deden en zeg ik niet:</l>
        <l id="s8:l4">Dat geeft my gansch geen wonder. Sa.</l>
      </lg>
      <lg id="s9" type="stanza">
        <l id="s9:l1">En 's morgens vroeg, de dag kwam aen,</l>
        <l id="s9:l2">De weerd kwam thuis gegangen;</l>
        <l id="s9:l3">De kreuple sprong ten venster uit,</l>
        <l id="s9:l4">Zyn krukken liet hy hangen. Sa.</l>
      </lg>
      <lg id="s10" type="stanza">
        <l id="s10:l1">Maer als hy in de velde kwam,</l>
        <l id="s10:l2">Begon hy hoog te zingen:</l>
        <l id="s10:l3">&#8216;En als de weerd niet thuis en is,</l>
        <l id="s10:l4">Dan slaep ik by de weerdinne.&#8217; Sa.</l>
      </lg>
    </lg>
  </text>
</song>