<song>
  <meta>
    <id>123105</id>
    <date>
      <year-start>1848</year-start>
      <year-end>1848</year-end>
    </date>
    <location>
      <orginal-name>gent</orginal-name>
      <standard-name>Gent, Belgium</standard-name>
      <coordinates>
        <lon>51.0538286</lon>
        <lat>3.7250121</lat>
      </coordinates>
    </location>
    <tags>
      <tag standard-name="verhalend lied" translation="narrative song">verhalend lied</tag>
      <tag standard-name="meilied" translation="May song">meilied</tag>
    </tags>
    <melody>Een boerman had een domme zin</melody>
    <categories>
      <category translation="seasons and annual events">jaarkring</category>
      <category translation="narratives">verhalen</category>
    </categories>
  <author>Anonymous</author></meta>
  <text>
    <lg type="song">
      <lg id="s1" type="stanza">
        <l id="s1:l1">De velden stonden groen en daer toe bereyt;</l>
        <l id="s1:l2">Tot reysen so wasser een Vriesman bereyt,</l>
        <l id="s1:l3">&#8216;Vriesman waer wilt gy varen?</l>
        <l id="s1:l4">Doe ick de kleyderen lestmael sagh,</l>
        <l id="s1:l5">Doe meende ick datse mijne waren.&#8217;</l>
      </lg>
      <lg id="s2" type="stanza">
        <l id="s2:l1">- &#8216;Die kleyderen die ick drage an,</l>
        <l id="s2:l2">Die gaf my een Vrouken, sy had geen man,</l>
        <l id="s2:l3">Een Vrouken daer ick te nacht by sliep;</l>
        <l id="s2:l4">Ik zweer u Majer al op mijn lijf,</l>
        <l id="s2:l5">Ick en had mijn dagen noyt liever wijf.&#8217;</l>
      </lg>
      <lg id="s3" type="stanza">
        <l id="s3:l1">- &#8216;Ja Vriesje waert gy 'er een eerlijc man,</l>
        <l id="s3:l2">Gy en trokter geen ander mans kleederen an,</l>
        <l id="s3:l3">En gy droegter geen roem van vrouwen:</l>
        <l id="s3:l4">Nu zult gy my, of ik zal dy</l>
        <l id="s3:l5">Al met den blanken zwaert doorhouwen.&#8217;</l>
      </lg>
      <lg id="s4" type="stanza">
        <l id="s4:l1">Sy lieten daer hare kijven staen;</l>
        <l id="s4:l2">En gingen malkander met zwaerden slaen,</l>
        <l id="s4:l3">En sy sloegen met blanke zwaerden;</l>
        <l id="s4:l4">De Majer sloech den Vriesman doot,</l>
        <l id="s4:l5">So dat hy neder viel ter aerden.</l>
      </lg>
      <lg id="s5" type="stanza">
        <l id="s5:l1">De Majer op zijn grauwe ros sprang,</l>
        <l id="s5:l2">En hy hief op een liedt en sangh;</l>
        <l id="s5:l3">Hy sangh luyd, men mocht wel hooren:</l>
        <l id="s5:l4">&#8216;Staet op, staet op, jonckvrouwen fijn,</l>
        <l id="s5:l5">De Vriesman is hier vooren.</l>
      </lg>
      <lg id="s6" type="stanza">
        <l id="s6:l1">Dat vrouken van haren bedde sprank,</l>
        <l id="s6:l2">Die gardijntjes van den goude klank;</l>
        <l id="s6:l3">Sy meende den Vrieseman in te laten,</l>
        <l id="s6:l4">Sy liet haer eygen getrouwde man in:</l>
        <l id="s6:l5">Dat was voor haer so leyden saecke.</l>
      </lg>
      <lg id="s7" type="stanza">
        <l id="s7:l1">&#8216;Segt my, segt my, jonkvroutje fijn,</l>
        <l id="s7:l2">Waer nu mijn beste kleederen sijn,</l>
        <l id="s7:l3">Die 'k jaerliks plagh te dragen,</l>
        <l id="s7:l4">Gy hebtse den Vrieseman aengedaen,</l>
        <l id="s7:l5">Daerom so leydt hy nu verslagen.&#8217;</l>
      </lg>
      <lg id="s8" type="stanza">
        <l id="s8:l1">- &#8216;Och is dat arme Vriesje doodt!</l>
        <l id="s8:l2">Waer sal ick gaen klagen mijnen noot?</l>
        <l id="s8:l3">En waer sal ick mijnen nood klagen?</l>
        <l id="s8:l4">Nu wil ick in een kloostertje gaen,</l>
        <l id="s8:l5">En blijven daer mijn leve dagen.&#8217;</l>
      </lg>
      <lg id="s9" type="stanza">
        <l id="s9:l1">&#8216;- Nu wil ick in een kloostertje gaen,</l>
        <l id="s9:l2">Daer twee paer schoenen voor een bed staen,</l>
        <l id="s9:l3">En bidden voor de Vriesemans ziele:</l>
        <l id="s9:l4">Hy die sijn liefje verlooren heeft,</l>
        <l id="s9:l5">Met recht mach hy een ander kiezen.</l>
      </lg>
      <lg id="s10" type="stanza">
        <l id="s10:l1">Nu wil ick gaen op dit termijn</l>
        <l id="s10:l2">En begeven my in een klooster fijn,</l>
        <l id="s10:l3">Alsoo veer aen geen landsdouwe.</l>
        <l id="s10:l4">Adieu! moet gescheyden zijn</l>
        <l id="s10:l5">Al van mijn overschoone vrouwe.</l>
      </lg>
    </lg>
  </text>
</song>