<song>
  <meta>
    <id>123187</id>
    <date>
      <year-start>1848</year-start>
      <year-end>1848</year-end>
    </date>
    <location>
      <orginal-name>gent</orginal-name>
      <standard-name>Gent, Belgium</standard-name>
      <coordinates>
        <lon>51.0538286</lon>
        <lat>3.7250121</lat>
      </coordinates>
    </location>
    <tags>
      <tag standard-name="danslied" translation="dancing song">danslied</tag>
    </tags>
    <melody>Als de grote klokke luidt</melody>
    <categories>
      <category translation="amusement">vermaak</category>
    </categories>
  <author>Anonymous</author></meta>
  <text>
    <lg type="song">
      <lg id="s1" type="stanza">
        <l id="s1:l1">Al die daer zeidt: &#8216;de Reus die kom'!&#8217;</l>
        <l id="s1:l2">Zy liegen daer om.</l>
        <l id="s1:l3">Keere we&#234;rom, Reusken, Reusken,</l>
        <l id="s1:l4">Keere we&#234;rom,</l>
        <l id="s1:l5">Reuzegom!</l>
      </lg>
      <lg id="s2" type="stanza">
        <l id="s2:l1">Sa moeder, zet den pot op 't vier,</l>
        <l id="s2:l2">De Reus is hier.</l>
        <l id="s2:l3">Keere we&#234;rom, Reusken, Reusken,</l>
        <l id="s2:l4">Keere we&#234;rom,</l>
        <l id="s2:l5">Reuzegom!</l>
      </lg>
      <lg id="s3" type="stanza">
        <l id="s3:l1">Sa moeder, snijd een boterham,</l>
        <l id="s3:l2">De Reus is gram.</l>
        <l id="s3:l3">Keere we&#234;rom, Reusken, Reusken,</l>
        <l id="s3:l4">Keere we&#234;rom</l>
        <l id="s3:l5">Reuzegom!</l>
      </lg>
      <lg id="s4" type="stanza">
        <l id="s4:l1">Sa moeder, tapt van 't besten bier,</l>
        <l id="s4:l2">De reus is gier,</l>
        <l id="s4:l3">Keere we&#234;rom, Reusken, Reusken,</l>
        <l id="s4:l4">Keere we&#234;rom</l>
        <l id="s4:l5">Reuzegom!</l>
      </lg>
      <lg id="s5" type="stanza">
        <l id="s5:l1">Sa moeder, stopt nu maer het vat,</l>
        <l id="s5:l2">De Reus is zat.</l>
        <l id="s5:l3">Keere we&#234;rom, Reusken, Reusken,</l>
        <l id="s5:l4">Keere we&#234;rom</l>
        <l id="s5:l5">Reuzegom!</l>
      </lg>
    </lg>
  </text>
</song>