<song>
  <meta>
    <id>123132</id>
    <date>
      <year-start>1848</year-start>
      <year-end>1848</year-end>
    </date>
    <location>
      <orginal-name>gent</orginal-name>
      <standard-name>Gent, Belgium</standard-name>
      <coordinates>
        <lon>51.0538286</lon>
        <lat>3.7250121</lat>
      </coordinates>
    </location>
    <tags>
      <tag standard-name="verhalend lied" translation="narrative song">verhalend lied</tag>
      <tag standard-name="liefdeslied" translation="love song">liefdeslied</tag>
      <tag standard-name="klaaglied" translation="lamentation">klaaglied</tag>
    </tags>
    <melody>Kasteel van Rijpermonde</melody>
    <categories>
      <category translation="love and sex">liefde en seks</category>
      <category translation="narratives">verhalen</category>
      <category translation="emotions">emoties</category>
    </categories>
  <author>Anonymous</author></meta>
  <text>
    <lg type="song">
      <lg id="s1" type="stanza">
        <l id="s1:l1">&#8216;Noch weet ik eenen ouden kouden man,</l>
        <l id="s1:l2">Daer ick soo geern by waer,</l>
        <l id="s1:l3">Hy heeft al op sijn soldertjen</l>
        <l id="s1:l4">Koorn van seven jaer.</l>
      </lg>
      <lg id="s2" type="stanza">
        <l id="s2:l1">O Koorentjen van seven jaren,</l>
        <l id="s2:l2">Hoe geern was ick by dy;</l>
        <l id="s2:l3">Als ick den ouden kouden man aenzie,</l>
        <l id="s2:l4">Hoe seer bedroef ick my.</l>
      </lg>
      <lg id="s3" type="stanza">
        <l id="s3:l1">Als ick den ouden kouden man aenzie,</l>
        <l id="s3:l2">Met sijnen grijsen baert,</l>
        <l id="s3:l3">Soo beven al mijn ledekens,</l>
        <l id="s3:l4">So seer ick ben vervaert.</l>
      </lg>
      <lg id="s4" type="stanza">
        <l id="s4:l1">Als ick om hem gaen peynsen,</l>
        <l id="s4:l2">En om hem peynsen moet,</l>
        <l id="s4:l3">So rollen my mijn tranen,</l>
        <l id="s4:l4">Van mijn hooft tot mijn voet.&#8217;</l>
      </lg>
      <lg id="s5" type="stanza">
        <l id="s5:l1">De tranen die dat meysje weende</l>
        <l id="s5:l2">Die deden den ruyter wee,</l>
        <l id="s5:l3">Sy vielen hem op sijn hertje</l>
        <l id="s5:l4">Veel kouder dan de snee.</l>
      </lg>
      <lg id="s6" type="stanza">
        <l id="s6:l1">Sy vielen hem op sijn hertje</l>
        <l id="s6:l2">Veel kouder dan het ijs.</l>
        <l id="s6:l3">&#8216;Mijn liefken is ter schoolen geleyt,</l>
        <l id="s6:l4">Ter schoole van Parijs.</l>
      </lg>
      <lg id="s7" type="stanza">
        <l id="s7:l1">Schoole, seyde sy, schoole van Parys,</l>
        <l id="s7:l2">Ick wou dat ghy stont in brant,</l>
        <l id="s7:l3">En dat ick met mijn oversoete lief</l>
        <l id="s7:l4">Sou varen na Engelant.</l>
      </lg>
      <lg id="s8" type="stanza">
        <l id="s8:l1">Schoon lief als gy na Engelant vaert,</l>
        <l id="s8:l2">So set op uwen mast</l>
        <l id="s8:l3">Maer so een bloeijend' rijseken</l>
        <l id="s8:l4">Dat ick u kennen mach.&#8217;</l>
      </lg>
      <lg id="s9" type="stanza">
        <l id="s9:l1">- &#8216;Met een so bloeijend' rijseken,</l>
        <l id="s9:l2">Wat soud ick daer mee doen?</l>
        <l id="s9:l3">Pluck ik van u een bladeken,</l>
        <l id="s9:l4">Van dit jaer wort gy groen.</l>
      </lg>
      <lg id="s10" type="stanza">
        <l id="s10:l1">Pluck ick van u een bladeken</l>
        <l id="s10:l2">So kleynen bladekijn,</l>
        <l id="s10:l3">Dan most ick dat lieve lange jaer</l>
        <l id="s10:l4">U eygen byslaep sijn.</l>
      </lg>
    </lg>
  </text>
</song>