<song>
  <meta>
    <id>123287</id>
    <date>
      <year-start>1848</year-start>
      <year-end>1848</year-end>
    </date>
    <location>
      <orginal-name>gent</orginal-name>
      <standard-name>Gent, Belgium</standard-name>
      <coordinates>
        <lon>51.0538286</lon>
        <lat>3.7250121</lat>
      </coordinates>
    </location>
    <tags>
      <tag standard-name="afscheidslied" translation="farewell song">afscheidslied</tag>
      <tag standard-name="liefdesklacht" translation="love complaint">liefdesklacht</tag>
    </tags>
    <melody />
    <categories>
      <category translation="love and sex">liefde en seks</category>
      <category translation="occasions">gelegenheden</category>
    </categories>
  <author>Anonymous</author></meta>
  <text>
    <lg type="song">
      <lg id="s1" type="stanza">
        <l id="s1:l1">Adieu Antwerpen, ghenoechlick plein,</l>
        <l id="s1:l2">Van u so moet ick scheiden,</l>
        <l id="s1:l3">Ick laet daer in tliefste grein:</l>
        <l id="s1:l4">God wil mijn boel gheleiden.</l>
      </lg>
      <lg id="s2" type="stanza">
        <l id="s2:l1">Als ick uten lande varen moet,</l>
        <l id="s2:l2">Al binnen den eersten jare,</l>
        <l id="s2:l3">Hoe dick verwandelt mijn bloet,</l>
        <l id="s2:l4">Ic sterve een martelare.</l>
      </lg>
      <lg id="s3" type="stanza">
        <l id="s3:l1">Als ick vaer over die se,</l>
        <l id="s3:l2">Van rouwe so wil ick sterven,</l>
        <l id="s3:l3">Dat doet mijn jonc herte we,</l>
        <l id="s3:l4">Ick sal te male bederven.</l>
      </lg>
      <lg id="s4" type="stanza">
        <l id="s4:l1">Och venus vrouwe, voeret mijnen schilt,</l>
        <l id="s4:l2">Aen u roepe ick ghenade,</l>
        <l id="s4:l3">Helpt my, dat ick mijn boel ghewin,</l>
        <l id="s4:l4">Ende staet my nu te stade.</l>
      </lg>
      <lg id="s5" type="stanza">
        <l id="s5:l1">Dat jaer is lanc, mijn loon is cranc,</l>
        <l id="s5:l2">Mijn hope heb ick verloren;</l>
        <l id="s5:l3">Had ick mijn boel bijder hant,</l>
        <l id="s5:l4">Gheen goet core ick daer voren.</l>
      </lg>
      <lg id="s6" type="stanza">
        <l id="s6:l1">Och lacen, zy en acht niet meer op my,</l>
        <l id="s6:l2">Des lijdt mijn herte rouwe;</l>
        <l id="s6:l3">Sy heeft een ander liever dan my,</l>
        <l id="s6:l4">Sy en was my noit ghetrouwe.</l>
      </lg>
      <lg id="s7" type="stanza">
        <l id="s7:l1">Die dit liedeken heeft ghedicht,</l>
        <l id="s7:l2">Hy hevet wel ghesonghen</l>
        <l id="s7:l3">Ter eeren van sijn soete lief,</l>
        <l id="s7:l4">God schein der nijders tonghen!</l>
      </lg>
    </lg>
  </text>
</song>