<song>
  <meta>
    <id>123285</id>
    <date>
      <year-start>1848</year-start>
      <year-end>1848</year-end>
    </date>
    <location>
      <orginal-name>gent</orginal-name>
      <standard-name>Gent, Belgium</standard-name>
      <coordinates>
        <lon>51.0538286</lon>
        <lat>3.7250121</lat>
      </coordinates>
    </location>
    <tags>
      <tag standard-name="liefdesklacht" translation="love complaint">liefdesklacht</tag>
    </tags>
    <melody>De molenarin</melody>
    <categories>
      <category translation="love and sex">liefde en seks</category>
    </categories>
  <author>Anonymous</author></meta>
  <text>
    <lg type="song">
      <lg id="s1" type="stanza">
        <l id="s1:l1">Ghestadighe minne draghe ick altijt,</l>
        <l id="s1:l2">Dies lijdet mijn herte pijn.</l>
        <l id="s1:l3">Mocht ick noch sijn van haer verblijt,</l>
        <l id="s1:l4">Hoe vrolick soude ick sijn!</l>
        <l id="s1:l5">Tot haer soude ick my keren,</l>
        <l id="s1:l6">Gheen ander lief begheren,</l>
        <l id="s1:l7">Want sy is die alderliefste mijn.</l>
      </lg>
      <lg id="s2" type="stanza">
        <l id="s2:l1">Ist niet een druckelick leven</l>
        <l id="s2:l2">Te derven die ick min?</l>
        <l id="s2:l3">Ick hadder my toe begheven,</l>
        <l id="s2:l4">Ick en was niet dan een kint;</l>
        <l id="s2:l5">Ick dedet in corter uren,</l>
        <l id="s2:l6">Dat ick langhe moet besuren,</l>
        <l id="s2:l7">Eilaes, ick was so seer verblint!</l>
      </lg>
      <lg id="s3" type="stanza">
        <l id="s3:l1">Doen ick laeste met oghen aensach</l>
        <l id="s3:l2">Die mijn herteken heeft bevaen,</l>
        <l id="s3:l3">Doen was ick vrolick nacht ende dach,</l>
        <l id="s3:l4">Ende nu ist al ghedaen.</l>
        <l id="s3:l5">Van haer ben ick ghescheiden,</l>
        <l id="s3:l6">Alle druck moet ick verbeiden,</l>
        <l id="s3:l7">Ik mach wel trurich gaen!</l>
      </lg>
    </lg>
  </text>
</song>