<song>
  <meta>
    <id>123215</id>
    <date>
      <year-start>1848</year-start>
      <year-end>1848</year-end>
    </date>
    <location>
      <orginal-name>gent</orginal-name>
      <standard-name>Gent, Belgium</standard-name>
      <coordinates>
        <lon>51.0538286</lon>
        <lat>3.7250121</lat>
      </coordinates>
    </location>
    <tags>
      <tag standard-name="verhalend lied" translation="narrative song">verhalend lied</tag>
      <tag standard-name="heiligenlied" translation="saint song">heiligenlied</tag>
    </tags>
    <melody>Jezus en Sint Jannetje die speelden met een lammetje</melody>
    <categories>
      <category translation="narratives">verhalen</category>
      <category translation="religion">godsdienst</category>
    </categories>
  <author>Anonymous</author></meta>
  <text>
    <lg type="song">
      <lg id="s1" type="stanza">
        <l id="s1:l1">Lestmael op eenen zomerschen dag,</l>
        <l id="s1:l2">Hoort wat dat ik bevallijks zag,</l>
        <l id="s1:l3">Van Jesus en sint Janneken.</l>
        <l id="s1:l4">Zy speelden met een lammeken,</l>
        <l id="s1:l5">Al in dat groen geklaverd land,</l>
        <l id="s1:l6">Met een papschoteltjen in hun hand.</l>
      </lg>
      <lg id="s2" type="stanza">
        <l id="s2:l1">Hun witte vette voetjens die waren bloot,</l>
        <l id="s2:l2">Hun lipkens waren als korael zoo rood;</l>
        <l id="s2:l3">Die zoete vette paterkens</l>
        <l id="s2:l4">Die zaten daer by de waterkens;</l>
        <l id="s2:l5">Het zonneken dat scheen al zoo heet,</l>
        <l id="s2:l6">Zy deden malkaer in 't melksken bescheed.</l>
      </lg>
      <lg id="s3" type="stanza">
        <l id="s3:l1">D'een troetelde het lammeken zijn hoot,</l>
        <l id="s3:l2">En d'ander kittelde het onder den poot.</l>
        <l id="s3:l3">Het lammeken ging springen,</l>
        <l id="s3:l4">Sint Janneken ging zingen,</l>
        <l id="s3:l5">Zy huppelden en truppelden door de wey,</l>
        <l id="s3:l6">En dees twee krollebollekens dansten alle bey.</l>
      </lg>
      <lg id="s4" type="stanza">
        <l id="s4:l1">En als het dansen was gedaen,</l>
        <l id="s4:l2">Zoo moest het lammeken eten gaen,</l>
        <l id="s4:l3">En Jesus gaf het wat broeyken</l>
        <l id="s4:l4">Sint Janneken gaf het wat hoeyken;</l>
        <l id="s4:l5">Ter wereld en was er nooit meerder vreugd</l>
        <l id="s4:l6">Dan dees twee cozijntjes waren verheugd.</l>
      </lg>
      <lg id="s5" type="stanza">
        <l id="s5:l1">Sint Janneken zijn klein neefken nam,</l>
        <l id="s5:l2">En zette hem boven op het lam:</l>
        <l id="s5:l3">&#8216;Schoon manneken gy moet rijden!</l>
        <l id="s5:l4">Ik zal u naer huis gaen leiden;</l>
        <l id="s5:l5">Want moederken zoude zijn in pijn</l>
        <l id="s5:l6">Waer dat wy zoo lang gebleven zijn.&#8217;</l>
      </lg>
      <lg id="s6" type="stanza">
        <l id="s6:l1">Zy zaten en reden al overhand,</l>
        <l id="s6:l2">En rolden en tuimelden in het zand,</l>
        <l id="s6:l3">En dees twee klein jongeskens</l>
        <l id="s6:l4">Die deden zulke sprongeskens!</l>
        <l id="s6:l5">En al de kinderkens zagen 't aen,</l>
        <l id="s6:l6">Tot dat ze ten lesten zijn t'huis gegaen.</l>
      </lg>
      <lg id="s7" type="stanza">
        <l id="s7:l1">De moeder maekte op staende voet</l>
        <l id="s7:l2">Van suiker en melk een pappeken zoet,</l>
        <l id="s7:l3">Daer zaten toen die papbaerdekens!</l>
        <l id="s7:l4">Daer aten die slabbaerdekens!</l>
        <l id="s7:l5">Zy waren zoo vrolijk en zoo bly,</l>
        <l id="s7:l6">Geen konings banket en heeft er by.</l>
      </lg>
      <lg id="s8" type="stanza">
        <l id="s8:l1">Na tafel dankten zy Onzen Heer,</l>
        <l id="s8:l2">En vielen op hun kniekens ne&#234;r.</l>
        <l id="s8:l3">Maria gaf hun een kruiseken,</l>
        <l id="s8:l4">Daertoe een suiker-huiseken,</l>
        <l id="s8:l5">En zong hen stillekens in den slaep,</l>
        <l id="s8:l6">En naer het stalleken zoo ging het schaep.</l>
      </lg>
    </lg>
  </text>
</song>