<song>
  <meta>
    <id>123273</id>
    <date>
      <year-start>1864</year-start>
      <year-end>1864</year-end>
    </date>
    <location>
      <orginal-name>gent?</orginal-name>
      <standard-name>Gent, Belgium</standard-name>
      <coordinates>
        <lon>51.0538286</lon>
        <lat>3.7250121</lat>
      </coordinates>
    </location>
    <tags />
    <melody>Daar was een sneeuwwit vogeltje</melody>
  <author>Anonymous</author></meta>
  <text>
    <lg type="song">
      <lg id="s1" type="stanza">
        <l id="s1:l1">Daer was een sneeuwwit vo-gel-tje, daer was een sneeuwwit vo-gel-tje</l>
        <l id="s1:l2">al op een ste-ken door-netje, din, don, deine, al op een</l>
        <l id="s1:l3">ste-ken door-netje, din, don, don.</l>
      </lg>
      <lg id="s2" type="stanza">
        <l id="s2:l1">&#8216;Wilt gy mijnheer de bode zijn?&#8217;</l>
        <l id="s2:l2">- &#8216;Mijnheer de bood' wil ik wel zijn.&#8217;</l>
        <l id="s2:l3">Din, don, deine.</l>
      </lg>
      <lg id="s3" type="stanza">
        <l id="s3:l1">&#8216;Hy nam den brief in zijnen bek,</l>
        <l id="s3:l2">Hy vloog er mede tot over 't hek.</l>
        <l id="s3:l3">Din, don, deine.</l>
      </lg>
      <lg id="s4" type="stanza">
        <l id="s4:l1">Hy vloog er me&#234; tot zijn liefs deur:</l>
        <l id="s4:l2">&#8216;En slacpje, of waekje, of zijt gy dood?&#8217;</l>
        <l id="s4:l3">Din, don, deine.</l>
      </lg>
      <lg id="s5" type="stanza">
        <l id="s5:l1">- &#8216;'k En slape noch 'k en wake niet,</l>
        <l id="s5:l2">Ik ben getrouwd al een half jaer.&#8217;</l>
        <l id="s5:l3">Din, don, deine.</l>
      </lg>
      <lg id="s6" type="stanza">
        <l id="s6:l1">- &#8216;Zijt gy getrouwd al een half jaer,</l>
        <l id="s6:l2">Het dochte my wel duizend jaer.&#8217;</l>
        <l id="s6:l3">Din, don, daine.</l>
      </lg>
    </lg>
  </text>
</song>