<song>
  <meta>
    <id>123239</id>
    <date>
      <year-start>1848</year-start>
      <year-end>1848</year-end>
    </date>
    <location>
      <orginal-name>gent</orginal-name>
      <standard-name>Gent, Belgium</standard-name>
      <coordinates>
        <lon>51.0538286</lon>
        <lat>3.7250121</lat>
      </coordinates>
    </location>
    <tags>
      <tag standard-name="dialooglied" translation="dialogue song">dialooglied</tag>
      <tag standard-name="liefdeslied" translation="love song">liefdeslied</tag>
    </tags>
    <melody />
    <categories>
      <category translation="love and sex">liefde en seks</category>
      <category translation="formal genres">formele genres</category>
    </categories>
  <author>Anonymous</author></meta>
  <text>
    <lg type="song">
      <lg id="s1" type="stanza">
        <l id="s1:l1">&#8216;'k Heb hier soo lang staen wachten,</l>
        <l id="s1:l2">Mijn soete hertsvriendin,</l>
        <l id="s1:l3">Soo vele lange nachten:</l>
        <l id="s1:l4">Ik bid u laet my in.</l>
      </lg>
      <lg id="s2" type="stanza">
        <l id="s2:l1">Ik kwam door sneeuw en regen,</l>
        <l id="s2:l2">Door weder suer en soet,</l>
        <l id="s2:l3">Ik ben u soo genegen:</l>
        <l id="s2:l4">Uw deur my open doet.&#8217;</l>
      </lg>
      <lg id="s3" type="stanza">
        <l id="s3:l1">- &#8216;Wie hoor ik hier soo late</l>
        <l id="s3:l2">Staen singen voor mijn deur,</l>
        <l id="s3:l3">By nachten op de strate?</l>
        <l id="s3:l4">Staek jongman uw getreur!</l>
      </lg>
      <lg id="s4" type="stanza">
        <l id="s4:l1">Ik bid u, laet my rusten,</l>
        <l id="s4:l2">Ik hoor naer geen gevlei;</l>
        <l id="s4:l3">'k Versma&#234; de minnelusten,</l>
        <l id="s4:l4">Het is bedriegery.&#8217;</l>
      </lg>
      <lg id="s5" type="stanza">
        <l id="s5:l1">- &#8216;'k Wou dat de donderwolken</l>
        <l id="s5:l2">Neerdaelden op my af,</l>
        <l id="s5:l3">Of dat de helsche kolken</l>
        <l id="s5:l4">My zwolgen in het graf,</l>
      </lg>
      <lg id="s6" type="stanza">
        <l id="s6:l1">Zoo 'k u, mijn honingbieken,</l>
        <l id="s6:l2">Wil brengen in den rouw.</l>
        <l id="s6:l3">Ach! laet my toch een li&#234;ken</l>
        <l id="s6:l4">U zingen van mijn trouw.&#8217;</l>
      </lg>
      <lg id="s7" type="stanza">
        <l id="s7:l1">- &#8216;Uw trouwe, lieve minnaer,</l>
        <l id="s7:l2">Heeft mijn jong hert gewond.</l>
        <l id="s7:l3">Kom in, gy zijt verwinnaer:</l>
        <l id="s7:l4">Mijn hert is u gejond.</l>
      </lg>
    </lg>
  </text>
</song>