<song>
  <meta>
    <id>123228</id>
    <date>
      <year-start>1864</year-start>
      <year-end>1864</year-end>
    </date>
    <location>
      <orginal-name>gent?</orginal-name>
      <standard-name>Gent, Belgium</standard-name>
      <coordinates>
        <lon>51.0538286</lon>
        <lat>3.7250121</lat>
      </coordinates>
    </location>
    <tags>
      <tag standard-name="vaderlands lied" translation="patriotic song">vaderlands lied</tag>
      <tag standard-name="drinklied" translation="drinking song">drinklied</tag>
    </tags>
    <melody>Amis la matin&#233;e est belle</melody>
    <categories>
      <category translation="amusement">vermaak</category>
      <category translation="politics and history">politiek en geschiedenis</category>
    </categories>
  <author>Anonymous</author></meta>
  <text>
    <lg type="song">
      <lg id="s1" type="stanza">
        <l id="s1:l1">Wy zyn de koe-ne vlaemsche knapen,</l>
        <l id="s1:l2">met jeug-dig bloed in 't vlaemsche lyf;</l>
        <l id="s1:l3">wy houden niet van lang te slapen,</l>
        <l id="s1:l4">noch zit-ten droomen koud en styf.</l>
        <l id="s1:l5">Wy min-nen de blygees-tigheid,</l>
        <l id="s1:l6">on-der ons hier gezeid,</l>
        <l id="s1:l7">de vlaemsche vreugd en poesle vlaemsche meid.</l>
      </lg>
      <lg id="s2" type="stanza">
        <l id="s2:l1">Wy minnen, ja, de vlaemsche zeden,</l>
        <l id="s2:l2">En dus ook 't vlaemsche gerstensap;</l>
        <l id="s2:l3">Het smaekte ons nooit zoo goed als heden.</l>
        <l id="s2:l4">Lang leev' de bruin beschuimde nap!</l>
        <l id="s2:l5">Wy minnen de blygeestigbeid,</l>
        <l id="s2:l6">Onder ons hier gezeid,</l>
        <l id="s2:l7">Het vlaemsche bier en poesle vlaemsche meid.</l>
      </lg>
      <lg id="s3" type="stanza">
        <l id="s3:l1">Het doel waerom wy hier vergaedren</l>
        <l id="s3:l2">Is 't stryden voor de moedertael.</l>
        <l id="s3:l3">Wy zingen in de tael der vaedren,</l>
        <l id="s3:l4">Ten spyt van sieur Sigart den Wael.</l>
        <l id="s3:l5">Wy minnen de blygeestigheid,</l>
        <l id="s3:l6">Onder ons hier gezeid,</l>
        <l id="s3:l7">De vlaemsche tael en poesle vlaemsche meid.</l>
      </lg>
    </lg>
  </text>
</song>