<song>
  <meta>
    <id>123263</id>
    <date>
      <year-start>1864</year-start>
      <year-end>1864</year-end>
    </date>
    <location>
      <orginal-name>gent?</orginal-name>
      <standard-name>Gent, Belgium</standard-name>
      <coordinates>
        <lon>51.0538286</lon>
        <lat>3.7250121</lat>
      </coordinates>
    </location>
    <tags>
      <tag standard-name="drinklied" translation="drinking song">drinklied</tag>
      <tag standard-name="liefdeslied" translation="love song">liefdeslied</tag>
    </tags>
    <melody>Ik breng u op een dronkje</melody>
    <categories>
      <category translation="love and sex">liefde en seks</category>
      <category translation="amusement">vermaak</category>
    </categories>
  <author>Anonymous</author></meta>
  <text>
    <lg type="song">
      <lg id="s1" type="stanza">
        <l id="s1:l1">Ik breng u op een dronkje,</l>
        <l id="s1:l2">Een kusje en een lonkje,</l>
        <l id="s1:l3">Dit glaasje dat ge ziet.</l>
        <l id="s1:l4">Ons ouders hadden reden,</l>
        <l id="s1:l5">Dat 't zij zoo geeren deden,</l>
        <l id="s1:l6">Wel waarom wij dan niet?</l>
      </lg>
      <lg id="s2" type="stanza">
        <l id="s2:l1">Wat is dat wijntje krachtig,</l>
        <l id="s2:l2">Die lonkjes engelachtig,</l>
        <l id="s2:l3">Hoe kittelt mij die zoen!</l>
        <l id="s2:l4">Laat andren mij benijden;</l>
        <l id="s2:l5">Dat stel ik aan een zijde,</l>
        <l id="s2:l6">Als ik het maar mag doen.</l>
      </lg>
    </lg>
  </text>
</song>