<song>
  <meta>
    <id>123226</id>
    <date>
      <year-start>1848</year-start>
      <year-end>1848</year-end>
    </date>
    <location>
      <orginal-name>gent</orginal-name>
      <standard-name>Gent, Belgium</standard-name>
      <coordinates>
        <lon>51.0538286</lon>
        <lat>3.7250121</lat>
      </coordinates>
    </location>
    <tags>
      <tag standard-name="dialooglied" translation="dialogue song">dialooglied</tag>
      <tag standard-name="liefdeslied" translation="love song">liefdeslied</tag>
      <tag standard-name="troostlied" translation="consolation song">troostlied</tag>
    </tags>
    <melody />
    <categories>
      <category translation="love and sex">liefde en seks</category>
      <category translation="formal genres">formele genres</category>
      <category translation="emotions">emoties</category>
    </categories>
  <author>Anonymous</author></meta>
  <text>
    <lg type="song">
      <lg id="s1" type="stanza">
        <l id="s1:l1">- &#8216;Liefste Rosalinde, waerom weende gy?</l>
        <l id="s1:l2">Zeg my wat is d'oorzaek van uw droef geschrey?</l>
        <l id="s1:l3">Mooglijk dat ik u zou kunnen maken blij:</l>
        <l id="s1:l4">Waerom zucht gy,</l>
        <l id="s1:l5">Waerom ducht gy,</l>
        <l id="s1:l6">Zeg het my?&#8217;</l>
      </lg>
      <lg id="s2" type="stanza">
        <l id="s2:l1">- &#8216;Jongman, ach mijn droefheyd is al veel te groot:</l>
        <l id="s2:l2">Ik beween mijn vaders en mijn moeders dood!</l>
        <l id="s2:l3">'K zit hier nu alleen, ik ween, ik zucht, ik krijt:</l>
        <l id="s2:l4">Vader, moeder,</l>
        <l id="s2:l5">Zuster, broeder</l>
        <l id="s2:l6">Ben ik kwijt.&#8217;</l>
      </lg>
      <lg id="s3" type="stanza">
        <l id="s3:l1">- &#8216;Zoete Rosalinde, 't doet my-zelven pijn:</l>
        <l id="s3:l2">'K wenschte dat uw droefheyd wesen mocht de mijn;</l>
        <l id="s3:l3">Dat wy samen zuchten moesten in 't gemeen;</l>
        <l id="s3:l4">Ik zou helpen,</l>
        <l id="s3:l5">Ik zou stelpen</l>
        <l id="s3:l6">Uw geween.&#8217;</l>
      </lg>
      <lg id="s4" type="stanza">
        <l id="s4:l1">- &#8216;Jongman, ik bedank u, dat gy in mijn smart</l>
        <l id="s4:l2">Tracht te zijn de trooster van mijn lijdend hart;</l>
        <l id="s4:l3">Maer gy troost met woorden, en ik krijg daerom</l>
        <l id="s4:l4">Mijn beminde</l>
        <l id="s4:l5">Doode vrinden</l>
        <l id="s4:l6">Niet weerom.&#8217;</l>
      </lg>
      <lg id="s5" type="stanza">
        <l id="s5:l1">- &#8216;Is het dat mijn trouwe dienst aen u behaegt,</l>
        <l id="s5:l2">Ik zal uw beschermer wezen, zoete maegd.</l>
        <l id="s5:l3">D'echte man, waer m'ouders om verlaten moet,</l>
        <l id="s5:l4">Is u nader</l>
        <l id="s5:l5">Dan uw vader</l>
        <l id="s5:l6">En uw bloed.&#8217;</l>
      </lg>
      <lg id="s6" type="stanza">
        <l id="s6:l1">- &#8216;Zoetjens wat, o jongman! meent gy dat een maegd</l>
        <l id="s6:l2">Zoo terstond tot iemand wederliefde draegt?</l>
        <l id="s6:l3">Van de jagers wordt het wild verfoeyd,</l>
        <l id="s6:l4">Dat zich vangen</l>
        <l id="s6:l5">Laet, of langen,</l>
        <l id="s6:l6">Zonder moeyt.&#8217;</l>
      </lg>
      <lg id="s7" type="stanza">
        <l id="s7:l1">- &#8216;Denk toch, Rosalinde, dat mijn hart u mint</l>
        <l id="s7:l2">Meer dan eenig vader mint zijn eygen kind!</l>
        <l id="s7:l3">'K heb u lang verkoren om te zijn mijn vrouw:</l>
        <l id="s7:l4">Rosalinde,</l>
        <l id="s7:l5">Mijn beminde,</l>
        <l id="s7:l6">Geef m'uw trouw!&#8217;</l>
      </lg>
      <lg id="s8" type="stanza">
        <l id="s8:l1">Eer de tiende maend zal zien haer zonneschijn,</l>
        <l id="s8:l2">Liefste, zult gy moeder en ik vader zijn.</l>
        <l id="s8:l3">En zoo zult gy wederkrijgen van den Heer</l>
        <l id="s8:l4">Vader, moeder,</l>
        <l id="s8:l5">Zuster, broeder,</l>
        <l id="s8:l6">En nog meer!&#8217;</l>
      </lg>
    </lg>
  </text>
</song>