<song>
  <meta>
    <id>123259</id>
    <date>
      <year-start>1864</year-start>
      <year-end>1864</year-end>
    </date>
    <location>
      <orginal-name>gent?</orginal-name>
      <standard-name>Gent, Belgium</standard-name>
      <coordinates>
        <lon>51.0538286</lon>
        <lat>3.7250121</lat>
      </coordinates>
    </location>
    <tags>
      <tag standard-name="drinklied" translation="drinking song">drinklied</tag>
    </tags>
    <melody>Parlons d'amour</melody>
    <categories>
      <category translation="amusement">vermaak</category>
    </categories>
  <author>Anonymous</author></meta>
  <text>
    <lg type="song">
      <lg id="s1" type="stanza">
        <l id="s1:l1">Sa wel aan!</l>
        <l id="s1:l2">Laat ons te samen drinken.</l>
        <l id="s1:l3">Sa wel aan!</l>
        <l id="s1:l4">Dit dient eens rond te gaan;</l>
        <l id="s1:l5">Want deze wijn,</l>
        <l id="s1:l6">Die eerlijk staat te blinken,</l>
        <l id="s1:l7">Want deze wijn</l>
        <l id="s1:l8">Bevrijdt het hart van pijn.</l>
      </lg>
      <lg id="s2" type="stanza">
        <l id="s2:l1">Welk eene vreugd</l>
        <l id="s2:l2">Geeft die aan onze zinnen!</l>
        <l id="s2:l3">Welk eene vreugd</l>
        <l id="s2:l4">Geeft dit aan onze jeugd!</l>
        <l id="s2:l5">Laat ons altijd</l>
        <l id="s2:l6">God Bacchus geerne minnen,</l>
        <l id="s2:l7">Die ons altijd</l>
        <l id="s2:l8">Van alle smart bevrijdt.</l>
      </lg>
      <lg id="s3" type="stanza">
        <l id="s3:l1">Laten wij</l>
        <l id="s3:l2">Terwijl de druppels blinken,</l>
        <l id="s3:l3">Laten wij</l>
        <l id="s3:l4">Eens kussen, zij aan zij!</l>
        <l id="s3:l5">Dan zal de wijn</l>
        <l id="s3:l6">Veel zoeter zijn in 't drinken,</l>
        <l id="s3:l7">Dan zal de wijn</l>
        <l id="s3:l8">Veel aangenamer zijn.</l>
      </lg>
    </lg>
  </text>
</song>