<song>
  <meta>
    <id>123205</id>
    <date>
      <year-start>1848</year-start>
      <year-end>1848</year-end>
    </date>
    <location>
      <orginal-name>gent</orginal-name>
      <standard-name>Gent, Belgium</standard-name>
      <coordinates>
        <lon>51.0538286</lon>
        <lat>3.7250121</lat>
      </coordinates>
    </location>
    <tags>
      <tag standard-name="verhalend lied" translation="narrative song">verhalend lied</tag>
      <tag standard-name="pelgrimslied" translation="pilgrim song">pelgrimslied</tag>
    </tags>
    <melody>Van de vier gasten</melody>
    <categories>
      <category translation="narratives">verhalen</category>
      <category translation="religion">godsdienst</category>
    </categories>
  <author>Anonymous</author></meta>
  <text>
    <lg type="song">
      <lg id="s1" type="stanza">
        <l id="s1:l1">Hoort vrienden, luystert naer dit lied,</l>
        <l id="s1:l2">Gy christelijke scharen!</l>
        <l id="s1:l3">Wat dat vier gasten is geschied</l>
        <l id="s1:l4">Die kameraden waren:</l>
        <l id="s1:l5">Zy maekten samen eenen band</l>
        <l id="s1:l6">Om te bezoeken 't heylig land,</l>
        <l id="s1:l7">En niet we&#234;rom te keeren,</l>
        <l id="s1:l8">Zy zagen 't graf des Heeren.</l>
      </lg>
      <lg id="s2" type="stanza">
        <l id="s2:l1">Hun blijden tocht is haest vergaen</l>
        <l id="s2:l2">In groote tribulatie;</l>
        <l id="s2:l3">Want eenen schrik kwam hun daer aen</l>
        <l id="s2:l4">Door duivelsche temtatie.</l>
        <l id="s2:l5">Twee tigers kwamen met getier;</l>
        <l id="s2:l6">De gasten riepen alle vier:</l>
        <l id="s2:l7">&#8216;O God, wat komt ons tegen</l>
        <l id="s2:l8">Op dees bedroefde wegen!&#8217;</l>
      </lg>
      <lg id="s3" type="stanza">
        <l id="s3:l1">- &#8216;Laet my alleen op deze baen,&#8217;</l>
        <l id="s3:l2">Sprak een met groot bezwaren,</l>
        <l id="s3:l3">&#8216;'k En ben te biechten niet gegaen</l>
        <l id="s3:l4">Den tijd van negen jaren.</l>
        <l id="s3:l5">Voorwaer mijn zonden zijn zoo groot,</l>
        <l id="s3:l6">Reyst gylie met u dryen voort;</l>
        <l id="s3:l7">Want God die mocht u plagen</l>
        <l id="s3:l8">Voor mijn voorleden dagen.&#8217;</l>
      </lg>
      <lg id="s4" type="stanza">
        <l id="s4:l1">Toen spraken d'ander dry getrouw:</l>
        <l id="s4:l2">&#8216;En wilt niet droevig wezen!</l>
        <l id="s4:l3">De litanie van Ons Liev' Vrouw</l>
        <l id="s4:l4">Zullen wy voor u lezen.&#8217;</l>
        <l id="s4:l5">De tigers zijn verdwenen ras,</l>
        <l id="s4:l6">En, daer het hun begeerte was,</l>
        <l id="s4:l7">Zy trokken voort te samen,</l>
        <l id="s4:l8">Tot z'in Jerusalem kwamen.</l>
      </lg>
      <lg id="s5" type="stanza">
        <l id="s5:l1">Zy kregen daer, na biecht en boet,</l>
        <l id="s5:l2">Het vleesch en bloed des heeren;</l>
        <l id="s5:l3">Want hun berouw, oprecht en goed,</l>
        <l id="s5:l4">Bleek ook in 't wederkeeren.</l>
        <l id="s5:l5">De gast, weleer vol zonden groot,</l>
        <l id="s5:l6">Bleef dicht by Barcelone dood:</l>
        <l id="s5:l7">Daer lag hy, bloot van leden;</l>
        <l id="s5:l8">Een geest kwam opgetreden.</l>
      </lg>
      <lg id="s6" type="stanza">
        <l id="s6:l1">Hy sprak, &#8216;O gasten wilt nu saen,</l>
        <l id="s6:l2">Uw dooden vriend begraven;</l>
        <l id="s6:l3">Doch doet hem eerst dit schoon hemd aen,</l>
        <l id="s6:l4">Reyst dan langs bosch en hagen,</l>
        <l id="s6:l5">En vreest niet meer voor ongeval;</l>
        <l id="s6:l6">Ik weet wie u bewaren zal.</l>
        <l id="s6:l7">De litanie blijft lezen,</l>
        <l id="s6:l8">Gelijk gy deed voor dezen.</l>
      </lg>
    </lg>
  </text>
</song>