<song>
  <meta>
    <id>123298</id>
    <date>
      <year-start>1864</year-start>
      <year-end>1864</year-end>
    </date>
    <location>
      <orginal-name>gent?</orginal-name>
      <standard-name>Gent, Belgium</standard-name>
      <coordinates>
        <lon>51.0538286</lon>
        <lat>3.7250121</lat>
      </coordinates>
    </location>
    <tags>
      <tag standard-name="liefdesklacht" translation="love complaint">liefdesklacht</tag>
    </tags>
    <melody>De molenarin</melody>
    <categories>
      <category translation="love and sex">liefde en seks</category>
    </categories>
  <author>Anonymous</author></meta>
  <text>
    <lg type="song">
      <lg id="s1" type="stanza">
        <l id="s1:l1">Gestadige minne draeg ik altijd,</l>
        <l id="s1:l2">Dies lijdet mijn herte pijn.</l>
        <l id="s1:l3">Mogt ik nog zijn van haer verblijd,</l>
        <l id="s1:l4">Hoe vrolijk zoud' ik zijn!</l>
        <l id="s1:l5">Tot haer zoud' ik my keeren,</l>
        <l id="s1:l6">Geen ander lief begeeren,</l>
        <l id="s1:l7">Want zy is die allerliefste mijn.</l>
      </lg>
      <lg id="s2" type="stanza">
        <l id="s2:l1">Is 't niet een drukkelijk leven</l>
        <l id="s2:l2">Te derven die ik min?</l>
        <l id="s2:l3">Ik had er my toe begeven,</l>
        <l id="s2:l4">Ik en was niet dan een kind;</l>
        <l id="s2:l5">Ik dede 't in korter uren</l>
        <l id="s2:l6">Wat ik lange moet bezuren;</l>
        <l id="s2:l7">Eilaes, ik was zoo zeer verblind!</l>
      </lg>
      <lg id="s3" type="stanza">
        <l id="s3:l1">Toen ik laetste met oogen aenzag</l>
        <l id="s3:l2">Die mijn herteken heeft beva&#234;n,</l>
        <l id="s3:l3">Toen was ik vrolijk nacht ende dag;</l>
        <l id="s3:l4">Ende nu is 't al gedaen.</l>
        <l id="s3:l5">Van haer ben ik gescheiden,</l>
        <l id="s3:l6">Allen druk moet ik verbeiden,</l>
        <l id="s3:l7">Ik mag wel treurig gaen.</l>
      </lg>
    </lg>
  </text>
</song>