<song>
  <meta>
    <id>123231</id>
    <date>
      <year-start>1848</year-start>
      <year-end>1848</year-end>
    </date>
    <location>
      <orginal-name>gent</orginal-name>
      <standard-name>Gent, Belgium</standard-name>
      <coordinates>
        <lon>51.0538286</lon>
        <lat>3.7250121</lat>
      </coordinates>
    </location>
    <tags>
      <tag standard-name="dialooglied" translation="dialogue song">dialooglied</tag>
      <tag standard-name="herderslied" translation="pastoral song">herderslied</tag>
    </tags>
    <melody>De martelares Agniet</melody>
    <categories>
      <category translation="love and sex">liefde en seks</category>
      <category translation="formal genres">formele genres</category>
    </categories>
  <author>Anonymous</author></meta>
  <text>
    <lg type="song">
      <lg id="s1" type="stanza">
        <l id="s1:l1">&#8216;Den echo van uw klacht</l>
        <l id="s1:l2">Heeft my tot hier gebracht.</l>
        <l id="s1:l3">O herder,</l>
        <l id="s1:l4">Loopt niet verder</l>
        <l id="s1:l5">In den nacht:</l>
        <l id="s1:l6">Ontdeckt uw koene</l>
        <l id="s1:l7">Herte stout,</l>
        <l id="s1:l8">Ik ben de groene</l>
        <l id="s1:l9">God van 't woud.&#8217;</l>
      </lg>
      <lg id="s2" type="stanza">
        <l id="s2:l1">- &#8216;Soo gy der goden sijt,</l>
        <l id="s2:l2">'t Is wonder dat gy lijdt</l>
        <l id="s2:l3">Wat tegen</l>
        <l id="s2:l4">d' Onbewegen</l>
        <l id="s2:l5">Reden strijdt!</l>
        <l id="s2:l6">Of is uw krachte</l>
        <l id="s2:l7">Niet een zier</l>
        <l id="s2:l8">By dit verachte</l>
        <l id="s2:l9">Minnevier?</l>
      </lg>
      <lg id="s3" type="stanza">
        <l id="s3:l1">- &#8216;Jupijn, die 't al gebiedt,</l>
        <l id="s3:l2">En kost ontkomen niet,</l>
        <l id="s3:l3">Noch swichten</l>
        <l id="s3:l4">Voor de schichten</l>
        <l id="s3:l5">Vol verdriet.</l>
        <l id="s3:l6">Wie van de goden</l>
        <l id="s3:l7">Heeft er ooit</l>
        <l id="s3:l8">Dit vuer ontvloden?</l>
        <l id="s3:l9">Niemand nooit.&#8217;</l>
      </lg>
      <lg id="s4" type="stanza">
        <l id="s4:l1">- &#8216;Maer segt, hoe magt 't geschien</l>
        <l id="s4:l2">Dat oude grijze li&#234;n</l>
        <l id="s4:l3">Het minnen,</l>
        <l id="s4:l4">Dol van zinnen,</l>
        <l id="s4:l5">Niet en vli&#234;n?</l>
        <l id="s4:l6">Dat jonge menschen</l>
        <l id="s4:l7">Sterven schier,</l>
        <l id="s4:l8">Eer zy hun wenschen</l>
        <l id="s4:l9">Hebben hier?&#8217;</l>
      </lg>
      <lg id="s5" type="stanza">
        <l id="s5:l1">- &#8216;Geen vogel, dier of visch</l>
        <l id="s5:l2">De min ontkomen is;</l>
        <l id="s5:l3">Ik meene</l>
        <l id="s5:l4">Zy schiet geene</l>
        <l id="s5:l5">Pijlen mis;</l>
        <l id="s5:l6">Zy treft de menschen,</l>
        <l id="s5:l7">Klein en groot,</l>
        <l id="s5:l8">Of naer hun wenschen,</l>
        <l id="s5:l9">Of ter dood.&#8217;</l>
      </lg>
    </lg>
  </text>
</song>