<song>
  <meta>
    <id>123218</id>
    <date>
      <year-start>1864</year-start>
      <year-end>1864</year-end>
    </date>
    <location>
      <orginal-name>gent?</orginal-name>
      <standard-name>Gent, Belgium</standard-name>
      <coordinates>
        <lon>51.0538286</lon>
        <lat>3.7250121</lat>
      </coordinates>
    </location>
    <tags>
      <tag standard-name="vaderlands lied" translation="patriotic song">vaderlands lied</tag>
      <tag standard-name="klaaglied" translation="lamentation">klaaglied</tag>
    </tags>
    <melody />
    <categories>
      <category translation="emotions">emoties</category>
      <category translation="politics and history">politiek en geschiedenis</category>
    </categories>
  <author>Anonymous</author></meta>
  <text>
    <lg type="song">
      <lg id="s1" type="stanza">
        <l id="s1:l1">O dierbaer land, gy oorzaek myner zuchten,</l>
        <l id="s1:l2">nog hygt voor u myn vaderlandsche borst,</l>
        <l id="s1:l3">ofschoon gy my naer 't vreemd gewest deedt vlugten,</l>
        <l id="s1:l4">om-dat ik eens uw heil be-vor-dren dorst.</l>
        <l id="s1:l5">Ik voel myn laet-ste ston-den na-dren,</l>
        <l id="s1:l6">myn geest stygt op naer hoo-ger sfeer;</l>
        <l id="s1:l7">vergun m'een graf by myne va-dren,</l>
        <l id="s1:l8">by myne va-dren een' rustplaets we&#234;r!</l>
      </lg>
      <lg id="s2" type="stanza">
        <l id="s2:l1">Zag ik nog eens uw lommerryke dreven;</l>
        <l id="s2:l2">Hoorde ik myn sprack nog eens uit broedermond;</l>
        <l id="s2:l3">Mogt ik een' vriend den gullen handdruk geven,</l>
        <l id="s2:l4">O driemael heilig ware my die stond!</l>
        <l id="s2:l5">Ik voel myn laet-ste ston-den na-dren,</l>
        <l id="s2:l6">myn geest stygt op naer hoo-ger sfeer;</l>
        <l id="s2:l7">vergun m'een graf by myne va-dren,</l>
        <l id="s2:l8">by myne va-dren een' rustplaets we&#234;r!</l>
      </lg>
      <lg id="s3" type="stanza">
        <l id="s3:l1">Mogt ik nog eens aen mynen boezem prangen</l>
        <l id="s3:l2">De schoone vrouw, die ik zoo zeer bemin!</l>
        <l id="s3:l3">Mogt ik, o God! den moederkus ontvangen,</l>
        <l id="s3:l4">O! wel te vre&#232; stapte ik den grafkuil in!</l>
        <l id="s3:l5">Ik voel myn laet-ste ston-den na-dren,</l>
        <l id="s3:l6">myn geest stygt op naer hoo-ger sfeer;</l>
        <l id="s3:l7">vergun m'een graf by myne va-dren,</l>
        <l id="s3:l8">by myne va-dren een' rustplaets we&#234;r!</l>
      </lg>
      <lg id="s4" type="stanza">
        <l id="s4:l1">De banneling, by 's levens laetste palen,</l>
        <l id="s4:l2">O Vaderland, wenscht u nog alle goed,</l>
        <l id="s4:l3">En met geluk zal hy ten grave dalen,</l>
        <l id="s4:l4">Als zyne dood u eenig voordeel doet.</l>
        <l id="s4:l5">Ik voel myn laet-ste ston-den na-dren,</l>
        <l id="s4:l6">myn geest stygt op naer hoo-ger sfeer;</l>
        <l id="s4:l7">vergun m'een graf by myne va-dren,</l>
        <l id="s4:l8">by myne va-dren een' rustplaets we&#234;r!</l>
      </lg>
    </lg>
  </text>
</song>