<song>
  <meta>
    <id>123347</id>
    <date>
      <year-start>1848</year-start>
      <year-end>1848</year-end>
    </date>
    <location>
      <orginal-name>gent</orginal-name>
      <standard-name>Gent, Belgium</standard-name>
      <coordinates>
        <lon>51.0538286</lon>
        <lat>3.7250121</lat>
      </coordinates>
    </location>
    <tags>
      <tag standard-name="verhalend lied" translation="narrative song">verhalend lied</tag>
      <tag standard-name="liefdeslied" translation="love song">liefdeslied</tag>
    </tags>
    <melody>'s Nachts toen een blauw gesterd kleed</melody>
    <categories>
      <category translation="love and sex">liefde en seks</category>
      <category translation="narratives">verhalen</category>
    </categories>
  <author>Anonymous</author></meta>
  <text>
    <lg type="song">
      <lg id="s1" type="stanza">
        <l id="s1:l1">'s Nachts doen een blauw gestarde kleed</l>
        <l id="s1:l2">Bedekten 't blauw gewelf,</l>
        <l id="s1:l3">Docht my ick sagh een kind dat kreet,</l>
        <l id="s1:l4">En 't was Cupido self,</l>
        <l id="s1:l5">Die sloegh vast sijn ghesicht om hoogh,</l>
        <l id="s1:l6">En klapten in sijn handen:</l>
        <l id="s1:l7">Ach! (seyd hy) ick wil mijn pijlen en mijn boog</l>
        <l id="s1:l8">Van stonden aen verbranden.</l>
      </lg>
      <lg id="s2" type="stanza">
        <l id="s2:l1">'t Wicht klaegden noch hoe langs hoe meer,</l>
        <l id="s2:l2">De tranen borsten uyt,</l>
        <l id="s2:l3">En rolden by sijn wangen neer;</l>
        <l id="s2:l4">Het maeckten een geluydt,</l>
        <l id="s2:l5">Dat het alder-hardste hart van steen</l>
        <l id="s2:l6">Sou tranen moeten braken:</l>
        <l id="s2:l7">Ach! (seyd hy) wanneer sal ick yeder een</l>
        <l id="s2:l8">Te passe konnen maken?</l>
      </lg>
      <lg id="s3" type="stanza">
        <l id="s3:l1">Sien ick eens harders armoed aen,</l>
        <l id="s3:l2">En dwing eens konings kind</l>
        <l id="s3:l3">Dat hy, door liefd', nae haer te gaen</l>
        <l id="s3:l4">Met al sijn schat begind,</l>
        <l id="s3:l5">So houd' ick regel, maet, noch r&#233;en,</l>
        <l id="s3:l6">Ick kan geen g'lijcke raken:</l>
        <l id="s3:l7">Maer hoe soud' ick doch het konnen yeder een</l>
        <l id="s3:l8">So nau te passe maken?</l>
      </lg>
      <lg id="s4" type="stanza">
        <l id="s4:l1">So ick dan twee gelijcke voegh</l>
        <l id="s4:l2">In rijckdom by malkaer,</l>
        <l id="s4:l3">So ist: was zy niet rijck genoegh,</l>
        <l id="s4:l4">Al vrijden hy een aer?</l>
        <l id="s4:l5">Een schoon', hoewel van midd'len kleen?</l>
        <l id="s4:l6">So mocht haer armoed staken:</l>
        <l id="s4:l7">Maer hoe soud' ick doch het konen yeder een</l>
        <l id="s4:l8">So nau te passe maken?</l>
      </lg>
      <lg id="s5" type="stanza">
        <l id="s5:l1">Voegh ick dan t' saem twee ongeleerd</l>
        <l id="s5:l2">Om 't smalen eens t' ontgaen,</l>
        <l id="s5:l3">So ist: ey siet, dit 's recht verkeerd,</l>
        <l id="s5:l4">Dees heeft hy niet gedaen!</l>
        <l id="s5:l5">Was nu noch een wijs van hun tween,</l>
        <l id="s5:l6">Die mocht voor d'ander waken!</l>
        <l id="s5:l7">Maer hoe soud' ick doch het konen yeder een</l>
        <l id="s5:l8">So nau te passe maken?</l>
      </lg>
      <lg id="s6" type="stanza">
        <l id="s6:l1">So ick dan dien ick 't wijste ken</l>
        <l id="s6:l2">Voegh by een slechte meyd,</l>
        <l id="s6:l3">Ist voort: nu heeft een wijse hen</l>
        <l id="s6:l4">Een ey in 't riedt geleyd;</l>
        <l id="s6:l5">Het geen hy prijst, sal (soo ick meen)</l>
        <l id="s6:l6">Sijn wijf wel dapper laken:</l>
        <l id="s6:l7">Maer hoe soud' ick doch het konen yeder een</l>
        <l id="s6:l8">So nau te passe maken?</l>
      </lg>
      <lg id="s7" type="stanza">
        <l id="s7:l1">So ick dan twee geleerde pijn</l>
        <l id="s7:l2">Te voegen om een prijs,</l>
        <l id="s7:l3">So ist: die twee die sullen sijn</l>
        <l id="s7:l4">Een yeder een te wijs.</l>
        <l id="s7:l5">D'een geeft hy 't al, en d'ander geen</l>
        <l id="s7:l6">Geluck in sijne saken:</l>
        <l id="s7:l7">Maer hoe soud' ick doch het konen yeder een</l>
        <l id="s7:l8">So nau te passe maken?</l>
      </lg>
      <lg id="s8" type="stanza">
        <l id="s8:l1">Want, g'lijck die aen den wegh yet boud</l>
        <l id="s8:l2">Veel aenstoots lijden moet,</l>
        <l id="s8:l3">So oock den selfden regel houd</l>
        <l id="s8:l4">'t Geen men in 't vryen doet,</l>
        <l id="s8:l5">Als d'een seyd iae, seydt d'ander neen,</l>
        <l id="s8:l6">Elck pooghd mijn lof t' ontschaken:</l>
        <l id="s8:l7">Maer ick denck: hoe soud' ick het een yeder een</l>
        <l id="s8:l8">Te passe konen maken?</l>
      </lg>
      <lg id="s9" type="stanza">
        <l id="s9:l1">Uut was 't, midts schoot hy my een pijl,</l>
        <l id="s9:l2">En hy teegh voort op reys,</l>
        <l id="s9:l3">Hy lachten, dies ick inder ijl</l>
        <l id="s9:l4">Hem peurden naer sijn vleys;</l>
        <l id="s9:l5">Maer hy vloogh voor sint Felten heen</l>
        <l id="s9:l6">En liet mijn hart staen blaken.</l>
        <l id="s9:l7">Komt het dus (docht ick) dat ghy het yeder een</l>
        <l id="s9:l8">Niet kond te passe maken?</l>
      </lg>
    </lg>
  </text>
</song>