<song>
  <meta>
    <id>123322</id>
    <date>
      <year-start>1848</year-start>
      <year-end>1848</year-end>
    </date>
    <location>
      <orginal-name>gent</orginal-name>
      <standard-name>Gent, Belgium</standard-name>
      <coordinates>
        <lon>51.0538286</lon>
        <lat>3.7250121</lat>
      </coordinates>
    </location>
    <tags>
      <tag standard-name="liefdeslied" translation="love song">liefdeslied</tag>
      <tag standard-name="herderslied" translation="pastoral song">herderslied</tag>
    </tags>
    <melody>Ceu sate viever no son</melody>
    <categories>
      <category translation="love and sex">liefde en seks</category>
    </categories>
  <author>Anonymous</author></meta>
  <text>
    <lg type="song">
      <lg id="s1" type="stanza">
        <l id="s1:l1">O uitmuntende godin,</l>
        <l id="s1:l2">Als Cyprina weerd verheven,</l>
        <l id="s1:l3">Schoon volmaekte herderin,</l>
        <l id="s1:l4">Die mijn ziele troost kunt gheven;</l>
        <l id="s1:l5">Uw gezicht</l>
        <l id="s1:l6">Dat verlicht</l>
        <l id="s1:l7">Ende sticht</l>
        <l id="s1:l8">Mijn jeugdig leven.</l>
      </lg>
      <lg id="s2" type="stanza">
        <l id="s2:l1">Jont my uwen rooden mont</l>
        <l id="s2:l2">Eens te kussen uit medoogen,</l>
        <l id="s2:l3">Want ghy hebt mijn hert deurwond</l>
        <l id="s2:l4">Met uw blixemstralende oogen.</l>
        <l id="s2:l5">Maget, och,</l>
        <l id="s2:l6">Wilt my toch</l>
        <l id="s2:l7">Geen bedroch,</l>
        <l id="s2:l8">Maer liefde toogen.</l>
      </lg>
      <lg id="s3" type="stanza">
        <l id="s3:l1">Ik en acht op geld noch goed,</l>
        <l id="s3:l2">Edeldom noch hooge staten;</l>
        <l id="s3:l3">Toont my maer een trouw ghemoet,</l>
        <l id="s3:l4">Ik en sal u nooit verlaten;</l>
        <l id="s3:l5">Maer, tot spijt</l>
        <l id="s3:l6">Die 't benijdt,</l>
        <l id="s3:l7">Sijn altijdt</l>
        <l id="s3:l8">Tot uwer baten.</l>
      </lg>
      <lg id="s4" type="stanza">
        <l id="s4:l1">Denk toch niet dat ik met leed</l>
        <l id="s4:l2">U sou laten in het treuren,</l>
        <l id="s4:l3">Als my ooit van rijkdom breed</l>
        <l id="s4:l4">Mocht naer mijnen wensch ghebeuren.</l>
        <l id="s4:l5">'t Schaepken teer</l>
        <l id="s4:l6">Sou veeleer</l>
        <l id="s4:l7">Met verseer</l>
        <l id="s4:l8">Het lam verscheuren.</l>
      </lg>
    </lg>
  </text>
</song>