<song>
  <meta>
    <id>123326</id>
    <date>
      <year-start>1848</year-start>
      <year-end>1848</year-end>
    </date>
    <location>
      <orginal-name>gent</orginal-name>
      <standard-name>Gent, Belgium</standard-name>
      <coordinates>
        <lon>51.0538286</lon>
        <lat>3.7250121</lat>
      </coordinates>
    </location>
    <tags>
      <tag standard-name="loflied" translation="praise song">loflied</tag>
    </tags>
    <melody>Pronkje van de maagden</melody>
    <categories>
      <category translation="religion">godsdienst</category>
    </categories>
  <author>Anonymous</author></meta>
  <text>
    <lg type="song">
      <lg id="s1" type="stanza">
        <l id="s1:l1">Puyckjen van de maeghden,</l>
        <l id="s1:l2">Wie sal u vereeren!</l>
        <l id="s1:l3">Die elck een behaeghden,</l>
        <l id="s1:l4">Om u lof te meeren;</l>
        <l id="s1:l5">Wie sal niet begeeren</l>
        <l id="s1:l6">Te singhen uwe deughd?</l>
        <l id="s1:l7">U reden en zeden</l>
        <l id="s1:l8">Die gheven ons leven</l>
        <l id="s1:l9">En soete vreughd.</l>
      </lg>
      <lg id="s2" type="stanza">
        <l id="s2:l1">U schoon eerbaer wesen,</l>
        <l id="s2:l2">Overtreft de roosen:</l>
        <l id="s2:l3">Wijsheyt is te lesen</l>
        <l id="s2:l4">Als u kaexkens bloosen:</l>
        <l id="s2:l5">En u lieflijck koosen</l>
        <l id="s2:l6">Verfrischt een hoog gemoed:</l>
        <l id="s2:l7">U dagen behagen,</l>
        <l id="s2:l8">Ja 't leven sy geven</l>
        <l id="s2:l9">Wat liefde voed.</l>
      </lg>
      <lg id="s3" type="stanza">
        <l id="s3:l1">U schoonheyd beroerde,</l>
        <l id="s3:l2">En de&#234; gantsch beswijcken</l>
        <l id="s3:l3">'t Hert dat ons vervoerde,</l>
        <l id="s3:l4">Als ick u quam kijcken.</l>
        <l id="s3:l5">Nu wil ick niet wijcken</l>
        <l id="s3:l6">Van uwe deftigheyd:</l>
        <l id="s3:l7">U oogen vermoghen</l>
        <l id="s3:l8">Te leyden ons beyden</l>
        <l id="s3:l9">In vrolijckheyd.</l>
      </lg>
      <lg id="s4" type="stanza">
        <l id="s4:l1">Vrolijcheyd in eeren</l>
        <l id="s4:l2">Mach een maeghd genieten,</l>
        <l id="s4:l3">Achterklap te weeren</l>
        <l id="s4:l4">Moet haer niet verdrieten,</l>
        <l id="s4:l5">Strax de Nijd sal schieten</l>
        <l id="s4:l6">Op haer onschuldigh hert,</l>
        <l id="s4:l7">En stichten de schichten</l>
        <l id="s4:l8">Van 't minnen, als spinnen,</l>
        <l id="s4:l9">Met valsche smert.</l>
      </lg>
      <lg id="s5" type="stanza">
        <l id="s5:l1">Nijd, soekt ander wegen,</l>
        <l id="s5:l2">Ghy mooght hier niet blijven;</l>
        <l id="s5:l3">Ghy zijt hier verleghen,</l>
        <l id="s5:l4">Want wy u verdrijven:</l>
        <l id="s5:l5">Vreughd sal hier beklijven</l>
        <l id="s5:l6">Door eerbaerheyd en lust,</l>
        <l id="s5:l7">Met vreden bekleeden,</l>
        <l id="s5:l8">Met eeren verkeeren</l>
        <l id="s5:l9">Door deughd en rust.</l>
      </lg>
    </lg>
  </text>
</song>