<song>
  <meta>
    <id>123330</id>
    <date>
      <year-start>1848</year-start>
      <year-end>1848</year-end>
    </date>
    <location>
      <orginal-name>gent</orginal-name>
      <standard-name>Gent, Belgium</standard-name>
      <coordinates>
        <lon>51.0538286</lon>
        <lat>3.7250121</lat>
      </coordinates>
    </location>
    <tags>
      <tag standard-name="liefdeslied" translation="love song">liefdeslied</tag>
    </tags>
    <melody>Gelijk een roos in het groene veld</melody>
    <categories>
      <category translation="love and sex">liefde en seks</category>
    </categories>
  <author>Anonymous</author></meta>
  <text>
    <lg type="song">
      <lg id="s1" type="stanza">
        <l id="s1:l1">Gelijk een roos in 't groene veld,</l>
        <l id="s1:l2">Aen d'eenzaemheid gewend,</l>
        <l id="s1:l3">Door eenen storm wordt ne&#234;rgeveld</l>
        <l id="s1:l4">In 't midden van haer lent;</l>
        <l id="s1:l5">Dit lot is aen een maegt besteld,</l>
        <l id="s1:l6">Die de liefde niet en kent.</l>
      </lg>
      <lg id="s2" type="stanza">
        <l id="s2:l1">Wien heeft het leven ooit behaegd</l>
        <l id="s2:l2">'t En zy hy heeft bemind?</l>
        <l id="s2:l3">En die geen ware liefde draegt,</l>
        <l id="s2:l4">Kiest immers eenen vrind.</l>
        <l id="s2:l5">Zeg my wie is u lief, o maegt,</l>
        <l id="s2:l6">Die plaets in uw herte vindt.</l>
      </lg>
      <lg id="s3" type="stanza">
        <l id="s3:l1">Schoon dat gy met mijn woorden spot</l>
        <l id="s3:l2">Uw hert zal u verra&#234;n,</l>
        <l id="s3:l3">De pylen van den minnengod</l>
        <l id="s3:l4">En kunt gy niet ontgaen.</l>
        <l id="s3:l5">De liefde, neen, dat magtig lot</l>
        <l id="s3:l6">Kunt gy niet wederstaen.</l>
      </lg>
    </lg>
  </text>
</song>