<song>
  <meta>
    <id>123338</id>
    <date>
      <year-start>1848</year-start>
      <year-end>1848</year-end>
    </date>
    <location>
      <orginal-name>gent</orginal-name>
      <standard-name>Gent, Belgium</standard-name>
      <coordinates>
        <lon>51.0538286</lon>
        <lat>3.7250121</lat>
      </coordinates>
    </location>
    <tags>
      <tag standard-name="verhalend lied" translation="narrative song">verhalend lied</tag>
      <tag standard-name="liefdeslied" translation="love song">liefdeslied</tag>
    </tags>
    <melody>De mei die komt ons bij zeer blij</melody>
    <categories>
      <category translation="love and sex">liefde en seks</category>
      <category translation="narratives">verhalen</category>
    </categories>
  <author>Anonymous</author></meta>
  <text>
    <lg type="song">
      <lg id="s1" type="stanza">
        <l id="s1:l1">God Pan die zat in 't veld,</l>
        <l id="s1:l2">En teld'</l>
        <l id="s1:l3">Sijn schaepkens die daer weidden in het gras.</l>
        <l id="s1:l4">Sijn pijpen hy daer nam,</l>
        <l id="s1:l5">En klam</l>
        <l id="s1:l6">Op eenen berch daer 't seer genuchelijk was.</l>
        <l id="s1:l7">Int oog kreeg hy weldra</l>
        <l id="s1:l8">De schoone Silvia,</l>
        <l id="s1:l9">Die Corydon ontmoetende was.</l>
        <l id="s1:l10">Sy scheen zeer verstoord:</l>
        <l id="s1:l11">Hy leiddese voort</l>
        <l id="s1:l12">Door 't groene gras.</l>
      </lg>
      <lg id="s2" type="stanza">
        <l id="s2:l1">Corydon sprak: &#8216;Komt rust</l>
        <l id="s2:l2">Met lust,</l>
        <l id="s2:l3">O soete Silvia, wat nevens my!&#8217;</l>
        <l id="s2:l4">Een sucht haer toen ontvloot</l>
        <l id="s2:l5">Zeer groot;</l>
        <l id="s2:l6">Nochtans haer ooghskens lonckten van ter zy.</l>
        <l id="s2:l7">Corydon sprack haer toe:</l>
        <l id="s2:l8">&#8216;Mijn soete lief, wel hoe?</l>
        <l id="s2:l9">Ik ben niet verre, sucht gy om my.</l>
        <l id="s2:l10">Segt, herderinne</l>
        <l id="s2:l11">Quelt u de minne?</l>
        <l id="s2:l12">Komt klaegt my vry!&#8217;</l>
      </lg>
      <lg id="s3" type="stanza">
        <l id="s3:l1">- &#8216;Och neen, 't en is dat niet.</l>
        <l id="s3:l2">Maer ziet,</l>
        <l id="s3:l3">Mijn schaepkens sijn verstrooid al in het dal;</l>
        <l id="s3:l4">Een lammeken ick ghemis,</l>
        <l id="s3:l5">Ghewis</l>
        <l id="s3:l6">'t Is voor mijn hertjen een groot ongheval.</l>
        <l id="s3:l7">Corydon, laet ons gaen!&#8217;</l>
        <l id="s3:l8">- &#8216;Neen liefste, hoort my aen!</l>
        <l id="s3:l9">Int boschken groen is gheen gheschal,</l>
        <l id="s3:l10">Niets dan het ghewoel</l>
        <l id="s3:l11">Van bladerkens koel,</l>
        <l id="s3:l12">Mijn lief, mijn al!</l>
      </lg>
      <lg id="s4" type="stanza">
        <l id="s4:l1">Maer ziet daer ginder veer</l>
        <l id="s4:l2">Eens we&#234;r</l>
        <l id="s4:l3">De herders hebben een mei geplant,</l>
        <l id="s4:l4">Om met hun liefsten schoon</l>
        <l id="s4:l5">Ydoon</l>
        <l id="s4:l6">Te dansen minnelijk hand aen hand.</l>
        <l id="s4:l7">Ziet eens hoe vriendelijk soet</l>
        <l id="s4:l8">Elk nymph haer lief ontmoet,</l>
        <l id="s4:l9">Zy lonken al van minnebrand:</l>
        <l id="s4:l10">Ik lyde int herte</l>
        <l id="s4:l11">Zoo menighe smerte,</l>
        <l id="s4:l12">Maer blyve constant.</l>
      </lg>
      <lg id="s5" type="stanza">
        <l id="s5:l1">Dees mei ick presenteer</l>
        <l id="s5:l2">Met eer</l>
        <l id="s5:l3">Aen u, princesse, die mijn herte wond.</l>
        <l id="s5:l4">Vrouw Venus, de godin</l>
        <l id="s5:l5">Der min,</l>
        <l id="s5:l6">Doet 't al verblijden in het rond;</l>
        <l id="s5:l7">Zie 't vogheltjen met lust</l>
        <l id="s5:l8">Hoe het sijn gaeyken kust.</l>
        <l id="s5:l9">O Silvia, uw trou my jont!</l>
        <l id="s5:l10">Och, maechdeken reyne,</l>
        <l id="s5:l11">Verlost my van pijne</l>
        <l id="s5:l12">Op desen stond!&#8217;</l>
      </lg>
    </lg>
  </text>
</song>