<song>
  <meta>
    <id>123319</id>
    <date>
      <year-start>1848</year-start>
      <year-end>1848</year-end>
    </date>
    <location>
      <orginal-name>gent</orginal-name>
      <standard-name>Gent, Belgium</standard-name>
      <coordinates>
        <lon>51.0538286</lon>
        <lat>3.7250121</lat>
      </coordinates>
    </location>
    <tags>
      <tag standard-name="liefdesklacht" translation="love complaint">liefdesklacht</tag>
      <tag standard-name="historielied" translation="historical song">historielied</tag>
    </tags>
    <melody />
    <categories>
      <category translation="love and sex">liefde en seks</category>
      <category translation="politics and history">politiek en geschiedenis</category>
    </categories>
  <author>Anonymous</author></meta>
  <text>
    <lg type="song">
      <lg id="s1" type="stanza">
        <l id="s1:l1">Mijn lief schijnt my te haten,</l>
        <l id="s1:l2">Al klaeg ik haer mijn smart,</l>
        <l id="s1:l3">'t Mag al den bras niet baten,</l>
        <l id="s1:l4">Een ander heeft haer hart;</l>
        <l id="s1:l5">Zy lijdt een ander vryen,</l>
        <l id="s1:l6">En wil mijn min niet lyen,</l>
        <l id="s1:l7">Dat maekt my drommels desperaet,</l>
        <l id="s1:l8">En wanhoop maekt gemeenlijk een monnik of soldaet.</l>
      </lg>
      <lg id="s2" type="stanza">
        <l id="s2:l1">Wat is nu best begonnen?</l>
        <l id="s2:l2">Hoe raek ik aen mijn end?</l>
        <l id="s2:l3">In 't klooster by de nonnen,</l>
        <l id="s2:l4">Of by den heer Van Gend:</l>
        <l id="s2:l5">Voor 't eerst ben ik te geus toe,</l>
        <l id="s2:l6">En ook te genereus toe,</l>
        <l id="s2:l7">Wat raed in dezen droeven staet?</l>
        <l id="s2:l8">De wanhoop maekt gemeenlijk een monnik of soldaet.</l>
      </lg>
      <lg id="s3" type="stanza">
        <l id="s3:l1">Ik weetme te beregten,</l>
        <l id="s3:l2">Te helpen uit den nood;</l>
        <l id="s3:l3">Ik wilme dood gaen vechten:</l>
        <l id="s3:l4">Dat gaetje naer de vloot,</l>
        <l id="s3:l5">Gelijk een eerlijk landsman.</l>
        <l id="s3:l6">Wie weet hoe menig Fransman</l>
        <l id="s3:l7">Met my zal sneuvlen voor den staet!</l>
        <l id="s3:l8">Want wanhoop maekt gemeenlijk een courageus soldaet.</l>
      </lg>
    </lg>
  </text>
</song>