<song>
  <meta>
    <id>123361</id>
    <date>
      <year-start>1848</year-start>
      <year-end>1848</year-end>
    </date>
    <location>
      <orginal-name>gent</orginal-name>
      <standard-name>Gent, Belgium</standard-name>
      <coordinates>
        <lon>51.0538286</lon>
        <lat>3.7250121</lat>
      </coordinates>
    </location>
    <tags>
      <tag standard-name="drinklied" translation="drinking song">drinklied</tag>
    </tags>
    <melody>A boire &#224; boire</melody>
    <categories>
      <category translation="amusement">vermaak</category>
    </categories>
  <author>Anonymous</author></meta>
  <text>
    <lg type="song">
      <lg id="s1" type="stanza">
        <l id="s1:l1">Wel is niet het gezegend likken</l>
        <l id="s1:l2">Zaliger dan van dorst te stikken?</l>
        <l id="s1:l3">Tsa lustig! Fransman, geef eens op.</l>
        <l id="s1:l4">Maer neen, den ezel heeft geen ooren,</l>
        <l id="s1:l5">Indien ik niet in 't fransch en roep:</l>
        <l id="s1:l6">Coquin, du vin, du vin &#224; boire, &#224; boire,</l>
        <l id="s1:l7">A boire, aboir, aboir, &#224; boire.</l>
      </lg>
      <lg id="s2" type="stanza">
        <l id="s2:l1">Dit glas is koning van de glazen,</l>
        <l id="s2:l2">Dat niet dan wijsheid in kan blazen;</l>
        <l id="s2:l3">Een die der bloize vocht uitdronk,</l>
        <l id="s2:l4">Hy meende dat de gansche Loire</l>
        <l id="s2:l5">Hem in zijn holle darmen zonk,</l>
        <l id="s2:l6">En riep al slokkend nog &#224; boire, &#224; boire,</l>
        <l id="s2:l7">A boire, aboir, aboir, &#224; boire.</l>
      </lg>
      <lg id="s3" type="stanza">
        <l id="s3:l1">Kan het een ander beter zeggen?</l>
        <l id="s3:l2">Ik kan 't we&#234;r aerdiger binnen leggen,</l>
        <l id="s3:l3">Dat edel vocht, dat druivensap.</l>
        <l id="s3:l4">De wijsten van de professoren</l>
        <l id="s3:l5">Gaven my dit tot wetenschap,</l>
        <l id="s3:l6">En voor devies: du vin &#224; boire, &#224; boire,</l>
        <l id="s3:l7">A boire, aboir, aboir, &#224; boire.</l>
      </lg>
      <lg id="s4" type="stanza">
        <l id="s4:l1">Wel wie zou anders iets beminnen?</l>
        <l id="s4:l2">Hier zit een ziel en leven binnen,</l>
        <l id="s4:l3">Het flikkert als een regenboog,</l>
        <l id="s4:l4">Of als het blinken van Aurore,</l>
        <l id="s4:l5">Of als een morgenzon in 't oog.</l>
        <l id="s4:l6">Tire du vin, du vin &#224; boire, &#224; boire,</l>
        <l id="s4:l7">A boire, aboir, aboir, &#224; boire.</l>
      </lg>
      <lg id="s5" type="stanza">
        <l id="s5:l1">Dit zongen zeven dronken sullen</l>
        <l id="s5:l2">Onder het loddren van hun hullen,</l>
        <l id="s5:l3">Schoon dat de tong al ijzer sloeg,</l>
        <l id="s5:l4">En dat de vaek hun rust kwam stooren;</l>
        <l id="s5:l5">Nog riep den echo door de kroeg:</l>
        <l id="s5:l6">Buvez du vin, du vin &#224; boire, &#224; boire,</l>
        <l id="s5:l7">A boire, aboir, aboir, &#224; boire.</l>
      </lg>
    </lg>
  </text>
</song>