<song>
  <meta>
    <id>123315</id>
    <date>
      <year-start>1848</year-start>
      <year-end>1848</year-end>
    </date>
    <location>
      <orginal-name>gent</orginal-name>
      <standard-name>Gent, Belgium</standard-name>
      <coordinates>
        <lon>51.0538286</lon>
        <lat>3.7250121</lat>
      </coordinates>
    </location>
    <tags>
      <tag standard-name="meilied" translation="May song">meilied</tag>
      <tag standard-name="liefdeslied" translation="love song">liefdeslied</tag>
    </tags>
    <melody>&#202;tes-vous du parti mon ami</melody>
    <categories>
      <category translation="love and sex">liefde en seks</category>
      <category translation="seasons and annual events">jaarkring</category>
    </categories>
  <author>Anonymous</author></meta>
  <text>
    <lg type="song">
      <lg id="s1" type="stanza">
        <l id="s1:l1">De zoete tijd komt aen,</l>
        <l id="s1:l2">Laet ons gaen</l>
        <l id="s1:l3">In de velden, die lustig staen!</l>
        <l id="s1:l4">Herderinnen</l>
        <l id="s1:l5">Die wilt minnen,</l>
        <l id="s1:l6">'t Is nu de regte tijd,</l>
        <l id="s1:l7">Dat gy vrijt.</l>
        <l id="s1:l8">De soete tijd komt aen,</l>
        <l id="s1:l9">Laet ons gaen</l>
        <l id="s1:l10">In de velden die lustig staen!</l>
      </lg>
      <lg id="s2" type="stanza">
        <l id="s2:l1">Ofschoon een ander zucht</l>
        <l id="s2:l2">Ende ducht,</l>
        <l id="s2:l3">Zingt een deuntjen en schept genucht!</l>
        <l id="s2:l4">Wilt niet klagen</l>
        <l id="s2:l5">Deze dagen!</l>
        <l id="s2:l6">Dat nu alle verdriet</l>
        <l id="s2:l7">Van u vlied!</l>
        <l id="s2:l8">Ofschoon een ander zucht</l>
        <l id="s2:l9">Ende ducht,</l>
        <l id="s2:l10">Zingt een deuntjen en schept genucht!</l>
      </lg>
      <lg id="s3" type="stanza">
        <l id="s3:l1">Het doet u groote deugd,</l>
        <l id="s3:l2">Lieve jeugd,</l>
        <l id="s3:l3">Wel te leven in zoete vreugd.</l>
        <l id="s3:l4">Wilt dan vieren</l>
        <l id="s3:l5">Als de dieren</l>
        <l id="s3:l6">Dezen aengenamen tijd,</l>
        <l id="s3:l7">En verblijdt.</l>
        <l id="s3:l8">Het doet u groote deugd,</l>
        <l id="s3:l9">Lieve jeugd,</l>
        <l id="s3:l10">Wel te leven in zoete vreugd.</l>
      </lg>
      <lg id="s4" type="stanza">
        <l id="s4:l1">Want waerom toch getreurd</l>
        <l id="s4:l2">Wat gebeurt,</l>
        <l id="s4:l3">Daer ons leven niet lang en duert.</l>
        <l id="s4:l4">Dus geen zuchten</l>
        <l id="s4:l5">Of geen duchten!</l>
        <l id="s4:l6">De glans der jeugd vergaet</l>
        <l id="s4:l7">Door dit kwaed.</l>
        <l id="s4:l8">Wel waerom toch getreurd</l>
        <l id="s4:l9">Wat gebeurt,</l>
        <l id="s4:l10">Daer ons leven niet lang en duert?</l>
      </lg>
      <lg id="s5" type="stanza">
        <l id="s5:l1">Welaen dan vreugdig lacht</l>
        <l id="s5:l2">Zoet geslacht,</l>
        <l id="s5:l3">En ons droefheid alzoo verzacht!</l>
        <l id="s5:l4">Zoo de maegden</l>
        <l id="s5:l5">Altijd klaegden,</l>
        <l id="s5:l6">De wereld ging te niet</l>
        <l id="s5:l7">Door verdriet.</l>
        <l id="s5:l8">Welaen dan vreudig lacht</l>
        <l id="s5:l9">Zoet geslacht,</l>
        <l id="s5:l10">En ons droefheid alzoo verzacht!</l>
      </lg>
    </lg>
  </text>
</song>