<song>
  <meta>
    <id>123309</id>
    <date>
      <year-start>1848</year-start>
      <year-end>1848</year-end>
    </date>
    <location>
      <orginal-name>gent</orginal-name>
      <standard-name>Gent, Belgium</standard-name>
      <coordinates>
        <lon>51.0538286</lon>
        <lat>3.7250121</lat>
      </coordinates>
    </location>
    <tags>
      <tag standard-name="liefdesklacht" translation="love complaint">liefdesklacht</tag>
      <tag standard-name="meilied" translation="May song">meilied</tag>
    </tags>
    <melody>Het vinnige stralen van de zon</melody>
    <categories>
      <category translation="love and sex">liefde en seks</category>
      <category translation="seasons and annual events">jaarkring</category>
    </categories>
  <author>Anonymous</author></meta>
  <text>
    <lg type="song">
      <lg id="s1" type="stanza">
        <l id="s1:l1">Die mey die ons de groente geeft,</l>
        <l id="s1:l2">Doet menigh mensch verblyen;</l>
        <l id="s1:l3">Maer die int minnen onlust heeft</l>
        <l id="s1:l4">Verheught tot ghenen tyen.</l>
      </lg>
      <lg id="s2" type="stanza">
        <l id="s2:l1">Al is mijn soetelief rijck van goedt,</l>
        <l id="s2:l2">Al is hy hoogh geboren,</l>
        <l id="s2:l3">Al dunckt het al mijn vrienden goet,</l>
        <l id="s2:l4">Hy sal my niet bekoren.</l>
      </lg>
      <lg id="s3" type="stanza">
        <l id="s3:l1">Die my bemint en trouwe biet,</l>
        <l id="s3:l2">Die sluyt ick uyt mijn herte,</l>
        <l id="s3:l3">En die ick min en vrijt my niet;</l>
        <l id="s3:l4">Ist niet een groote smerte?</l>
      </lg>
      <lg id="s4" type="stanza">
        <l id="s4:l1">Dien ick bemin en wilt my niet,</l>
        <l id="s4:l2">Die spreeck ick also selden:</l>
        <l id="s4:l3">Eylaes wat leet is my gheschiet,</l>
        <l id="s4:l4">'k En derf mijn liefd' niet melden!</l>
      </lg>
      <lg id="s5" type="stanza">
        <l id="s5:l1">De voghelkens int groene wout</l>
        <l id="s5:l2">Gaen onbedwonghen vryen;</l>
        <l id="s5:l3">Daer is gheen dwangh van vrienden out,</l>
        <l id="s5:l4">Die haer haer lust benyen.</l>
      </lg>
      <lg id="s6" type="stanza">
        <l id="s6:l1">Wat doet die eer, die layde eer</l>
        <l id="s6:l2">Al vrouwen lust ontbreecken,</l>
        <l id="s6:l3">Dat sy niet vry, na haer begheer,</l>
        <l id="s6:l4">Van liefde moghen spreecken.</l>
      </lg>
      <lg id="s7" type="stanza">
        <l id="s7:l1">Dit doet mijn hert en mijn gemoet</l>
        <l id="s7:l2">Met droevige ooghen claghen;</l>
        <l id="s7:l3">Misschien mijn lijden waer geboet,</l>
        <l id="s7:l4">Dorst ick mijn lief ghewaghen.</l>
      </lg>
    </lg>
  </text>
</song>