<song>
  <meta>
    <id>123385</id>
    <date>
      <year-start>1864</year-start>
      <year-end>1864</year-end>
    </date>
    <location>
      <orginal-name>gent?</orginal-name>
      <standard-name>Gent, Belgium</standard-name>
      <coordinates>
        <lon>51.0538286</lon>
        <lat>3.7250121</lat>
      </coordinates>
    </location>
    <tags>
      <tag standard-name="verhalend lied" translation="narrative song">verhalend lied</tag>
    </tags>
    <melody>Aan de oever van een snelle vliet</melody>
    <categories>
      <category translation="narratives">verhalen</category>
    </categories>
  <author>Anonymous</author></meta>
  <text>
    <lg type="song">
      <lg id="s1" type="stanza">
        <l id="s1:l1">Aan d'oever van een snellen vliet</l>
        <l id="s1:l2">een jeugdig meisje zat;</l>
        <l id="s1:l3">zij weende en schreide van verdriet</l>
        <l id="s1:l4">op 't gras van tra-nen nat.</l>
      </lg>
      <lg id="s2" type="stanza">
        <l id="s2:l1">Zij wierp de bloemkens die zij las</l>
        <l id="s2:l2">Gestadig in den stroom;</l>
        <l id="s2:l3">Zij riep: &#8216;ach lieve vader, ach!</l>
        <l id="s2:l4">Ach lieve moeder, koom!&#8217;</l>
      </lg>
      <lg id="s3" type="stanza">
        <l id="s3:l1">Een rijk man wandlend langs de vliet</l>
        <l id="s3:l2">Bespeurt haar bittre smart;</l>
        <l id="s3:l3">Daar hij het meisken weenen ziet</l>
        <l id="s3:l4">Breekt zijn medoogend hart.</l>
      </lg>
      <lg id="s4" type="stanza">
        <l id="s4:l1">Hij sprak tot haar: &#8216;wel lieve meid,</l>
        <l id="s4:l2">Spreek op en wees niet schuw,</l>
        <l id="s4:l3">Zeg mij waarom gij kermt en schreit,</l>
        <l id="s4:l4">Kan 't zijn, zoo help ik u.&#8217;</l>
      </lg>
      <lg id="s5" type="stanza">
        <l id="s5:l1">Zij zuchtte en zag hem troostloos aan.</l>
        <l id="s5:l2">En sprak: &#8216;ach brave man,</l>
        <l id="s5:l3">Een arme wees ziet gij hier staan,</l>
        <l id="s5:l4">Die God slechts helpen kan.</l>
      </lg>
      <lg id="s6" type="stanza">
        <l id="s6:l1">Ziet gij dat groene bergsken niet?</l>
        <l id="s6:l2">Daar is mijn moeders graf,</l>
        <l id="s6:l3">Ziet gij den oever van dees vliet?</l>
        <l id="s6:l4">Daar viel mijn vader af.</l>
      </lg>
      <lg id="s7" type="stanza">
        <l id="s7:l1">De felle stroom verwon hem dra,</l>
        <l id="s7:l2">Hij worstelde en hij zonk;</l>
        <l id="s7:l3">Mijn broeder sprong hem achterna.</l>
        <l id="s7:l4">Eilaas, ook hij verdronk.</l>
      </lg>
      <lg id="s8" type="stanza">
        <l id="s8:l1">Nu vlucht ik 't weezenhutjen uit,</l>
        <l id="s8:l2">Waar niet dan jammer is.&#8217;</l>
        <l id="s8:l3">Zoo sprak zij hare klagten uit,</l>
        <l id="s8:l4">In 't hart vol droefenis.</l>
      </lg>
      <lg id="s9" type="stanza">
        <l id="s9:l1">Hij zeide: &#8216;klaag niet, liefste kind,</l>
        <l id="s9:l2">Uw hart verdient geen pijn.</l>
        <l id="s9:l3">Ik wil uw broeder en uw vrind,</l>
        <l id="s9:l4">En ook uw vader zijn.&#8217;</l>
      </lg>
      <lg id="s10" type="stanza">
        <l id="s10:l1">Hij nam ze minzaam bij de hand</l>
        <l id="s10:l2">En noemde haar zijn bruid,</l>
        <l id="s10:l3">En deed haar aan den waterkant</l>
        <l id="s10:l4">Haar weezen-kleeren uit.</l>
      </lg>
      <lg id="s11" type="stanza">
        <l id="s11:l1">Zij heeft nu spijs en lekkren drank,</l>
        <l id="s11:l2">Al waar haar hert naar tracht.</l>
        <l id="s11:l3">Haar rijke man verdient wel dank</l>
        <l id="s11:l4">Dat hij zoo edel dacht.</l>
      </lg>
    </lg>
  </text>
</song>