<song>
  <meta>
    <id>123335</id>
    <date>
      <year-start>1848</year-start>
      <year-end>1848</year-end>
    </date>
    <location>
      <orginal-name>gent</orginal-name>
      <standard-name>Gent, Belgium</standard-name>
      <coordinates>
        <lon>51.0538286</lon>
        <lat>3.7250121</lat>
      </coordinates>
    </location>
    <tags>
      <tag standard-name="mythologisch lied" translation="mythological song">mythologisch lied</tag>
      <tag standard-name="liefdeslied" translation="love song">liefdeslied</tag>
    </tags>
    <melody>Je vous assure que mon &#226;me</melody>
    <categories>
      <category translation="love and sex">liefde en seks</category>
      <category translation="narratives">verhalen</category>
    </categories>
  <author>Anonymous</author></meta>
  <text>
    <lg type="song">
      <lg id="s1" type="stanza">
        <l id="s1:l1">Jupijn hoe moogt gy u beroemen,</l>
        <l id="s1:l2">Van 't gheen dat met de reden strijdt!</l>
        <l id="s1:l3">Hoe durft gy u hooveerdig noemen</l>
        <l id="s1:l4">Dat gy de prins der goden zijt!</l>
        <l id="s1:l5">Laet af, laet af, 't wordt u gheboden;</l>
        <l id="s1:l6">Want ik alleen ben 't hoofd der Goden.</l>
      </lg>
      <lg id="s2" type="stanza">
        <l id="s2:l1">Wat helpt u blixemskracht of donder</l>
        <l id="s2:l2">Als gy moet buigen onder my?</l>
        <l id="s2:l3">'k Bedwing de goden in 't bijzonder</l>
        <l id="s2:l4">En brengze tot mijn slaverny.</l>
        <l id="s2:l5">Al schijne ik klein en kinds uitwendig,</l>
        <l id="s2:l6">'k Ben groot en sterk en ook behendig.</l>
      </lg>
      <lg id="s3" type="stanza">
        <l id="s3:l1">Saturnus zeissen, rood van bloede,</l>
        <l id="s3:l2">Apollo's boog en lauwerkrans,</l>
        <l id="s3:l3">Mercurius omslangde roede,</l>
        <l id="s3:l4">En Bachus groene wijngaertrank,</l>
        <l id="s3:l5">Pan's pijp en stok, al is 't hun hinder,</l>
        <l id="s3:l6">'t Komt al my toe als alverwinder.</l>
      </lg>
      <lg id="s4" type="stanza">
        <l id="s4:l1">Wat heeft Neptunus mogen helpen,</l>
        <l id="s4:l2">Op den wijdvlietend' Oceaen,</l>
        <l id="s4:l3">Zijn drijtand en bemoste schelpen?</l>
        <l id="s4:l4">Hy moest my ook zyn onderdaen.</l>
        <l id="s4:l5">Hoe dikwyls heb ik Mars ontstolen</l>
        <l id="s4:l6">Zijn bloedig zweerd, en hem doen dolen?</l>
      </lg>
      <lg id="s5" type="stanza">
        <l id="s5:l1">Jupijn, wat wilt gy nog versinnen?</l>
        <l id="s5:l2">Treed af, treed af van uwen troon;</l>
        <l id="s5:l3">Verneert u voor den god der minne,</l>
        <l id="s5:l4">Zet my op 't hoofd uw gouden kroon;</l>
        <l id="s5:l5">Laet my uw grooten scepter voeren,</l>
        <l id="s5:l6">Die hemel, aerde en zee kan roeren!</l>
      </lg>
    </lg>
  </text>
</song>