<song>
  <meta>
    <id>123332</id>
    <date>
      <year-start>1848</year-start>
      <year-end>1848</year-end>
    </date>
    <location>
      <orginal-name>gent</orginal-name>
      <standard-name>Gent, Belgium</standard-name>
      <coordinates>
        <lon>51.0538286</lon>
        <lat>3.7250121</lat>
      </coordinates>
    </location>
    <tags>
      <tag standard-name="liefdesklacht" translation="love complaint">liefdesklacht</tag>
    </tags>
    <melody>C'est un amant ouvrez la porte</melody>
    <categories>
      <category translation="love and sex">liefde en seks</category>
    </categories>
  <author>Anonymous</author></meta>
  <text>
    <lg type="song">
      <lg id="s1" type="stanza">
        <l id="s1:l1">Indien ooit maegd haer droeve klachten</l>
        <l id="s1:l2">Vermogt te brengen aen den dag,</l>
        <l id="s1:l3">Ik ben het die geheele nachten,</l>
        <l id="s1:l4">Ik ben een maegd die klagen mag.</l>
      </lg>
      <lg id="s2" type="stanza">
        <l id="s2:l1">Ik was een bloemken versch ontloken,</l>
        <l id="s2:l2">Ik was een roosken, nooit geplukt,</l>
        <l id="s2:l3">Van vrijen was my nooit gesproken,</l>
        <l id="s2:l4">Door liefde was ik nooit verrukt.</l>
      </lg>
      <lg id="s3" type="stanza">
        <l id="s3:l1">Ik ging met dochters van den lande,</l>
        <l id="s3:l2">Ik ging spanseren door de stad,</l>
        <l id="s3:l3">En ziet, daer kwam mijn eer tot schande:</l>
        <l id="s3:l4">Eer 't iemand wist, ik was gevat.</l>
      </lg>
      <lg id="s4" type="stanza">
        <l id="s4:l1">Een jonge vorst, door min ontsteken,</l>
        <l id="s4:l2">Kwam aen mijn schoonheid gunste bien;</l>
        <l id="s4:l3">Ik, onbewust van hoofsche treken,</l>
        <l id="s4:l4">Ik ging met hem, om 't hof te zien.</l>
      </lg>
      <lg id="s5" type="stanza">
        <l id="s5:l1">De maegden, die omtrent my waren,</l>
        <l id="s5:l2">Verleidde men met zoeten praet.</l>
        <l id="s5:l3">Men ziet, in zulke teere jaren,</l>
        <l id="s5:l4">Niet altijd wat er ommegaet.</l>
      </lg>
      <lg id="s6" type="stanza">
        <l id="s6:l1">In stilte werd ik weggenomen,</l>
        <l id="s6:l2">En ik en weet niet waer gerukt.</l>
        <l id="s6:l3">En als men my terug zag komen,</l>
        <l id="s6:l4">Dan was mijn maegdebloem geplukt.</l>
      </lg>
      <lg id="s7" type="stanza">
        <l id="s7:l1">Ik was bedroefd in al mijn zinnen;</l>
        <l id="s7:l2">De vorst bood my zijn rechter hand,</l>
        <l id="s7:l3">Hy zwoer hy zou my eeuwig minnen,</l>
        <l id="s7:l4">Hy zou my eeuwig zijn verpand.</l>
      </lg>
      <lg id="s8" type="stanza">
        <l id="s8:l1">Mijn broeders, vol onwijzer kuren,</l>
        <l id="s8:l2">Het hart ontvlamd door wrekens dorst,</l>
        <l id="s8:l3">Doen 't velen met den dood bezuren,</l>
        <l id="s8:l4">En slagen dood den jongen vorst.</l>
      </lg>
      <lg id="s9" type="stanza">
        <l id="s9:l1">Zijn vader wordt er ook verslagen,</l>
        <l id="s9:l2">En al zijn zonen nevens hem;</l>
        <l id="s9:l3">En duizend stemmen hoort men klagen,</l>
        <l id="s9:l4">Maer boven al mijn droeve stem.</l>
      </lg>
      <lg id="s10" type="stanza">
        <l id="s10:l1">Wat ging u aen, o rauwe gasten,</l>
        <l id="s10:l2">Te komen tot zoo wreeden vond,</l>
        <l id="s10:l3">Om zoo moordadig aen te tasten</l>
        <l id="s10:l4">Die my mijn eer hergeven kond?</l>
      </lg>
      <lg id="s11" type="stanza">
        <l id="s11:l1">Ik ware nu als landvorstinne</l>
        <l id="s11:l2">Gekroond in 's prinsen hooge zael,</l>
        <l id="s11:l3">Ik leefde nu in echte minne:</l>
        <l id="s11:l4">Maer gy verwoeste 't al te mael.</l>
      </lg>
      <lg id="s12" type="stanza">
        <l id="s12:l1">Nu zal ik al mijn leven treuren,</l>
        <l id="s12:l2">Gelijk het tortelduifken plach.</l>
        <l id="s12:l3">Geen vorst, geen man zal my gebeuren:</l>
        <l id="s12:l4">Och, ware dit mijn laetsten dag!</l>
      </lg>
      <lg id="s13" type="stanza">
        <l id="s13:l1">O bloedig zwaerd van wreede menschen,</l>
        <l id="s13:l2">Waerom toch hebt gy my gespaerd?</l>
        <l id="s13:l3">Wat blijft my over nog te wenschen</l>
        <l id="s13:l4">Dan met den dood te zijn gepaerd!</l>
      </lg>
    </lg>
  </text>
</song>