<song>
  <meta>
    <id>123357</id>
    <date>
      <year-start>1848</year-start>
      <year-end>1848</year-end>
    </date>
    <location>
      <orginal-name>gent</orginal-name>
      <standard-name>Gent, Belgium</standard-name>
      <coordinates>
        <lon>51.0538286</lon>
        <lat>3.7250121</lat>
      </coordinates>
    </location>
    <tags>
      <tag standard-name="drinklied" translation="drinking song">drinklied</tag>
    </tags>
    <melody />
    <categories>
      <category translation="amusement">vermaak</category>
    </categories>
  <author>Anonymous</author></meta>
  <text>
    <lg type="song">
      <lg id="s1" type="stanza">
        <l id="s1:l1">Dat de lier een wijnvat ware,</l>
        <l id="s1:l2">'k Zou een lierman willen zijn,</l>
        <l id="s1:l3">'k Zou dan spelen heel den jare</l>
        <l id="s1:l4">Zonder moeite, zonder pijn.</l>
      </lg>
      <lg id="s2" type="stanza">
        <l id="s2:l1">Dat moeders borsten druiven waren,</l>
        <l id="s2:l2">'k Zoge heel mijn leven lang,</l>
        <l id="s2:l3">'k Speelde nooit op lieresnaren,</l>
        <l id="s2:l4">Maer wel op de wijngaerd-rank.</l>
      </lg>
      <lg id="s3" type="stanza">
        <l id="s3:l1">Dat ik eens een meisken vonde</l>
        <l id="s3:l2">Die kon maken rijnschen wijn,</l>
        <l id="s3:l3">'k Zou haer vragen goed en ronde</l>
        <l id="s3:l4">Of zy mijne vrouw wou zijn.</l>
      </lg>
    </lg>
  </text>
</song>