<song>
  <meta>
    <id>123353</id>
    <date>
      <year-start>1848</year-start>
      <year-end>1848</year-end>
    </date>
    <location>
      <orginal-name>gent</orginal-name>
      <standard-name>Gent, Belgium</standard-name>
      <coordinates>
        <lon>51.0538286</lon>
        <lat>3.7250121</lat>
      </coordinates>
    </location>
    <tags>
      <tag standard-name="drinklied" translation="drinking song">drinklied</tag>
    </tags>
    <melody />
    <categories>
      <category translation="amusement">vermaak</category>
    </categories>
  <author>Anonymous</author></meta>
  <text>
    <lg type="song">
      <lg id="s1" type="stanza">
        <l id="s1:l1">Weerdinneken, ontsteeckt ons een vul vat,</l>
        <l id="s1:l2">En brijngt ons go&#235; pottaige;</l>
        <l id="s1:l3">Dat eerste bier was veel te plat,</l>
        <l id="s1:l4">En hadde geen louvaidje,</l>
      </lg>
      <lg id="s2" type="stanza">
        <l id="s2:l1">Wy hebben een dustig keelgat,</l>
        <l id="s2:l2">Wy moghen geen drooge fouraidge,</l>
        <l id="s2:l3">Dus drijncken wy daeglicx 't buucksken zat</l>
        <l id="s2:l4">In Bacchus Eermitaige;</l>
      </lg>
      <lg id="s3" type="stanza">
        <l id="s3:l1">De minste teug een claverblat!</l>
        <l id="s3:l2">Also es ons usaige:</l>
        <l id="s3:l3">Elck onser gaedert gheenen schat</l>
        <l id="s3:l4">Dan t' lichaems avantaidge.</l>
      </lg>
    </lg>
  </text>
</song>