<song>
  <meta>
    <id>123302</id>
    <date>
      <year-start>1864</year-start>
      <year-end>1864</year-end>
    </date>
    <location>
      <orginal-name>gent?</orginal-name>
      <standard-name>Gent, Belgium</standard-name>
      <coordinates>
        <lon>51.0538286</lon>
        <lat>3.7250121</lat>
      </coordinates>
    </location>
    <tags>
      <tag standard-name="dialooglied" translation="dialogue song">dialooglied</tag>
    </tags>
    <melody>Petit Brisach</melody>
    <categories>
      <category translation="formal genres">formele genres</category>
    </categories>
  <author>Anonymous</author></meta>
  <text>
    <lg type="song">
      <lg id="s1" type="stanza">
        <l id="s1:l1">- &#8216;Schoon maegd, ik heb u nu zoo lang gevrijd!</l>
        <l id="s1:l2">Die jaegt en niet en vangt die berst van spijt.</l>
        <l id="s1:l3">Om u ging ik zoo dikwijls op de jagt.</l>
        <l id="s1:l4">Zoo nu door my geen wild wordt aengebragt,</l>
        <l id="s1:l5">My dunkt dat ik versmacht.&#8217;</l>
      </lg>
      <lg id="s2" type="stanza">
        <l id="s2:l1">- &#8216;Is 't dat gy tot het jagen zijt geneigd,</l>
        <l id="s2:l2">Zoo moet g'u oefenen in lijdzaemheid;</l>
        <l id="s2:l3">Want al die jaegt moet weten voor gewis</l>
        <l id="s2:l4">Dat elke scheut niet juist een vogel is.</l>
        <l id="s2:l5">Die schiet, schiet dikwijls mis.&#8217;</l>
      </lg>
      <lg id="s3" type="stanza">
        <l id="s3:l1">- &#8216;Ach! toon dat gy een trouwen jager acht,</l>
        <l id="s3:l2">Die naer uw liefde jaegt uit al zijn magt.</l>
        <l id="s3:l3">Eilaes! dat ik de we&#234;rmin niet en win</l>
        <l id="s3:l4">Van u, die 'k uit geheel mijn hart en zin</l>
        <l id="s3:l5">En boven al bemin!&#8217;</l>
      </lg>
      <lg id="s4" type="stanza">
        <l id="s4:l1">- &#8216;Ei, lieve weiman, zij toch niet beducht,</l>
        <l id="s4:l2">Omdat ik van het net der liefde vlugt.</l>
        <l id="s4:l3">Het wild en hoort niet naer des weimans lied;</l>
        <l id="s4:l4">Het haesken vlugt en bergt zich in het riet,</l>
        <l id="s4:l5">Als 't jagers hoort of ziet.&#8217;</l>
      </lg>
      <lg id="s5" type="stanza">
        <l id="s5:l1">- &#8216;'t Is waer, het haesken vlugtals 't is in nood,</l>
        <l id="s5:l2">Omdat de brakken haken naer zijn dood;</l>
        <l id="s5:l3">Maer 't is om 't leven dat ik jaeg en vry,</l>
        <l id="s5:l4">Om sa&#234;m te leven, ik en gy.</l>
        <l id="s5:l5">Ach! waerom vlugtje my?&#8217;</l>
      </lg>
      <lg id="s6" type="stanza">
        <l id="s6:l1">- &#8216;Gy doet gelijk een looze weiman doet,</l>
        <l id="s6:l2">Gy lokt het vogelken, gy fluit het zoet;</l>
        <l id="s6:l3">Maer als het vogelken, maer als de bruid,</l>
        <l id="s6:l4">Door 't zoet geluid raekt in de muit,</l>
        <l id="s6:l5">Dan is dat fluiten uit.&#8217;</l>
      </lg>
      <lg id="s7" type="stanza">
        <l id="s7:l1">- &#8216;Och neen, beminde, neen, en denk dat</l>
        <l id="s7:l2">Mijn zang by u is geen bedrieglijk lied. [niet,</l>
        <l id="s7:l3">Hoe dat mijn liefde ouder worden zal:</l>
        <l id="s7:l4">Hoe dat mijn hert ook trouwer worden zal:</l>
        <l id="s7:l5">En vrees toch niet met al!&#8217;</l>
      </lg>
      <lg id="s8" type="stanza">
        <l id="s8:l1">- &#8216;Ziet dat gy om een haesken, dat gy vrijt,</l>
        <l id="s8:l2">Uw beste paerd den hals niet af en rijdt.</l>
        <l id="s8:l3">Hy vangt den haes die in de jagt volherdt:</l>
        <l id="s8:l4">Hoe meer gy jaegt, hoe meer dat ook mijn hert</l>
        <l id="s8:l5">Door u gevangen werdt.&#8217;</l>
      </lg>
    </lg>
  </text>
</song>