<song>
  <meta>
    <id>123306</id>
    <date>
      <year-start>1848</year-start>
      <year-end>1848</year-end>
    </date>
    <location>
      <orginal-name>gent</orginal-name>
      <standard-name>Gent, Belgium</standard-name>
      <coordinates>
        <lon>51.0538286</lon>
        <lat>3.7250121</lat>
      </coordinates>
    </location>
    <tags>
      <tag standard-name="liefdesklacht" translation="love complaint">liefdesklacht</tag>
    </tags>
    <melody>Waar zij dij lief waar moog dij zijn</melody>
    <categories>
      <category translation="love and sex">liefde en seks</category>
    </categories>
  <author>Anonymous</author></meta>
  <text>
    <lg type="song">
      <lg id="s1" type="stanza">
        <l id="s1:l1">Waer zijdy, lief,</l>
        <l id="s1:l2">Waer meugdy zijn,</l>
        <l id="s1:l3">Die my doet grief</l>
        <l id="s1:l4">En zwaer ghepijn?</l>
        <l id="s1:l5">Ic vraegh het u onrustigh,</l>
        <l id="s1:l6">Waer zijdy, lief wellustich?</l>
      </lg>
      <lg id="s2" type="stanza">
        <l id="s2:l1">Puer onghesont</l>
        <l id="s2:l2">Is al mijn zeer,</l>
        <l id="s2:l3">Ic ben ghewont</l>
        <l id="s2:l4">Ter doot en meer.</l>
        <l id="s2:l5">Ic claechs u deser minne,</l>
        <l id="s2:l6">Venus, eertsche godinne!</l>
      </lg>
      <lg id="s3" type="stanza">
        <l id="s3:l1">Zie ic 't aenschijn soet</l>
        <l id="s3:l2">Daert al aen cleeft,</l>
        <l id="s3:l3">My walt mijn bloet,</l>
        <l id="s3:l4">Mijn lichaem beeft.</l>
        <l id="s3:l5">Hoe zoudy my verblyen</l>
        <l id="s3:l6">Dees tijdt vol melodyen!</l>
      </lg>
      <lg id="s4" type="stanza">
        <l id="s4:l1">Wat lijde ic drucks!</l>
        <l id="s4:l2">Noyt droever man!</l>
        <l id="s4:l3">Wat ongelucks</l>
        <l id="s4:l4">Comt my al an,</l>
        <l id="s4:l5">Deur sulc onghier labeuren,</l>
        <l id="s4:l6">Rijck god, hoe moet ic treuren!</l>
      </lg>
    </lg>
  </text>
</song>