<song>
  <meta>
    <id>123349</id>
    <date>
      <year-start>1848</year-start>
      <year-end>1848</year-end>
    </date>
    <location>
      <orginal-name>gent</orginal-name>
      <standard-name>Gent, Belgium</standard-name>
      <coordinates>
        <lon>51.0538286</lon>
        <lat>3.7250121</lat>
      </coordinates>
    </location>
    <tags>
      <tag standard-name="drinklied" translation="drinking song">drinklied</tag>
    </tags>
    <melody>Bravade Londesteyn</melody>
    <categories>
      <category translation="amusement">vermaak</category>
    </categories>
  <author>Anonymous</author></meta>
  <text>
    <lg type="song">
      <lg id="s1" type="stanza">
        <l id="s1:l1">Is dit niet wel een vreemde gril?</l>
        <l id="s1:l2">'t Sou hier goed haver saeijen sijn:</l>
        <l id="s1:l3">'t Geselschap is dus wonder stil</l>
        <l id="s1:l4">In 't midden van den wijn!</l>
        <l id="s1:l5">De wijn die ieders hart ontfonckt</l>
        <l id="s1:l6">En alle swarigheid verlicht!</l>
        <l id="s1:l7">Daerby sit men nu noch en pronckt</l>
        <l id="s1:l8">Met een beveynsd gesicht:</l>
        <l id="s1:l9">Ey waerom doch dus stom en bedeckt?</l>
        <l id="s1:l10">Door goe vreughd wierd de deucht noyt bevleckt.</l>
        <l id="s1:l11">Ey! wilt dat staken, en u vermaken.</l>
        <l id="s1:l12">Met al wat lust verweckt.</l>
      </lg>
      <lg id="s2" type="stanza">
        <l id="s2:l1">Wy sijn in 't soetste van ons jeughd,</l>
        <l id="s2:l2">In 't allerschoonste van ons tijd,</l>
        <l id="s2:l3">Ey, dat wy die niet sonder vreughd</l>
        <l id="s2:l4">Dus klack'loos worden quijt!</l>
        <l id="s2:l5">Wanneer den grysen ouderdom</l>
        <l id="s2:l6">De groente van ons jeugd verdort,</l>
        <l id="s2:l7">Dan komen all' ons lusten om,</l>
        <l id="s2:l8">Ons vreughd word opgeschort:</l>
        <l id="s2:l9">Dus wel an, laet ons dan, wijl men mach,</l>
        <l id="s2:l10">En de tijd sullicx lijd, tot den dagh</l>
        <l id="s2:l11">Recht lustigh wesen, vreughd word ghepresen,</l>
        <l id="s2:l12">En 't lachen in 't ghelagh.</l>
      </lg>
      <lg id="s3" type="stanza">
        <l id="s3:l1">Tsa jonghmans of jonghvrouwen, seght</l>
        <l id="s3:l2">Aen wien ist dat de Roemer staet?</l>
        <l id="s3:l3">Men sal over dien houwen recht</l>
        <l id="s3:l4">Die hem niet omgaen laet.</l>
        <l id="s3:l5">Want ick weet een die dorstigh is</l>
        <l id="s3:l6">En garen drincken sou zijn deel,</l>
        <l id="s3:l7">Vermits hy heel aemborstigh is</l>
        <l id="s3:l8">En 't drooght seer in zijn keel.</l>
        <l id="s3:l9">Drinckt het leegh met een veegh, soo is 't wel,</l>
        <l id="s3:l10">d'Elen baes, die word haes, daerom sel</l>
        <l id="s3:l11">Hy 't u wel na doen, en sich wat dra spoen:</l>
        <l id="s3:l12">Hy eyscht gantsch gheen uytstel.</l>
      </lg>
      <lg id="s4" type="stanza">
        <l id="s4:l1">Waerom begind ghy maeghden niet?</l>
        <l id="s4:l2">My dunckt een yeder prijckt om 't seerst.</l>
        <l id="s4:l3">Ey, naeste buurtje singht een lied,</l>
        <l id="s4:l4">Begindt ghy liever eerst:</l>
        <l id="s4:l5">Soo word u hoofd met vreugde bekranst,</l>
        <l id="s4:l6">En soo ick yet van 't liedtjen weet</l>
        <l id="s4:l7">Ick sal u helpen als een lanst,</l>
        <l id="s4:l8">En singhen dat ick sweet.</l>
        <l id="s4:l9">Weest niet stil, ist u wil, toond u aerd!</l>
        <l id="s4:l10">Vanght eens aen, laet het gaen, geen vreughd spaerd!</l>
        <l id="s4:l11">Want wy om kluchten, vreughd en genuchten</l>
        <l id="s4:l12">Alleen hier zijn vergaerd.</l>
      </lg>
    </lg>
  </text>
</song>