<song>
  <meta>
    <id>123317</id>
    <date>
      <year-start>1848</year-start>
      <year-end>1848</year-end>
    </date>
    <location>
      <orginal-name>gent</orginal-name>
      <standard-name>Gent, Belgium</standard-name>
      <coordinates>
        <lon>51.0538286</lon>
        <lat>3.7250121</lat>
      </coordinates>
    </location>
    <tags>
      <tag standard-name="liefdeslied" translation="love song">liefdeslied</tag>
    </tags>
    <melody>Is liefde zoet lijden</melody>
    <categories>
      <category translation="love and sex">liefde en seks</category>
    </categories>
  <author>Anonymous</author></meta>
  <text>
    <lg type="song">
      <lg id="s1" type="stanza">
        <l id="s1:l1">Wekt liefde in ons leven een kittelig soet,</l>
        <l id="s1:l2">Wat haet men haer pynen, wat schout men haer gloed?</l>
        <l id="s1:l3">Haer smert is aenminnig, haer handel vol lust,</l>
        <l id="s1:l4">Haer onrust verwint al 't vermaek van de rust.</l>
        <l id="s1:l5">Laetse eensaem gaen dwalen die liefde versma&#234;n.</l>
        <l id="s1:l6">Voor al 's werelds goed staet de liefde my aen.</l>
      </lg>
      <lg id="s2" type="stanza">
        <l id="s2:l1">Mijn liefde blaest Kloris stilswijgendheid in,</l>
        <l id="s2:l2">Wanneer ik haer handjes kom drukken vol min.</l>
        <l id="s2:l3">Wat ben ik gelukkig als sy my beloont,</l>
        <l id="s2:l4">Hoe 't vuer van mijn brand ook haer boesem bewoont.</l>
        <l id="s2:l5">Bedekt sy haer vlam, wat beschroomd voor haer eer,</l>
        <l id="s2:l6">Haer oogjes vol goedhe&#234;n ontdekkense we&#234;r.</l>
      </lg>
      <lg id="s3" type="stanza">
        <l id="s3:l1">De liefde te smooren is dubbele pijn,</l>
        <l id="s3:l2">Geen godheid gewoon is gevangen te sijn:</l>
        <l id="s3:l3">'t Is ydel, mijn Kloris, uw tijd dan verspild;</l>
        <l id="s3:l4">Want schoonje sijn schuilhoek verbergen al wilt,</l>
        <l id="s3:l5">Hy woont in uw oogjes, daer plant hy de min,</l>
        <l id="s3:l6">Daer leeft hy en sweeft hy onsterfelijk in.</l>
      </lg>
      <lg id="s4" type="stanza">
        <l id="s4:l1">Ik buig my dan neder, verliefd op de lust,</l>
        <l id="s4:l2">Waermede ik vol gloed in uw armen rust.</l>
        <l id="s4:l3">Uw schoonheid, al swijgje 't, afkeerig van sin,</l>
        <l id="s4:l4">Die leert ons van selve de krachten der min.</l>
        <l id="s4:l5">'t Leeft al door de liefde, in de lucht en op aerd:</l>
        <l id="s4:l6">Wie 't minnen versmaedt is het leven onwaerd.</l>
      </lg>
      <lg id="s5" type="stanza">
        <l id="s5:l1">'k Laet vorsten hun glorie, waer 't alles voor beeft,</l>
        <l id="s5:l2">Als ik het vermaek heb dat Kloris my geeft;</l>
        <l id="s5:l3">Die schoone t' omhelsen in 't welige groen,</l>
        <l id="s5:l4">Met lusjes en kusjes mijn vlammen te vo&#234;n,</l>
        <l id="s5:l5">Die vrijheid te smaken, van 't hof ongestoord,</l>
        <l id="s5:l6">Is 't geen waer de min my alleen me&#234; bekoort.</l>
      </lg>
    </lg>
  </text>
</song>