<song>
  <meta>
    <id>123346</id>
    <date>
      <year-start>1864</year-start>
      <year-end>1864</year-end>
    </date>
    <location>
      <orginal-name>gent?</orginal-name>
      <standard-name>Gent, Belgium</standard-name>
      <coordinates>
        <lon>51.0538286</lon>
        <lat>3.7250121</lat>
      </coordinates>
    </location>
    <tags>
      <tag standard-name="verhalend lied" translation="narrative song">verhalend lied</tag>
      <tag standard-name="liefdeslied" translation="love song">liefdeslied</tag>
    </tags>
    <melody>Het waren twee gespelen goed</melody>
    <categories>
      <category translation="love and sex">liefde en seks</category>
      <category translation="narratives">verhalen</category>
    </categories>
  <author>Anonymous</author></meta>
  <text>
    <lg type="song">
      <lg id="s1" type="stanza">
        <l id="s1:l1">Daer gin-gen twee gespeelkens goed</l>
        <l id="s1:l2">zoo ver al aen de heide;</l>
        <l id="s1:l3">die een die voer-de eenen hoogen moed,</l>
        <l id="s1:l4">maer d'andere die schreide.</l>
      </lg>
      <lg id="s2" type="stanza">
        <l id="s2:l1">&#8216;Gespeelken, lieve gespeelken goed,</l>
        <l id="s2:l2">Waerom weent gy zoo zeere?</l>
        <l id="s2:l3">Weent gy zoo om uws vaders goed,</l>
        <l id="s2:l4">Of weent gy om uw eere?&#8217;</l>
      </lg>
      <lg id="s3" type="stanza">
        <l id="s3:l1">- &#8216;'k En ween niet om mijns vaders goed,</l>
        <l id="s3:l2">'k En ween niet om mijn cere;</l>
        <l id="s3:l3">Wy twee hebben een ridder lief,</l>
        <l id="s3:l4">Dien kunnen wy niet deelen.&#8217;</l>
      </lg>
      <lg id="s4" type="stanza">
        <l id="s4:l1">- &#8216;Gespeelken, lieve gespeelken goed,</l>
        <l id="s4:l2">Laet my den ridder alleene!</l>
        <l id="s4:l3">Ik geef u mijnen broeder dan,</l>
        <l id="s4:l4">Mijns vaders goed in leene.&#8217;</l>
      </lg>
      <lg id="s5" type="stanza">
        <l id="s5:l1">- &#8216;Och! uwen broeder en wil ik niet,</l>
        <l id="s5:l2">Noch uws vaders goed in leene;</l>
        <l id="s5:l3">Ik hebbe veel liever mijn zoete lief,</l>
        <l id="s5:l4">Zelfs zonder goed alleene.&#8217;</l>
      </lg>
      <lg id="s6" type="stanza">
        <l id="s6:l1">Dat hoorde de ridder alwaer hy stond,</l>
        <l id="s6:l2">Dat hoorde hy onder de linden.</l>
        <l id="s6:l3">&#8216;Rijk God, tot wie van deze twee</l>
        <l id="s6:l4">Zal ik mijn harte wenden?</l>
      </lg>
      <lg id="s7" type="stanza">
        <l id="s7:l1">Neem ik de rijke jonkvrouw vry,</l>
        <l id="s7:l2">Zoo treurt die armelijke:</l>
        <l id="s7:l3">De rijke wil ik varen la&#234;n</l>
        <l id="s7:l4">En nemen de zuiverlijke.</l>
      </lg>
      <lg id="s8" type="stanza">
        <l id="s8:l1">Een luttel goeds is haest verteerd,</l>
        <l id="s8:l2">Dan gaet de liefde sterven;</l>
        <l id="s8:l3">Wy twee wy zijn nog jong en sterk,</l>
        <l id="s8:l4">Dat doet ons goed verwerven.&#8217;</l>
      </lg>
      <lg id="s9" type="stanza">
        <l id="s9:l1">Hy stak aen hare witte hand</l>
        <l id="s9:l2">Een vingerling rood van goude.</l>
        <l id="s9:l3">&#8216;Houd daer, sprak hy, jong maegdeken,</l>
        <l id="s9:l4">Een onderpand van mijn trouwe!&#8217;</l>
      </lg>
    </lg>
  </text>
</song>