<song>
  <meta>
    <id>123312</id>
    <date>
      <year-start>1848</year-start>
      <year-end>1848</year-end>
    </date>
    <location>
      <orginal-name>gent</orginal-name>
      <standard-name>Gent, Belgium</standard-name>
      <coordinates>
        <lon>51.0538286</lon>
        <lat>3.7250121</lat>
      </coordinates>
    </location>
    <tags>
      <tag standard-name="liefdeslied" translation="love song">liefdeslied</tag>
    </tags>
    <melody>O nacht jaloerse nacht</melody>
    <categories>
      <category translation="love and sex">liefde en seks</category>
    </categories>
  <author>Anonymous</author></meta>
  <text>
    <lg type="song">
      <lg id="s1" type="stanza">
        <l id="s1:l1">O nacht, jalourse nacht, die, tot mijn leet versworen,</l>
        <l id="s1:l2">Des hemels baen verlicht met klare maneschijn,</l>
        <l id="s1:l3">Hebbe ick u tot mijn hulp met goeder wensch verkoren,</l>
        <l id="s1:l4">Op dat ghy mijn gheluck zoud wederstandigh zijn?</l>
      </lg>
      <lg id="s2" type="stanza">
        <l id="s2:l1">Ick meende door 't ontmoet van uwe duysterheden</l>
        <l id="s2:l2">Dat een zwartverwigh kleed had 's hemels oogh bedeckt:</l>
        <l id="s2:l3">Maer, oft waer' zomerdagh, ghy zaeyt duyst klarigheden</l>
        <l id="s2:l4">In 's hemels hoog ghewelf, waer mede ick worde ontdeckt.</l>
      </lg>
      <lg id="s3" type="stanza">
        <l id="s3:l1">U, zuster van de zon, landloopster, moet ick vraghen,</l>
        <l id="s3:l2">(Ghemerckt 't ontdecken mijns u emmers zoo behaeght)</l>
        <l id="s3:l3">Brenght ghy zoo groot een licht met uw nachtloopers waghen,</l>
        <l id="s3:l4">Daer boels genietenslust al stille u nederjaecht?</l>
      </lg>
      <lg id="s4" type="stanza">
        <l id="s4:l1">Och, zoo u dies ghedenckt, liefweerdighe goddinne,</l>
        <l id="s4:l2">En dat in 't minnenampt ghy zoetheid word ghewaer,</l>
        <l id="s4:l3">Maeckt, nu ick uytgaen wil, tot dienst van mijn vriendinne,</l>
        <l id="s4:l4">Dat uw versilvert hooft en blincke niet zoo klaer!</l>
      </lg>
    </lg>
  </text>
</song>