<song>
  <meta>
    <id>123415</id>
    <date>
      <year-start>1848</year-start>
      <year-end>1848</year-end>
    </date>
    <location>
      <orginal-name>gent</orginal-name>
      <standard-name>Gent, Belgium</standard-name>
      <coordinates>
        <lon>51.0538286</lon>
        <lat>3.7250121</lat>
      </coordinates>
    </location>
    <tags>
      <tag standard-name="christuslied" translation="Christ song">Christuslied</tag>
    </tags>
    <melody>Je voudrais bien gu&#233;rir</melody>
    <categories>
      <category translation="religion">godsdienst</category>
    </categories>
  <author>Anonymous</author></meta>
  <text>
    <lg type="song">
      <lg id="s1" type="stanza">
        <l id="s1:l1">Waertoe toch maekt uw mondeken reyn,</l>
        <l id="s1:l2">Mijn lief, zoo veel bedrijf?</l>
        <l id="s1:l3">En waertoe uwe handekens kleyn</l>
        <l id="s1:l4">Toch duymelen alzoo stijf</l>
        <l id="s1:l5">Op het albaster van mijn borst?</l>
        <l id="s1:l6">Zou het ook zijn, peys ik, van dorst?</l>
      </lg>
      <lg id="s2" type="stanza">
        <l id="s2:l1">Maer of 't daerom ook ware gedaen,</l>
        <l id="s2:l2">Gy weet wel dat een maegd,</l>
        <l id="s2:l3">Hoe rijp, hoe rond haer boezemkens staen,</l>
        <l id="s2:l4">Geen melk of spon en draegt.</l>
        <l id="s2:l5">Hoe kan ik geven dan een burst</l>
        <l id="s2:l6">Die nooit en wist van 's werelds lust?</l>
      </lg>
      <lg id="s3" type="stanza">
        <l id="s3:l1">Nu dan, o liefste mondeken rood,</l>
        <l id="s3:l2">Nu dan, o lipkens zoet,</l>
        <l id="s3:l3">En doet niet meer alzulk een nood,</l>
        <l id="s3:l4">Want 't is verloren moeit:</l>
        <l id="s3:l5">'t Is al om niet wat dat gy rekt,</l>
        <l id="s3:l6">'t Is al om niet wat dat gy trekt.</l>
      </lg>
      <lg id="s4" type="stanza">
        <l id="s4:l1">Doch neen, mijn lieveken, neen, kom aen,</l>
        <l id="s4:l2">Het was u maer geproefd,</l>
        <l id="s4:l3">Neen, mondeken kom, wil u verza&#234;n,</l>
        <l id="s4:l4">Gy weet wat u behoeft.</l>
        <l id="s4:l5">Gy weet het wel hoe alles gaet,</l>
        <l id="s4:l6">Gy weet hoe 't met uw moeder staet.</l>
      </lg>
      <lg id="s5" type="stanza">
        <l id="s5:l1">Gy weet dat zy is vrouw en maegd,</l>
        <l id="s5:l2">Gy weet dat zy alleen</l>
        <l id="s5:l3">Voor u twee volle boezems draegt,</l>
        <l id="s5:l4">Gy weet dat anders geen,</l>
        <l id="s5:l5">O groote God van dezen Al,</l>
        <l id="s5:l6">Als kind u beter koestren zal.</l>
      </lg>
    </lg>
  </text>
</song>