<song>
  <meta>
    <id>123590</id>
    <date>
      <year-start>1848</year-start>
      <year-end>1848</year-end>
    </date>
    <location>
      <orginal-name>gent</orginal-name>
      <standard-name>Gent, Belgium</standard-name>
      <coordinates>
        <lon>51.0538286</lon>
        <lat>3.7250121</lat>
      </coordinates>
    </location>
    <tags>
      <tag standard-name="kerstlied" translation="Christmas song">kerstlied</tag>
    </tags>
    <melody>Vulcanusdans</melody>
    <categories>
      <category translation="seasons and annual events">jaarkring</category>
    </categories>
  <author>Anonymous</author></meta>
  <text>
    <lg type="song">
      <lg id="s1" type="stanza">
        <l id="s1:l1">O Herderkens, laet uw bokskens en schapen!</l>
        <l id="s1:l2">Den grooten heer, die 't al heeft geschapen,</l>
        <l id="s1:l3">Is voor u geboren, die al waert verloren,</l>
        <l id="s1:l4">In d' kribbe geleid in eenen stal,</l>
        <l id="s1:l5">O menschen, om Adams val.</l>
        <l id="s1:l6">Hy wort nu gevonden, in doekskens gewonden:</l>
        <l id="s1:l7">De moeder en maget is een:</l>
        <l id="s1:l8">God vader is vader alleen.</l>
        <l id="s1:l9">Sa ras, herderkens op de been!</l>
        <l id="s1:l10">Herderkens loopt, loopt, herderkens loopt, loopt;</l>
        <l id="s1:l11">Herderkens loopt, loopt, herderkens loopt, loopt;</l>
        <l id="s1:l12">Na, na, na, kindeken te&#234;r;</l>
        <l id="s1:l13">Sus, sus, sus, krijt toch niet meer.</l>
      </lg>
      <lg id="s2" type="stanza">
        <l id="s2:l1">Komt, laet ons gaen bezoeken, in doeken,</l>
        <l id="s2:l2">Dat kindeken te&#234;re, des werelts heere,</l>
        <l id="s2:l3">Die van onze kudden den wolf zal schudden,</l>
        <l id="s2:l4">Die voor ons in een kribbe leit,</l>
        <l id="s2:l5">Zoo heeft ons den Engel gezeit.</l>
        <l id="s2:l6">De herderkens zingen, de lammerkens springen,</l>
        <l id="s2:l7">Den hemel en aerde schept geneugt,</l>
        <l id="s2:l8">Zy zingen Gods glorie en deugt,</l>
        <l id="s2:l9">Aen de menschen peys en vreugt.</l>
        <l id="s2:l10">Kindeken slaept, slaept, kindeken slaept, slaept;</l>
        <l id="s2:l11">Kindeken slaept, slaept, kindeken slaept, slaept;</l>
        <l id="s2:l12">Na, na, na, kindeken te&#234;r,</l>
        <l id="s2:l13">Sus, sus, sus, krijt toch niet meer.</l>
      </lg>
      <lg id="s3" type="stanza">
        <l id="s3:l1">Maer eer wy gaen al d'ander' opwekken,</l>
        <l id="s3:l2">En eer wy van hier naer Bethlehem trekken,</l>
        <l id="s3:l3">Wat zullen wy geven, om niet te beven,</l>
        <l id="s3:l4">In dezen zeer langen kouden nacht?</l>
        <l id="s3:l5">Zoo dient hem een beddeken sacht;</l>
        <l id="s3:l6">Zoo 't krijten zal willen, wy zullen het stillen</l>
        <l id="s3:l7">En paeijen met spelen en zank,</l>
        <l id="s3:l8">En fluyten een heele nacht lank,</l>
        <l id="s3:l9">Zullen 't zoenen met zoet geklank,</l>
        <l id="s3:l10">Zingen na, na, na, zingen na, na, na;</l>
        <l id="s3:l11">Zingen na, na, na, zingen na, na, na;</l>
        <l id="s3:l12">Na, na, na, kindeken te&#234;r,</l>
        <l id="s3:l13">Sus, sus, sus, krijt toch niet meer.</l>
      </lg>
    </lg>
  </text>
</song>