<song>
  <meta>
    <id>123598</id>
    <date>
      <year-start>1848</year-start>
      <year-end>1848</year-end>
    </date>
    <location>
      <orginal-name>gent</orginal-name>
      <standard-name>Gent, Belgium</standard-name>
      <coordinates>
        <lon>51.0538286</lon>
        <lat>3.7250121</lat>
      </coordinates>
    </location>
    <tags>
      <tag standard-name="nieuwjaarslied" translation="new year's song">nieuwjaarslied</tag>
      <tag standard-name="vermaanlied" translation="admonitory song">vermaanlied</tag>
    </tags>
    <melody>In Jezus' naam broeders eerzaam</melody>
    <categories>
      <category translation="seasons and annual events">jaarkring</category>
      <category translation="religion">godsdienst</category>
    </categories>
  <author>Anonymous</author></meta>
  <text>
    <lg type="song">
      <lg id="s1" type="stanza">
        <l id="s1:l1">In Jesus name,</l>
        <l id="s1:l2">Broeders eersame,</l>
        <l id="s1:l3">Singhet eenpaer,</l>
        <l id="s1:l4">En wilt beghinnen</l>
        <l id="s1:l5">Hem te beminnen,</l>
        <l id="s1:l6">Al in dit soete nieuwe jaer.</l>
      </lg>
      <lg id="s2" type="stanza">
        <l id="s2:l1">Hy is besneden,</l>
        <l id="s2:l2">Hy heeft gheleden,</l>
        <l id="s2:l3">Dats openbaer:</l>
        <l id="s2:l4">Wilt u besnijden,</l>
        <l id="s2:l5">Van sonden mijden,</l>
        <l id="s2:l6">Al in dit soete nieuwe jaer.</l>
      </lg>
      <lg id="s3" type="stanza">
        <l id="s3:l1">Een herte reene,</l>
        <l id="s3:l2">En anders gheene,</l>
        <l id="s3:l3">Dat sal voorwaer</l>
        <l id="s3:l4">Minnen alleene</l>
        <l id="s3:l5">'t Kindeken kleene,</l>
        <l id="s3:l6">Al in dit soete nieuwe jaer.</l>
      </lg>
      <lg id="s4" type="stanza">
        <l id="s4:l1">Sinnelijck sterven,</l>
        <l id="s4:l2">Ghenoechte derven,</l>
        <l id="s4:l3">Al valt het swaer,</l>
        <l id="s4:l4">Dat doet verwerven</l>
        <l id="s4:l5">D'hemelsche erven,</l>
        <l id="s4:l6">Al in dit soete nieuwe jaer.</l>
      </lg>
    </lg>
  </text>
</song>