<song>
  <meta>
    <id>123587</id>
    <date>
      <year-start>1848</year-start>
      <year-end>1848</year-end>
    </date>
    <location>
      <orginal-name>gent</orginal-name>
      <standard-name>Gent, Belgium</standard-name>
      <coordinates>
        <lon>51.0538286</lon>
        <lat>3.7250121</lat>
      </coordinates>
    </location>
    <tags>
      <tag standard-name="kerstlied" translation="Christmas song">kerstlied</tag>
    </tags>
    <melody>Herders hij is geboren</melody>
    <categories>
      <category translation="seasons and annual events">jaarkring</category>
    </categories>
  <author>Anonymous</author></meta>
  <text>
    <lg type="song">
      <lg id="s1" type="stanza">
        <l id="s1:l1">Herders, hy is geboren</l>
        <l id="s1:l2">In eenen kouden nacht,</l>
        <l id="s1:l3">Dien so lang van te voren</l>
        <l id="s1:l4">De werelt had verwacht.</l>
        <l id="s1:l5">Vrolijk o herderkens,</l>
        <l id="s1:l6">Zongen de Engelkens,</l>
        <l id="s1:l7">Zongen met blijde stem:</l>
        <l id="s1:l8">Haest u naer Bethlehem!</l>
      </lg>
      <lg id="s2" type="stanza">
        <l id="s2:l1">Wy arme, slechte lieden,</l>
        <l id="s2:l2">Gelijk de boerkens zijn,</l>
        <l id="s2:l3">Ontwaekten ons geburen</l>
        <l id="s2:l4">Al in de maneschijn;</l>
        <l id="s2:l5">Liepen met bly geschal</l>
        <l id="s2:l6">Naer dezen armen stal,</l>
        <l id="s2:l7">Al door des Engels stem:</l>
        <l id="s2:l8">Spoet u naer Bethlehem!</l>
      </lg>
      <lg id="s3" type="stanza">
        <l id="s3:l1">Wat hebben wy daer gevonden?</l>
        <l id="s3:l2">Een klein, klein kindekijn,</l>
        <l id="s3:l3">In doekskens teer gewonden,</l>
        <l id="s3:l4">By de liefste moeder zijn.</l>
        <l id="s3:l5">D'oogskens van stonden aen</l>
        <l id="s3:l6">Sagme vol tranen staen,</l>
        <l id="s3:l7">Weenen van bitter rouw</l>
        <l id="s3:l8">In dese felle kou.</l>
      </lg>
      <lg id="s4" type="stanza">
        <l id="s4:l1">Wy offerden te samen</l>
        <l id="s4:l2">Een klein jong lammekijn,</l>
        <l id="s4:l3">Ook koekskens, melk en sane</l>
        <l id="s4:l4">Voor 't soete kindekijn.</l>
        <l id="s4:l5">Na, na, kindje teer!</l>
        <l id="s4:l6">Sus, sus, en krijt niet meer:</l>
        <l id="s4:l7">Doet u klein oogskens toe,</l>
        <l id="s4:l8">Zy zijn van weenen mo&#234;.</l>
      </lg>
      <lg id="s5" type="stanza">
        <l id="s5:l1">Het kint begost te slapen,</l>
        <l id="s5:l2">De moeder sprak ons aen:</l>
        <l id="s5:l3">Wel lieve herdersknapen</l>
        <l id="s5:l4">Wilt soetjes buiten gaen:</l>
        <l id="s5:l5">U lied' zy peys en vre&#234;,</l>
        <l id="s5:l6">Dat brengt u 't kindje me&#234;,</l>
        <l id="s5:l7">Want hy is God en Heer.</l>
        <l id="s5:l8">Komt morgen nog al we&#234;r.</l>
      </lg>
    </lg>
  </text>
</song>