<song>
  <meta>
    <id>123583</id>
    <date>
      <year-start>1848</year-start>
      <year-end>1848</year-end>
    </date>
    <location>
      <orginal-name>gent</orginal-name>
      <standard-name>Gent, Belgium</standard-name>
      <coordinates>
        <lon>51.0538286</lon>
        <lat>3.7250121</lat>
      </coordinates>
    </location>
    <tags>
      <tag standard-name="kerstlied" translation="Christmas song">kerstlied</tag>
    </tags>
    <melody>Maan sterren nachtplaneten</melody>
    <categories>
      <category translation="seasons and annual events">jaarkring</category>
    </categories>
  <author>Anonymous</author></meta>
  <text>
    <lg type="song">
      <lg id="s1" type="stanza">
        <l id="s1:l1">Maene, sterren, nachtplaneten,</l>
        <l id="s1:l2">Noyt en was u glans so claer,</l>
        <l id="s1:l3">O wat hemelsche secreten</l>
        <l id="s1:l4">Brengt gy in het openbaer!</l>
        <l id="s1:l5">In het midden van uw smaelen</l>
        <l id="s1:l6">Met een aengenaeme stem,</l>
        <l id="s1:l7">Siet men eenen enghel daelen,</l>
        <l id="s1:l8">Die ons noodt tot Bethle&#235;m.</l>
      </lg>
      <lg id="s2" type="stanza">
        <l id="s2:l1">'s Hemels alderhoogsten coningh,</l>
        <l id="s2:l2">Die het al te boven gaet,</l>
        <l id="s2:l3">Die met d'Enghels hebt uw woningh,</l>
        <l id="s2:l4">Hoe licht ghy hier soo versmaet!</l>
        <l id="s2:l5">Hoe is uw' ghesicht gheswollen!</l>
        <l id="s2:l6">Hoe is 't dat ghy sucht en beeft!</l>
        <l id="s2:l7">Hoe siet men uw traenen rollen,</l>
        <l id="s2:l8">Vreucht van wat op d'aerde leeft!</l>
      </lg>
      <lg id="s3" type="stanza">
        <l id="s3:l1">Vorsten van de jodsche landen,</l>
        <l id="s3:l2">Borghers van het Bethle&#235;m,</l>
        <l id="s3:l3">Herders der Jordaensche stranden,</l>
        <l id="s3:l4">Hoort ghy niet die droeve stem?</l>
        <l id="s3:l5">Hoort ghy niet Messias suchten?</l>
        <l id="s3:l6">'t Is Messias die hier leyt,</l>
        <l id="s3:l7">Hoort ghy niet vol onghenuchten,</l>
        <l id="s3:l8">Hoe dat hy om hulpe schreyt?</l>
      </lg>
      <lg id="s4" type="stanza">
        <l id="s4:l1">Isser niemand van hier boven?</l>
        <l id="s4:l2">Isser niemand op het land?</l>
        <l id="s4:l3">Enghels die Godt stadigh loven,</l>
        <l id="s4:l4">Die altijdt in liefde brandt,</l>
        <l id="s4:l5">Daelt hier neder allegader,</l>
        <l id="s4:l6">Siet des hemels vreugt bedroeft,</l>
        <l id="s4:l7">Siet het woordt van Godt den vader,</l>
        <l id="s4:l8">Siet hoe dat hy troost behoeft.</l>
      </lg>
      <lg id="s5" type="stanza">
        <l id="s5:l1">Mensch, aenschouwt hier dat groot wonder,</l>
        <l id="s5:l2">Godt light machteloos en cranck,</l>
        <l id="s5:l3">Die den blixem en den donder</l>
        <l id="s5:l4">Stadigh heeft in sijn bedwanck;</l>
        <l id="s5:l5">Die (met gheen ghewelt van wercken</l>
        <l id="s5:l6">Maer met sachte woorden cracht)</l>
        <l id="s5:l7">Aerd en hemel kan verstercken,</l>
        <l id="s5:l8">Weent om bijstandt in de nacht.</l>
      </lg>
      <lg id="s6" type="stanza">
        <l id="s6:l1">In de nacht, als selfs de beesten</l>
        <l id="s6:l2">Rusten by een stille wey,</l>
        <l id="s6:l3">Light den schepper van de geesten</l>
        <l id="s6:l4">Waeckende met droef gheschrey.</l>
        <l id="s6:l5">Als den mensch light in de sonden</l>
        <l id="s6:l6">Gansch verslonden tot de doot,</l>
        <l id="s6:l7">Wordt den heer der heer' gevonden</l>
        <l id="s6:l8">In benaudtheyt overgroot.</l>
      </lg>
      <lg id="s7" type="stanza">
        <l id="s7:l1">Soete kindt, siet ons hier knielen</l>
        <l id="s7:l2">Met een verootmoedight hert,</l>
        <l id="s7:l3">Wilt ontfermen onze zielen</l>
        <l id="s7:l4">Door uw lyden, door uw smert:</l>
        <l id="s7:l5">Wilt ons hier beneden geven,</l>
        <l id="s7:l6">O bedruckte Majesteyt,</l>
        <l id="s7:l7">Dat wy met u namaels leven</l>
        <l id="s7:l8">Boven in der eeuwicheyt.</l>
      </lg>
    </lg>
  </text>
</song>