<song>
  <meta>
    <id>123680</id>
    <date>
      <year-start>1848</year-start>
      <year-end>1848</year-end>
    </date>
    <location>
      <orginal-name>gent</orginal-name>
      <standard-name>Gent, Belgium</standard-name>
      <coordinates>
        <lon>51.0538286</lon>
        <lat>3.7250121</lat>
      </coordinates>
    </location>
    <tags>
      <tag standard-name="loflied" translation="praise song">loflied</tag>
    </tags>
    <melody>Ik heb de groene straten</melody>
    <categories>
      <category translation="religion">godsdienst</category>
    </categories>
  <author>Anonymous</author></meta>
  <text>
    <lg type="song">
      <lg id="s1" type="stanza">
        <l id="s1:l1">So diep in die groen heyden</l>
        <l id="s1:l2">Van 's werelts wilt foreest,</l>
        <l id="s1:l3">Meynd' ick my te vermeyden</l>
        <l id="s1:l4">En vlieden drucks tempeest.</l>
      </lg>
      <lg id="s2" type="stanza">
        <l id="s2:l1">Maer noyt tot gheender stonden</l>
        <l id="s2:l2">(Al heb ick wel gesocht)</l>
        <l id="s2:l3">En heb ick troost ghevonden,</l>
        <l id="s2:l4">Die my versaden mocht.</l>
      </lg>
      <lg id="s3" type="stanza">
        <l id="s3:l1">In mensch oft creatuere</l>
        <l id="s3:l2">En vind ick gheen gherief,</l>
        <l id="s3:l3">'t En zy dat my ghebuere</l>
        <l id="s3:l4">Jesus mijn soete lief.</l>
      </lg>
      <lg id="s4" type="stanza">
        <l id="s4:l1">Dus wil ick my begheven,</l>
        <l id="s4:l2">Met gantscher herten goet,</l>
        <l id="s4:l3">Om Jesus vast t'aenkleven,</l>
        <l id="s4:l4">Spijt nijders quaden moedt.</l>
      </lg>
      <lg id="s5" type="stanza">
        <l id="s5:l1">Hy is een Heer der Heeren,</l>
        <l id="s5:l2">Goetjonstich boven al:</l>
        <l id="s5:l3">Ick wil my tot hem keeren</l>
        <l id="s5:l4">In dit traen-vloedich dal.</l>
      </lg>
      <lg id="s6" type="stanza">
        <l id="s6:l1">Hy is een koninc machtich</l>
        <l id="s6:l2">In sijnen hoochsten throon,</l>
        <l id="s6:l3">Godt ende mensch waerachtich,</l>
        <l id="s6:l4">Den alderliefsten schoon.</l>
      </lg>
      <lg id="s7" type="stanza">
        <l id="s7:l1">Met sijnen strael der minnen</l>
        <l id="s7:l2">Ben ick geheel deurwont,</l>
        <l id="s7:l3">Van buiten en van binnen:</l>
        <l id="s7:l4">O Heer, maeckt my ghesont!</l>
      </lg>
      <lg id="s8" type="stanza">
        <l id="s8:l1">Wanneer sal ick aenschouwen</l>
        <l id="s8:l2">U overklaer aenschijn?</l>
        <l id="s8:l3">Och mocht ick u behouwen</l>
        <l id="s8:l4">Al in dat herte mijn!</l>
      </lg>
      <lg id="s9" type="stanza">
        <l id="s9:l1">Jesu, lief uytverkoren</l>
        <l id="s9:l2">Mijn troost, mijn toeverlaet,</l>
        <l id="s9:l3">En laet my niet verloren!</l>
        <l id="s9:l4">Mijn hert heel op u staet.</l>
      </lg>
      <lg id="s10" type="stanza">
        <l id="s10:l1">Reyn Prince, lief ghepresen</l>
        <l id="s10:l2">Mijns herten liefste deel,</l>
        <l id="s10:l3">Laet my doch met u wesen</l>
        <l id="s10:l4">In 's hemels soet prieel.</l>
      </lg>
    </lg>
  </text>
</song>