<song>
  <meta>
    <id>123674</id>
    <date>
      <year-start>1864</year-start>
      <year-end>1864</year-end>
    </date>
    <location>
      <orginal-name>gent?</orginal-name>
      <standard-name>Gent, Belgium</standard-name>
      <coordinates>
        <lon>51.0538286</lon>
        <lat>3.7250121</lat>
      </coordinates>
    </location>
    <tags>
      <tag standard-name="verhalend lied" translation="narrative song">verhalend lied</tag>
    </tags>
    <melody />
    <categories>
      <category translation="narratives">verhalen</category>
    </categories>
  <author>Anonymous</author></meta>
  <text>
    <lg type="song">
      <lg id="s1" type="stanza">
        <l id="s1:l1">Wulmer kwam op 't ijs gereden</l>
        <l id="s1:l2">Mette vrijster by der hand,</l>
        <l id="s1:l3">Vierich en vol heeten brand.</l>
        <l id="s1:l4">Vier en brand was al zijn reden;</l>
        <l id="s1:l5">Maer hy had niet lang gereden,</l>
        <l id="s1:l6">Sict! het ijsich veld dat brak,</l>
        <l id="s1:l7">Daer leit Wulmer in de wrak.</l>
      </lg>
      <lg id="s2" type="stanza">
        <l id="s2:l1">Wulmer riep met luider stemmen:</l>
        <l id="s2:l2">&#8216;Help, och! help, of ik verstijf,</l>
        <l id="s2:l3">'k Heb de dood al op het lijf.</l>
        <l id="s2:l4">Help, het ijs dat zal me klemmen,</l>
        <l id="s2:l5">Help, och! help, 'k en kan niet zwemmen,</l>
        <l id="s2:l6">Help my toch uit dezen nood,</l>
        <l id="s2:l7">Of ik blijf van koude dood.&#8217;</l>
      </lg>
      <lg id="s3" type="stanza">
        <l id="s3:l1">&#8216;Gy verkleunen? watte schanden!</l>
        <l id="s3:l2">Rieper iemand van de kant,</l>
        <l id="s3:l3">Koelje, koelje, vierig kwant,</l>
        <l id="s3:l4">Koelt, &#244; koelt uw hittig branden.&#8217;</l>
        <l id="s3:l5">Nog riep Wulmer: &#8216;Laet my landen,</l>
        <l id="s3:l6">Wat vermeerje mijn verdriet?</l>
        <l id="s3:l7">Hier is 't regte koelsel niet.&#8217;</l>
      </lg>
    </lg>
  </text>
</song>