<song>
  <meta>
    <id>123609</id>
    <date>
      <year-start>1864</year-start>
      <year-end>1864</year-end>
    </date>
    <location>
      <orginal-name>gent?</orginal-name>
      <standard-name>Gent, Belgium</standard-name>
      <coordinates>
        <lon>51.0538286</lon>
        <lat>3.7250121</lat>
      </coordinates>
    </location>
    <tags>
      <tag standard-name="kluchtlied" translation="humorous song">kluchtlied</tag>
    </tags>
    <melody>Pierlala</melody>
    <categories>
      <category translation="amusement">vermaak</category>
    </categories>
  <author>Anonymous</author></meta>
  <text>
    <lg type="song">
      <lg id="s1" type="stanza">
        <l id="s1:l1">Pier, onze vlaemsche goede vriend,</l>
        <l id="s1:l2">Rees onlangs uit zyn graf;</l>
        <l id="s1:l3">Hy was zoo bly omdat ons Heer</l>
        <l id="s1:l4">Hem nogmaels 't leven gaf:</l>
        <l id="s1:l5">Hy danste en sprong en riep met vier:</l>
        <l id="s1:l6">Nu zal ik leven in 't plezier.</l>
        <l id="s1:l7">Plezier, ze&#238; Pierlala, sa, sa,</l>
        <l id="s1:l8">Plezier, ze&#238; Pierlala.</l>
      </lg>
      <lg id="s2" type="stanza">
        <l id="s2:l1">Maer 'k moet eerst weten wat bedryf</l>
        <l id="s2:l2">Ik zoo hier best kan doen;</l>
        <l id="s2:l3">'k Kan goed het vlaemsch, myn moedertael,</l>
        <l id="s2:l4">'k Ben struisch en kloek en koen:</l>
        <l id="s2:l5">Ik word soldaet, dan korporael,</l>
        <l id="s2:l6">Zoo word ik ook eens generael.</l>
        <l id="s2:l7">Soldaet, ze&#238; Pierlala, sa, sa,</l>
        <l id="s2:l8">Soldaet, ze&#238; Pierlala.</l>
      </lg>
      <lg id="s3" type="stanza">
        <l id="s3:l1">Hy ging regt by een' kolonel,</l>
        <l id="s3:l2">Vol hoop en heel kontent,</l>
        <l id="s3:l3">En sprak: Mynheer 'k ben goed geleerd,</l>
        <l id="s3:l4">Ik vraeg engagement;</l>
        <l id="s3:l5">'k Schryf goed het vlaemsch, de tael van 't land,</l>
        <l id="s3:l6">Ik ben een man met wat verstand,</l>
        <l id="s3:l7">En geest, ze&#238; Pierlala, sa sa.</l>
        <l id="s3:l8">En geest, ze&#238; Pierlala.</l>
      </lg>
      <lg id="s4" type="stanza">
        <l id="s4:l1">De kolonel sprak heel verbaesd:</l>
        <l id="s4:l2">Het vlaemsch, wat tael is dat?</l>
        <l id="s4:l3">Die kent men in het leger niet,</l>
        <l id="s4:l4">Vertrek vriend gy zyt zat;</l>
        <l id="s4:l5">Het fransch alleen, dat is de tael</l>
        <l id="s4:l6">Die 't leger leidt ten zegeprael.</l>
        <l id="s4:l7">- 't Is schand, ze&#238; Pierlala, sa, sa,</l>
        <l id="s4:l8">'t Is schand, ze&#238; Pierlala.</l>
      </lg>
      <lg id="s5" type="stanza">
        <l id="s5:l1">En hy vertrok geheel ontsteld,</l>
        <l id="s5:l2">Verwonderd en verstoord:</l>
        <l id="s5:l3">&#8216;'k En deug nu niet voor korporael,</l>
        <l id="s5:l4">Wie heeft dat ooit gehoord?</l>
        <l id="s5:l5">Wel, schiet men op zyn fransch met po&#234;r,</l>
        <l id="s5:l6">Dan word ik op zyn vlaemsch een boer,</l>
        <l id="s5:l7">Een boer, ze&#238; Pierlala, sa, sa,</l>
        <l id="s5:l8">Een boer, ze&#238; Pierlala.</l>
      </lg>
      <lg id="s6" type="stanza">
        <l id="s6:l1">En hy ging naer de landbouwschool,</l>
        <l id="s6:l2">Tot 't leeren van 't bedryf;</l>
        <l id="s6:l3">Doch als hy 't hoofd daer binnen stak,</l>
        <l id="s6:l4">Kreeg hy de koorts op 't lyf.</l>
        <l id="s6:l5">Daer ook, daer was voor hem geen kans:</l>
        <l id="s6:l6">De vlaemsche boer leert daer in 't fransch.</l>
        <l id="s6:l7">In 't fransch, ze&#238; Pierlala, sa, sa,</l>
        <l id="s6:l8">In 't fransch, ze&#238; Pierlala.</l>
      </lg>
      <lg id="s7" type="stanza">
        <l id="s7:l1">Maer, dacht hy, 'k wil nu eens gaen zien'</l>
        <l id="s7:l2">Naer 't overoude Gent,</l>
        <l id="s7:l3">Daer spreekt men nog het vlaemsch misschien,</l>
        <l id="s7:l4">Daer ben ik nog kontent;</l>
        <l id="s7:l5">'k Bezoek eens stadhuis, tribunael,</l>
        <l id="s7:l6">En yzren weg en schouwburgzael.</l>
        <l id="s7:l7">Naer Gent, ze&#238; Pierlala, sa, sa,</l>
        <l id="s7:l8">Naer Gent, ze&#238; Pierlala.</l>
      </lg>
      <lg id="s8" type="stanza">
        <l id="s8:l1">En hy ging regt naer 't tribunael.</l>
        <l id="s8:l2">Maer ach! wat hy daer ziet;</l>
        <l id="s8:l3">Men accuseerde een Vlaming daer,</l>
        <l id="s8:l4">En hy verstond het niet.</l>
        <l id="s8:l5">Daer hoorde Pier ook niets dan fransch,</l>
        <l id="s8:l6">En 't was in 't vlaemsche Gent nogtans.</l>
        <l id="s8:l7">'t Is waer, ze&#238; Pierlala, sa, sa,</l>
        <l id="s8:l8">'t Is waer, ze&#238; Pierlala.</l>
      </lg>
      <lg id="s9" type="stanza">
        <l id="s9:l1">En morrend liep hy 't stadhuis op</l>
        <l id="s9:l2">Naer den gemeenteraed;</l>
        <l id="s9:l3">Hy luistert - en hoort we&#234;ral fransch;</l>
        <l id="s9:l4">Nu werd hy razend kwaed.</l>
        <l id="s9:l5">Hy riep: Vaerwel, 'k vertrek van hier,</l>
        <l id="s9:l6">'k Brand liever in het helsche vier.</l>
        <l id="s9:l7">'k Vertrek, ze&#238; Pierlala, sa, sa,</l>
        <l id="s9:l8">'k Vertrek, ze&#238; Pierlala.</l>
      </lg>
      <lg id="s10" type="stanza">
        <l id="s10:l1">En hy liep naer den yzren weg,</l>
        <l id="s10:l2">Zoo zeer hy loopen kon,</l>
        <l id="s10:l3">En zocht daer op een groote plank</l>
        <l id="s10:l4">Den prys van een wagon.</l>
        <l id="s10:l5">Maer ach! wat 't ergste was van al,</l>
        <l id="s10:l6">Hy las, - maer wist nog niet met al!</l>
        <l id="s10:l7">'t Was fransch, ze&#238; Pierlala, sa, sa,</l>
        <l id="s10:l8">'t Was fransch, ze&#238; Pierlala.</l>
      </lg>
      <lg id="s11" type="stanza">
        <l id="s11:l1">Nu weende Pier gelyk een kind,</l>
        <l id="s11:l2">En ze&#238;: Ach! wat verdriet!</l>
        <l id="s11:l3">'t Is overal dat duivelsch fransch,</l>
        <l id="s11:l4">En ik versta het niet;</l>
        <l id="s11:l5">Ik ga maer we&#234;r de wereld af,</l>
        <l id="s11:l6">'t Is beter nog in 't eenzaem graf.</l>
        <l id="s11:l7">Vaerwel, ze&#238; Pierlala, sa, sa,</l>
        <l id="s11:l8">Vaerwel, ze&#238; Pierlala.</l>
      </lg>
    </lg>
  </text>
</song>