<song>
  <meta>
    <id>123610</id>
    <date>
      <year-start>1848</year-start>
      <year-end>1848</year-end>
    </date>
    <location>
      <orginal-name>gent</orginal-name>
      <standard-name>Gent, Belgium</standard-name>
      <coordinates>
        <lon>51.0538286</lon>
        <lat>3.7250121</lat>
      </coordinates>
    </location>
    <tags>
      <tag standard-name="kerstlied" translation="Christmas song">kerstlied</tag>
    </tags>
    <melody>Kyrie magne Deus</melody>
    <categories>
      <category translation="seasons and annual events">jaarkring</category>
    </categories>
  <author>Anonymous</author></meta>
  <text>
    <lg type="song">
      <lg id="s1" type="stanza">
        <l id="s1:l1">Kyrie - God is ghecomen</l>
        <l id="s1:l2">In aertrijc tonser vromen,</l>
        <l id="s1:l3">Des sullen wi tallen tiden</l>
        <l id="s1:l4">Verbliden - eleison.</l>
      </lg>
      <lg id="s2" type="stanza">
        <l id="s2:l1">Kyrie - God is gheboren,</l>
        <l id="s2:l2">Van eenre maghet vercoren,</l>
        <l id="s2:l3">Daer wi bi sijn ontbonden</l>
        <l id="s2:l4">Van sonden - eleison.</l>
      </lg>
      <lg id="s3" type="stanza">
        <l id="s3:l1">Kyrie - Wi sijn ontlopen</l>
        <l id="s3:l2">Den viant inder dopen.</l>
        <l id="s3:l3">God help ons voert ontganghen</l>
        <l id="s3:l4">Sijn banden - eleison.</l>
      </lg>
      <lg id="s4" type="stanza">
        <l id="s4:l1">Christe - Medecine</l>
        <l id="s4:l2">Onser pine!</l>
        <l id="s4:l3">Om onse noet</l>
        <l id="s4:l4">Bleef hi doet - eleison.</l>
      </lg>
      <lg id="s5" type="stanza">
        <l id="s5:l1">Christe - Onse broeder,</l>
        <l id="s5:l2">Ende behoeder,</l>
        <l id="s5:l3">Int goede were,</l>
        <l id="s5:l4">Maect ons sterc - eleison.</l>
      </lg>
      <lg id="s6" type="stanza">
        <l id="s6:l1">Christe - Soen des vader,</l>
        <l id="s6:l2">Ons berader,</l>
        <l id="s6:l3">Begheeft ons niet</l>
        <l id="s6:l4">In verdriet - eleison.</l>
      </lg>
      <lg id="s7" type="stanza">
        <l id="s7:l1">Kyrie - God moet verhoeden</l>
        <l id="s7:l2">In sinen dienst den goeden,</l>
        <l id="s7:l3">Dat hi ons themelsce erve</l>
        <l id="s7:l4">Verwerve - eleison.</l>
      </lg>
      <lg id="s8" type="stanza">
        <l id="s8:l1">Kyrie - God moet bekeren</l>
        <l id="s8:l2">Den sondaer ende leren,</l>
        <l id="s8:l3">Dat hi sijn quade leven</l>
        <l id="s8:l4">Moet begheven - eleison.</l>
      </lg>
      <lg id="s9" type="stanza">
        <l id="s9:l1">Kyrie - God vader, soen,</l>
        <l id="s9:l2">Heilighe gheest, drie persoen</l>
        <l id="s9:l3">Een God, laet ons u loven</l>
        <l id="s9:l4">Hier boven - eleison.</l>
      </lg>
    </lg>
  </text>
</song>