<song>
  <meta>
    <id>123688</id>
    <date>
      <year-start>1864</year-start>
      <year-end>1864</year-end>
    </date>
    <location>
      <orginal-name>gent?</orginal-name>
      <standard-name>Gent, Belgium</standard-name>
      <coordinates>
        <lon>51.0538286</lon>
        <lat>3.7250121</lat>
      </coordinates>
    </location>
    <tags>
      <tag standard-name="kluchtlied" translation="humorous song">kluchtlied</tag>
    </tags>
    <melody />
    <categories>
      <category translation="amusement">vermaak</category>
    </categories>
  <author>Anonymous</author></meta>
  <text>
    <lg type="song">
      <lg id="s1" type="stanza">
        <l id="s1:l1">Vrienden, luistert naar dit lied</l>
        <l id="s1:l2">Van Pier en Lijn, die gaan trouwen;</l>
        <l id="s1:l3">Ik zing het net als 't is geschied:</l>
        <l id="s1:l4">Hij zit zijn hair te krouwen.</l>
        <l id="s1:l5">Den eersten dag,</l>
        <l id="s1:l6">'t Was al gelach,</l>
        <l id="s1:l7">Men licht en vult de tuiten.</l>
        <l id="s1:l8">Pier en Lijn</l>
        <l id="s1:l9">Wou' vrolijk zijn</l>
        <l id="s1:l10">Met bas, viool en fluiten.</l>
      </lg>
      <lg id="s2" type="stanza">
        <l id="s2:l1">Des anderdaags kreeg het jong paar,</l>
        <l id="s2:l2">Van al de bruilofts klanten,</l>
        <l id="s2:l3">Veel huisraad; en van beste va&#234;r</l>
        <l id="s2:l4">Een muts met zilveren kanten.</l>
        <l id="s2:l5">Zuster An</l>
        <l id="s2:l6">Gaf pot en pan,</l>
        <l id="s2:l7">En Klaas oom gaf zes manden,</l>
        <l id="s2:l8">En Jan cosijn</l>
        <l id="s2:l9">Met nicht Catrijn</l>
        <l id="s2:l10">Een vat met koperen banden.</l>
      </lg>
      <lg id="s3" type="stanza">
        <l id="s3:l1">Jan-oom gaf kiekens in het kot,</l>
        <l id="s3:l2">Nelle-moei een verken,</l>
        <l id="s3:l3">Merten, bij een mostaardpot,</l>
        <l id="s3:l4">Een schup om me&#234; te werken.</l>
        <l id="s3:l5">Jaantje Moei</l>
        <l id="s3:l6">Gaf ook een koei,</l>
        <l id="s3:l7">Benevens nog twee tangen;</l>
        <l id="s3:l8">En Pierke Smal</l>
        <l id="s3:l9">Gaf ook een val</l>
        <l id="s3:l10">Om muizen in te vangen.</l>
      </lg>
      <lg id="s4" type="stanza">
        <l id="s4:l1">Een Capucijn,</l>
        <l id="s4:l2">Die op termijn</l>
        <l id="s4:l3">Hier was, toont zich genegen:</l>
        <l id="s4:l4">Na 't drinken van een glasje wijn</l>
        <l id="s4:l5">Gaf hij het paar zijn zegen.</l>
        <l id="s4:l6">Hij gaf de bruid wat heiligdom</l>
        <l id="s4:l7">Tot troost in 't kinderbaren.</l>
        <l id="s4:l8">&#8216;Ach! lieven heer,</l>
        <l id="s4:l9">Sprak 't bruidje te&#234;r,</l>
        <l id="s4:l10">Dat zal ik wel bewaren.&#8217;</l>
      </lg>
      <lg id="s5" type="stanza">
        <l id="s5:l1">Maer als de bruiloft was gedaan,</l>
        <l id="s5:l2">Wo&#251; Pier Lijn commanderen</l>
        <l id="s5:l3">Waar dat de meubels moesten staan:</l>
        <l id="s5:l4">Dat wild' hij Lijntje leeren.</l>
        <l id="s5:l5">Maar Lijn die ze&#238;:</l>
        <l id="s5:l6">&#8216;Wat bruit gij mij:</l>
        <l id="s5:l7">Dat zijn geen mans affeeren;</l>
        <l id="s5:l8">Laat mij dit doen</l>
        <l id="s5:l9">Op mijn fatsoen</l>
        <l id="s5:l10">Gelijk ik zal begeeren.&#8217;</l>
      </lg>
      <lg id="s6" type="stanza">
        <l id="s6:l1">Pier hing het zoutvat in de schouw,</l>
        <l id="s6:l2">En Lijn begon te kijven:</l>
        <l id="s6:l3">Zij ze&#238; dat zij dat zoo niet wo&#251;,</l>
        <l id="s6:l4">Dat dit zoo niet kon blijven.</l>
        <l id="s6:l5">Lijn nam het af</l>
        <l id="s6:l6">En Pier die gaf</l>
        <l id="s6:l7">Aan Lijn twee oorvijgen.</l>
        <l id="s6:l8">Hij ze&#238;: &#8216;Gij prij,</l>
        <l id="s6:l9">Zult gij voor mij,</l>
        <l id="s6:l10">Uw meester, leeren zwijgen.&#8217;</l>
      </lg>
      <lg id="s7" type="stanza">
        <l id="s7:l1">Lijn, als een duivelin zoo kwaad,</l>
        <l id="s7:l2">En kost dat niet verdragen.</l>
        <l id="s7:l3">Ze schreeuwt en huilt op volle straat,</l>
        <l id="s7:l4">Ze wilt haar man verklagen.</l>
        <l id="s7:l5">Hij ze&#238;: &#8216;Gij wijf,</l>
        <l id="s7:l6">Pas op uw lijf,</l>
        <l id="s7:l7">Wil mijn gebod ontvangen;</l>
        <l id="s7:l8">Ik draag de broek!</l>
        <l id="s7:l9">In dezen hoek,</l>
        <l id="s7:l10">Daar zal het zoutvat hangen.&#8217;</l>
      </lg>
      <lg id="s8" type="stanza">
        <l id="s8:l1">Lijn deed haar man voor dit gevecht</l>
        <l id="s8:l2">Door eenen bode dagen,</l>
        <l id="s8:l3">Dat hij moest komen voor 't gerecht,</l>
        <l id="s8:l4">En Lijn begon te vragen:</l>
        <l id="s8:l5">Of wel een man</l>
        <l id="s8:l6">Verbieden kan,</l>
        <l id="s8:l7">Of hij mag kommanderen</l>
        <l id="s8:l8">Waar hangen moet</l>
        <l id="s8:l9">Het keukengoed.</l>
        <l id="s8:l10">Zij gingen procederen.</l>
      </lg>
      <lg id="s9" type="stanza">
        <l id="s9:l1">Zij procedeerden langen tijd.</l>
        <l id="s9:l2">Het was zoo ver geloopen</l>
        <l id="s9:l3">Dat zij hun geld al waren kwijt.</l>
        <l id="s9:l4">Toen ging men aan 't verkoopen:</l>
        <l id="s9:l5">Geheel den bras</l>
        <l id="s9:l6">Al wat er was,</l>
        <l id="s9:l7">Het zoutvat, pot en manden,</l>
        <l id="s9:l8">En ook de koei</l>
        <l id="s9:l9">Van Jaantje Moei,</l>
        <l id="s9:l10">En 't vat met koperen banden.</l>
      </lg>
      <lg id="s10" type="stanza">
        <l id="s10:l1">Toen werd er door de schepenbank</l>
        <l id="s10:l2">Een vonnis uitgegeven,</l>
        <l id="s10:l3">Dat Pier en Lijn hun leven lank</l>
        <l id="s10:l4">In vrede moesten leven.</l>
        <l id="s10:l5">Pier zag op Lijn,</l>
        <l id="s10:l6">En Lijn op Pier;</l>
        <l id="s10:l7">Men zou zich wel verdragen</l>
        <l id="s10:l8">Had men, och Heer!</l>
        <l id="s10:l9">Zijn geldje we&#234;r,</l>
        <l id="s10:l10">Maar daar en hielp geen klagen.</l>
      </lg>
    </lg>
  </text>
</song>