<song>
  <meta>
    <id>123600</id>
    <date>
      <year-start>1848</year-start>
      <year-end>1848</year-end>
    </date>
    <location>
      <orginal-name>gent</orginal-name>
      <standard-name>Gent, Belgium</standard-name>
      <coordinates>
        <lon>51.0538286</lon>
        <lat>3.7250121</lat>
      </coordinates>
    </location>
    <tags>
      <tag standard-name="kerstlied" translation="Christmas song">kerstlied</tag>
    </tags>
    <melody>Nu zijt wellekome</melody>
    <categories>
      <category translation="seasons and annual events">jaarkring</category>
    </categories>
  <author>Anonymous</author></meta>
  <text>
    <lg type="song">
      <lg id="s1" type="stanza">
        <l id="s1:l1">Nu zijt wellekome Jesu, lieve Heer,</l>
        <l id="s1:l2">Ghy komt van al soo hooge, van alsoo veer.</l>
        <l id="s1:l3">Nu zijt wellekome van den hoogen hemel neer;</l>
        <l id="s1:l4">Hier, al in dit aerdrijck, zijt ghy ghesien noyt meer. - Kyrieleison.</l>
      </lg>
      <lg id="s2" type="stanza">
        <l id="s2:l1">Christe, kyrieleison laet ons singen bly,</l>
        <l id="s2:l2">Daer mede oock onse leysen beghinnen vry.</l>
        <l id="s2:l3">Jesus is gheboren in de Heylighen Kers-nacht</l>
        <l id="s2:l4">Van een Maghet reyne, die hoogh moet zijn geacht. - Kyrieleison.</l>
      </lg>
      <lg id="s3" type="stanza">
        <l id="s3:l1">De herders op den velde hoorden een nieuw lied,</l>
        <l id="s3:l2">Dat Jesus was geboren, sy wisten 't niet:</l>
        <l id="s3:l3">&#8216;Gaet aen geender strate en ghy sult Hem vinden klaer,</l>
        <l id="s3:l4">Bethlem is de stede daer 't is geschied voorwaer.&#8217; - Kyrieleison.</l>
      </lg>
      <lg id="s4" type="stanza">
        <l id="s4:l1">De heilge drie koningen uyt soo verren land,</l>
        <l id="s4:l2">Sy sochten onsen Heere met offerhand.</l>
        <l id="s4:l3">S'offerden ootmoedelijck: mijrrh', wieroock en goud,</l>
        <l id="s4:l4">Ter eere van dat kind dat alle dingh behout. - Kyrieleison.</l>
      </lg>
    </lg>
  </text>
</song>