<song>
  <meta>
    <id>123621</id>
    <date>
      <year-start>1848</year-start>
      <year-end>1848</year-end>
    </date>
    <location>
      <orginal-name>gent</orginal-name>
      <standard-name>Gent, Belgium</standard-name>
      <coordinates>
        <lon>51.0538286</lon>
        <lat>3.7250121</lat>
      </coordinates>
    </location>
    <tags>
      <tag standard-name="kerstlied" translation="Christmas song">kerstlied</tag>
      <tag standard-name="welkomstlied" translation="welcome song">welkomstlied</tag>
    </tags>
    <melody />
    <categories>
      <category translation="seasons and annual events">jaarkring</category>
      <category translation="occasions">gelegenheden</category>
    </categories>
  <author>Anonymous</author></meta>
  <text>
    <lg type="song">
      <lg id="s1" type="stanza">
        <l id="s1:l1">Zijt welkom lang verwachte leeuw</l>
        <l id="s1:l2">Uit Jacob's, Juda's groot geslacht geboren,</l>
        <l id="s1:l3">Tot stutting van Jehova's toren</l>
        <l id="s1:l4">Zoo overlang gewenscht van eeuw tot eeuw;</l>
        <l id="s1:l5">O werelds heiland groot van magt,</l>
        <l id="s1:l6">Zijt duizendvoudig welkom in der nacht!</l>
        <l id="s1:l7">De dag ontzag uw komst en is geweken,</l>
        <l id="s1:l8">De zon verdween en is bezweken,</l>
        <l id="s1:l9">Toen uw schijnsel scheen.</l>
      </lg>
      <lg id="s2" type="stanza">
        <l id="s2:l1">Zijt welkom licht der middernacht,</l>
        <l id="s2:l2">Voor dat gy ons in 't duister komt verschijnen</l>
        <l id="s2:l3">En doet de duisterheid verdwijnen,</l>
        <l id="s2:l4">En licht ons middagklaer met groote kracht!</l>
        <l id="s2:l5">Zijt welkom Tetragrammaton,</l>
        <l id="s2:l6">Zijt welkom licht, veel meerder dan de zon,</l>
        <l id="s2:l7">Zijt nog tien duizend malen wellekom,</l>
        <l id="s2:l8">O licht van licht, tot schijn der vromen</l>
        <l id="s2:l9">In der nacht gesticht!</l>
      </lg>
      <lg id="s3" type="stanza">
        <l id="s3:l1">Zijt welkom magtig koningszoon,</l>
        <l id="s3:l2">Uit konings stam gesproten,</l>
        <l id="s3:l3">Beroemdste adel van de grooten,</l>
        <l id="s3:l4">Zijt welkom uit uw vaders hoogen troon!</l>
        <l id="s3:l5">Doet op uw poort, Jerusalem!</l>
        <l id="s3:l6">Uw koning is alreeds te Bethlehem,</l>
        <l id="s3:l7">'t Is David's regte nazaet; ziet, uw koning</l>
        <l id="s3:l8">Ligt in een stal, geen slechter woning</l>
        <l id="s3:l9">Is er in dit dal.</l>
      </lg>
      <lg id="s4" type="stanza">
        <l id="s4:l1">Zijt welkom groote werelds vorst,</l>
        <l id="s4:l2">Zijt welkom die uw slaven komt bezoeken,</l>
        <l id="s4:l3">Gelijk een kind in slechte doeken</l>
        <l id="s4:l4">Omwonden en soberlijk uitgedorst.</l>
        <l id="s4:l5">Eilaes! ik heb geen welkom gaef,</l>
        <l id="s4:l6">Want ziet, ik ben maer uwen armen slaef,</l>
        <l id="s4:l7">En zijt gy zelf die daer ik moet van leven;</l>
        <l id="s4:l8">Het is my smart, 'k heb niet te geven</l>
        <l id="s4:l9">Als alleen mijn hart.</l>
      </lg>
      <lg id="s5" type="stanza">
        <l id="s5:l1">Hoe nu, grootmagtig vorst, hoe nu?</l>
        <l id="s5:l2">Verlaet gy 't rijk? veracht gy zoo de troonen,</l>
        <l id="s5:l3">Om in mijn hart zoo klein te wonen?</l>
        <l id="s5:l4">Ei, wacht een weinig, bid ik, 't is te ruw;</l>
        <l id="s5:l5">Ei, laet het eerst uw dienaer zijn</l>
        <l id="s5:l6">En zuiver maken, 'k zal uw helper zijn.</l>
        <l id="s5:l7">O wonder, 't is in weinig oogenblikken</l>
        <l id="s5:l8">Wel na mijn zin - ei, wilt niet schrikken,</l>
        <l id="s5:l9">Komt er nu vrij in.</l>
      </lg>
      <lg id="s6" type="stanza">
        <l id="s6:l1">Maer ach! eilaes! ik ben te slecht,</l>
        <l id="s6:l2">Ik ben niet waerdig om zoo grooten koning</l>
        <l id="s6:l3">t'Ontvangen in zoo slechte woning;</l>
        <l id="s6:l4">Maer ach! ik bid, heb deernis met uw knecht,</l>
        <l id="s6:l5">Ik bid, spreek maer een eenig woord,</l>
        <l id="s6:l6">Op dat het na uw zin mijn ziele hoort;</l>
        <l id="s6:l7">Mijn hart zal door dat woord zoo heerlijk wezen</l>
        <l id="s6:l8">Als geen paleis ooit was voor dezen;</l>
        <l id="s6:l9">Ei, voldoet mijn eisch!</l>
      </lg>
      <lg id="s7" type="stanza">
        <l id="s7:l1">Nu, magtig koning, is 't bekwaem,</l>
        <l id="s7:l2">Zoo laet my toe om na 't geluk te trachten,</l>
        <l id="s7:l3">U in mijn harte te verwachten -</l>
        <l id="s7:l4">Ei, komt er in, in uwen eigen naem,</l>
        <l id="s7:l5">Ei, zoo mijn vorst, ei zoo mijn heer!</l>
        <l id="s7:l6">Hoe minlijk doet gy uwes knechts begeer!</l>
        <l id="s7:l7">Hoe kan hy grooter hemels vreugd ontmoeten?</l>
        <l id="s7:l8">Gy schenkt uw slaef een hemels zoeten,</l>
        <l id="s7:l9">Ja veel grooter gaef.</l>
      </lg>
      <lg id="s8" type="stanza">
        <l id="s8:l1">Zijt welkom vorst Athanatos,</l>
        <l id="s8:l2">Zijt welkom goeden koning Adonia,</l>
        <l id="s8:l3">Zijt welkom vredevorst Sodia,</l>
        <l id="s8:l4">Zijt welkom wereld-heiland Ischyros,</l>
        <l id="s8:l5">Zijt welkom heer Homousion,</l>
        <l id="s8:l6">Zijt welkom grooten Tetragrammaton,</l>
        <l id="s8:l7">Zijt welkom grooten overal regeerder,</l>
        <l id="s8:l8">O Emanu&#235;l, ja nog veel meerder,</l>
        <l id="s8:l9">Held Ezechi&#235;l!</l>
      </lg>
      <lg id="s9" type="stanza">
        <l id="s9:l1">Gy die des hemels hoog bestier</l>
        <l id="s9:l2">Verlaet om 't heil der wereldsche menschen,</l>
        <l id="s9:l3">Die na haer zielen welvaert wenschen,</l>
        <l id="s9:l4">Erbarmt u over my, ellendig dier!</l>
        <l id="s9:l5">Blijft altijd by my tot mijn end,</l>
        <l id="s9:l6">En hoedt my voor des vyands helsch torment!</l>
        <l id="s9:l7">Ei, laet ons door den satan niet verleiden!</l>
        <l id="s9:l8">Blijft by ons, Heer, op dat wy scheiden</l>
        <l id="s9:l9">Mogen nemmermeer!</l>
      </lg>
      <lg id="s10" type="stanza">
        <l id="s10:l1">O goddelijke Majesteit,</l>
        <l id="s10:l2">Op kersnacht uit eene zuivre maegd geboren,</l>
        <l id="s10:l3">Die nooit haer maegdom heeft verloren.</l>
        <l id="s10:l4">O grooten priester in der eeuwigheid,</l>
        <l id="s10:l5">Zijt welkom in uw eigen goed!</l>
        <l id="s10:l6">Wy vallen nu voor uwe krib te voet,</l>
        <l id="s10:l7">En schoon gy schijnt een kind, o heer der heeren,</l>
        <l id="s10:l8">Gy zijt ons lot, ik wil u eeren</l>
        <l id="s10:l9">Als mijn groote God.</l>
      </lg>
      <lg id="s11" type="stanza">
        <l id="s11:l1">Gy komt van passe met uw magt,</l>
        <l id="s11:l2">Om in ons hart een vredevuer te stichten</l>
        <l id="s11:l3">En ons in 't duister te verlichten;</l>
        <l id="s11:l4">Dat is, o Heer, de regte tijd by nacht.</l>
        <l id="s11:l5">De nacht der boosheid door uw licht</l>
        <l id="s11:l6">Verdwijnt en klaert zich, wijl het duister zwicht,</l>
        <l id="s11:l7">Den heldren dageraet die moet verschijnen,</l>
        <l id="s11:l8">De donkerheid die moet verdwijnen</l>
        <l id="s11:l9">Wijlze uw schijnsel mijdt.</l>
      </lg>
      <lg id="s12" type="stanza">
        <l id="s12:l1">Verlicht, o kind van Bethlehem,</l>
        <l id="s12:l2">Ons hart en ziel, ons gansch gemoed en zinnen,</l>
        <l id="s12:l3">Op dat wy u te regt beminnen,</l>
        <l id="s12:l4">En leid ons in het hoog Jerusalem!</l>
        <l id="s12:l5">Laet in ons hart uw kribbe zijn,</l>
        <l id="s12:l6">En blijft in eeuwigheid altijd by mijn,</l>
        <l id="s12:l7">Lact u de zorg voor my zijn aenbevolen!</l>
        <l id="s12:l8">Mijn hart is teer, maer zal niet dolen,</l>
        <l id="s12:l9">Zoo gy 't hoedt, o Heer.</l>
      </lg>
    </lg>
  </text>
</song>