<song>
  <meta>
    <id>123622</id>
    <date>
      <year-start>1848</year-start>
      <year-end>1848</year-end>
    </date>
    <location>
      <orginal-name>gent</orginal-name>
      <standard-name>Gent, Belgium</standard-name>
      <coordinates>
        <lon>51.0538286</lon>
        <lat>3.7250121</lat>
      </coordinates>
    </location>
    <tags>
      <tag standard-name="passielied" translation="passion song">passielied</tag>
      <tag standard-name="verhalend lied" translation="narrative song">verhalend lied</tag>
    </tags>
    <melody>De oude Hillebrand</melody>
    <categories>
      <category translation="seasons and annual events">jaarkring</category>
      <category translation="narratives">verhalen</category>
    </categories>
  <author>Anonymous</author></meta>
  <text>
    <lg type="song">
      <lg id="s1" type="stanza">
        <l id="s1:l1">Van liefde komt groot lijden,</l>
        <l id="s1:l2">Onderwijlen groot verdriet.</l>
        <l id="s1:l3">Het minde de maget Maria</l>
        <l id="s1:l4">Den Gods sone wel bemint.</l>
        <l id="s1:l5">Sy minde Hem seer, sy hadde Hem lief,</l>
        <l id="s1:l6">Als sy Hem sagh in lijden</l>
        <l id="s1:l7">Sy en conde gerusten niet.</l>
      </lg>
      <lg id="s2" type="stanza">
        <l id="s2:l1">Maria was in lijden,</l>
        <l id="s2:l2">Sy gingh eenen droeven gangh</l>
        <l id="s2:l3">Tot Jerusalem voor de poorte,</l>
        <l id="s2:l4">Die sy ontsloten vant.</l>
        <l id="s2:l5">Daer sagh sy comen haers herten lief,</l>
        <l id="s2:l6">Met eenen Cruyce geladen,</l>
        <l id="s2:l7">Als eenen verbannen dief.</l>
      </lg>
      <lg id="s3" type="stanza">
        <l id="s3:l1">Met weenentlijcke oogen</l>
        <l id="s3:l2">Daer sy hem mede aensagh.</l>
        <l id="s3:l3">- &#8216;O my!&#8217; - Sprack zy droeve - &#8216;eilacy!</l>
        <l id="s3:l4">Is dit den droeven dagh,</l>
        <l id="s3:l5">Die van my is gepropheteert,</l>
        <l id="s3:l6">Die mijn hert soude doorsnijden,</l>
        <l id="s3:l7">Dat wreede bitter sweert?&#8217; -</l>
      </lg>
      <lg id="s4" type="stanza">
        <l id="s4:l1">Jesus sprack: - &#8216;O Moeder!</l>
        <l id="s4:l2">Gegroet soo moet gy zijn,</l>
        <l id="s4:l3">Dat Cruys dat moet ick dragen</l>
        <l id="s4:l4">En lijden voor hem die pijn,</l>
        <l id="s4:l5">Dat Adam mijn knecht heeft verdient;</l>
        <l id="s4:l6">Voor hem soo wil ick sterven,</l>
        <l id="s4:l7">Het was mijn beste vrient.&#8217; -</l>
      </lg>
      <lg id="s5" type="stanza">
        <l id="s5:l1">- &#8216;Nu ben ick hier alleene,</l>
        <l id="s5:l2">Een moeder ongetroost.</l>
        <l id="s5:l3">Ick sie Hem in groot lijden,</l>
        <l id="s5:l4">Den Gods sone alderhoogst.</l>
        <l id="s5:l5">Ick minde Hem seer, ick heb hem lief.</l>
        <l id="s5:l6">Mocht ick hem hulpen dragen,</l>
        <l id="s5:l7">Soo en waer mijn lijden niet.&#8217; -</l>
      </lg>
      <lg id="s6" type="stanza">
        <l id="s6:l1">- &#8216;Gy en sijt daer niet alleene&#8217; -</l>
        <l id="s6:l2">Sprack een Engel wt den throon -</l>
        <l id="s6:l3">&#8216;Ick ben een bode seer wel bekent,</l>
        <l id="s6:l4">Wel edel Maghet schoon.</l>
        <l id="s6:l5">Mijn Heer heeft my tot u gesent</l>
        <l id="s6:l6">Dat ick u soude troosten,</l>
        <l id="s6:l7">Ick en weet of gy Hem kent.&#8217; -</l>
      </lg>
      <lg id="s7" type="stanza">
        <l id="s7:l1">- &#8216;En soude ick Hem niet kennen?</l>
        <l id="s7:l2">Ick ken Hem beter dan ghy,</l>
        <l id="s7:l3">Ick sagh Hem in groot lijden,</l>
        <l id="s7:l4">Dies lijdt mijn herte pijn.</l>
        <l id="s7:l5">Sijn vleesch heeft Hy van my ontfaen,</l>
        <l id="s7:l6">Sijn armen sagh ick uytrecken</l>
        <l id="s7:l7">En aen den cruyce slaen.</l>
      </lg>
      <lg id="s8" type="stanza">
        <l id="s8:l1">Ick heb Hem hooren roepen</l>
        <l id="s8:l2">Tot sijnen vader in den throon:</l>
        <l id="s8:l3">&#8216;Och willet hem vergeven</l>
        <l id="s8:l4">Sy en weten niet wat sy doen.</l>
        <l id="s8:l5">Ontfermt u over den mensche stout,</l>
        <l id="s8:l6">Daer ick den doodt om sterven moet</l>
        <l id="s8:l7">Al aen des cruycen hout.&#8217; -</l>
      </lg>
      <lg id="s9" type="stanza">
        <l id="s9:l1">Die Engelen songen schoone</l>
        <l id="s9:l2">Al in den hoogen throon;</l>
        <l id="s9:l3">Die alderdroefste moeder</l>
        <l id="s9:l4">Stont onder den cruycenboom.</l>
        <l id="s9:l5">Die moordenaer riep ontfermelijck:</l>
        <l id="s9:l6">- &#8216;O Heer, wilt mijner gedencken</l>
        <l id="s9:l7">Als ghy comt in uw rijck.&#8217; -</l>
      </lg>
      <lg id="s10" type="stanza">
        <l id="s10:l1">Jesus verblijde Hem seere</l>
        <l id="s10:l2">Al in des moordenaers roep;</l>
        <l id="s10:l3">Hy keerde Hem wederomme</l>
        <l id="s10:l4">Met eenen sachtmoedigen moet.</l>
        <l id="s10:l5">Hy sprack: &#8216;O Vrient! sijt des wijs,</l>
        <l id="s10:l6">Ghy zult heden wesen</l>
        <l id="s10:l7">Met my in 't Paradijs.&#8217; -</l>
      </lg>
      <lg id="s11" type="stanza">
        <l id="s11:l1">Hy sprack tot sijne moeder,</l>
        <l id="s11:l2">Daer Hy aen 't cruyce hingh,</l>
        <l id="s11:l3">Met weenentlijcker stemme:</l>
        <l id="s11:l4">&#8216;Och, vrouwe! siet hier uw kint.</l>
        <l id="s11:l5">Johannes! lieve discipel mijn,</l>
        <l id="s11:l6">Siet de bedroefde moeder,</l>
        <l id="s11:l7">Want die bevele ick dy.&#8217; -</l>
      </lg>
      <lg id="s12" type="stanza">
        <l id="s12:l1">Sijn leden begonden te beven,</l>
        <l id="s12:l2">Hy was al angedaen,</l>
        <l id="s12:l3">Die doodt streed tegen dat leven,</l>
        <l id="s12:l4">Soo begonste sijn herte t'ontgaen.</l>
        <l id="s12:l5">Hy riep: - &#8216;Heli, O Vader mijn!</l>
        <l id="s12:l6">Hoe hebdy my gelaten</l>
        <l id="s12:l7">In desen ellendigen schijn!&#8217; -</l>
      </lg>
      <lg id="s13" type="stanza">
        <l id="s13:l1">Och, alle creaturen,</l>
        <l id="s13:l2">Die Godt geschapen heeft,</l>
        <l id="s13:l3">Comt nu tot dezer uren</l>
        <l id="s13:l4">Met eenen bedroefden geest,</l>
        <l id="s13:l5">Helpt ons beclagen de groote noot;</l>
        <l id="s13:l6">Die hemel ende aerde geschapen heeft,</l>
        <l id="s13:l7">Die hangt hier naeckt en bloot.</l>
      </lg>
      <lg id="s14" type="stanza">
        <l id="s14:l1">Die groote Prince der heeren,</l>
        <l id="s14:l2">Ja mede die hemelsche vorst,</l>
        <l id="s14:l3">Met alsoo heescher stemme</l>
        <l id="s14:l4">Sprack Hy: - &#8216;O, my dorst!&#8217; -</l>
        <l id="s14:l5">Die soete fonteyne die 't al versoet,</l>
        <l id="s14:l6">Met edich ende met galle</l>
        <l id="s14:l7">Wert Hy terstont gelaeft.</l>
      </lg>
      <lg id="s15" type="stanza">
        <l id="s15:l1">Die eenige soon des Vaders,</l>
        <l id="s15:l2">Ja mede die hooge Godt,</l>
        <l id="s15:l3">Daer die Engelsche scharen voor knyen,</l>
        <l id="s15:l4">Is nu der joden spot.</l>
        <l id="s15:l5">Sy riepen: - &#8216;Cruyst Hem.&#8217; - Sy maeckten jolijt:</l>
        <l id="s15:l6">- &#8216;Koningh van Isra&#235;l!</l>
        <l id="s15:l7">Ghy sijt vermaledijt.&#8217; -</l>
      </lg>
      <lg id="s16" type="stanza">
        <l id="s16:l1">Sijn oogen begonsten te weenen;</l>
        <l id="s16:l2">De minne bewees haer kracht.</l>
        <l id="s16:l3">- &#8216;O Vader! daer Ghy my om hebt gesonden</l>
        <l id="s16:l4">Dat heb ick nu volbracht.&#8217; -</l>
        <l id="s16:l5">Sijn stemme was luyde en heesch;</l>
        <l id="s16:l6">Met eenen geneychden hoofde</l>
        <l id="s16:l7">Soo gaf Hy sijnen geest.</l>
      </lg>
    </lg>
  </text>
</song>