<song>
  <meta>
    <id>123619</id>
    <date>
      <year-start>1848</year-start>
      <year-end>1848</year-end>
    </date>
    <location>
      <orginal-name>gent</orginal-name>
      <standard-name>Gent, Belgium</standard-name>
      <coordinates>
        <lon>51.0538286</lon>
        <lat>3.7250121</lat>
      </coordinates>
    </location>
    <tags>
      <tag standard-name="driekoningenlied" translation="Epiphany song">driekoningenlied</tag>
    </tags>
    <melody />
    <categories>
      <category translation="seasons and annual events">jaarkring</category>
    </categories>
  <author>Anonymous</author></meta>
  <text>
    <lg type="song">
      <lg id="s1" type="stanza">
        <l id="s1:l1">Maeckt plaets, o Herderkens, comt uyt den stal,</l>
        <l id="s1:l2">Siet eens uyt Oost-landt dit groot ghetal,</l>
        <l id="s1:l3">'t Loopt al naer Bethleem al naer den stal,</l>
        <l id="s1:l4">Siet de dry coninghen met groodt ghetal:</l>
        <l id="s1:l5">De sterr' op 't kribbeken blijft stille staen,</l>
        <l id="s1:l6">En sy en schamen hun niet in te gaen.</l>
        <l id="s1:l7">Willecom coninghen, willecom al,</l>
        <l id="s1:l8">Willecom, willecom in desen stal:</l>
        <l id="s1:l9">Doet offerhanden, en laet wierook branden voor 't kindeken soet,</l>
        <l id="s1:l10">Het sal 't u noch loonen met eeuwighe croonen voor tijdelijck goedt.</l>
        <l id="s1:l11">Willecom coninghen, willecomal, willecom, willecom in desen stal.</l>
      </lg>
      <lg id="s2" type="stanza">
        <l id="s2:l1">Haer croonen worpen sy voor 't kribbeken,</l>
        <l id="s2:l2">De voetjens kussen sy aen 't kribbeken,</l>
        <l id="s2:l3">En segghen wellecom in 't stalleken.</l>
        <l id="s2:l4">Het kleyne kindeken dat lacht hun aen,</l>
        <l id="s2:l5">Siet hoe het grabbelt in de gulde schael,</l>
        <l id="s2:l6">Siet eens hoe vlijtigh dat zijn ooghskens staen.</l>
        <l id="s2:l7">Willecom coninghen, willecom al,</l>
        <l id="s2:l8">Willecom, willecom in desen stal:</l>
        <l id="s2:l9">Doet offerhanden, laet wierook branden voor 't kindeken soet,</l>
        <l id="s2:l10">Het sal't u noch loonen met eeuwighe croonen voor tijdelijck goedt.</l>
        <l id="s2:l11">Willecom coninghen, willecom al, willecom, willecom in desen stal.</l>
      </lg>
      <lg id="s3" type="stanza">
        <l id="s3:l1">Naer d'offerhande siet het kindeken</l>
        <l id="s3:l2">Gheeft zijnen seghen aen de coninghen,</l>
        <l id="s3:l3">Met zijn ghebenedijde handeken;</l>
        <l id="s3:l4">Daer naer het keert hem om, het kreghe dorst,</l>
        <l id="s3:l5">Het worpt hem aen zijns moeders borst,</l>
        <l id="s3:l6">Treckt daer een teughsken uyt voor zijnen dorst.</l>
        <l id="s3:l7">De koninghen siende het suyghende kindt,</l>
        <l id="s3:l8">Sy roepen: den koninck, den koninck drinckt! [die drinckt!</l>
        <l id="s3:l9">Den stal die is vol vreughden, een jeghelijck singht: den coninck die drinckt!</l>
        <l id="s3:l10">Wilt u oock verheughen en singhen met vreughden: den coninck die drinckt!</l>
        <l id="s3:l11">Den coninck die drinckt, den coninck die drinckt, den coninck</l>
      </lg>
    </lg>
  </text>
</song>