<song>
  <meta>
    <id>123678</id>
    <date>
      <year-start>1848</year-start>
      <year-end>1848</year-end>
    </date>
    <location>
      <orginal-name>gent</orginal-name>
      <standard-name>Gent, Belgium</standard-name>
      <coordinates>
        <lon>51.0538286</lon>
        <lat>3.7250121</lat>
      </coordinates>
    </location>
    <tags>
      <tag standard-name="pelgrimslied" translation="pilgrim song">pelgrimslied</tag>
    </tags>
    <melody />
    <categories>
      <category translation="religion">godsdienst</category>
    </categories>
  <author>Anonymous</author></meta>
  <text>
    <lg type="song">
      <lg id="s1" type="stanza">
        <l id="s1:l1">Ick ben een armen pelgrim, siet,</l>
        <l id="s1:l2">Ick doen mijn pelgrimagie;</l>
        <l id="s1:l3">Maer druck en lijden en verdriet</l>
        <l id="s1:l4">Vind ick op mijn passagie.</l>
      </lg>
      <lg id="s2" type="stanza">
        <l id="s2:l1">Een pelgrimskleed een hoogen schoen</l>
        <l id="s2:l2">Werd my hiertoe gegeven;</l>
        <l id="s2:l3">Daer me&#234; moet ick mijn reize doen</l>
        <l id="s2:l4">Al naer het eeuwich leven.</l>
      </lg>
      <lg id="s3" type="stanza">
        <l id="s3:l1">Veel gaen my voor, ick volg hen naer,</l>
        <l id="s3:l2">Ick sou noch geern wat beiden;</l>
        <l id="s3:l3">De doodt maekt my den wech soo swaer,</l>
        <l id="s3:l4">Verdrietich valt my 't scheiden.</l>
      </lg>
      <lg id="s4" type="stanza">
        <l id="s4:l1">De wech is naeuw aen elken cant,</l>
        <l id="s4:l2">Waer ick deur moet passeren:</l>
        <l id="s4:l3">Ach, als ick come in 't ander lant,</l>
        <l id="s4:l4">Waer sal ick gaen logeren?</l>
      </lg>
      <lg id="s5" type="stanza">
        <l id="s5:l1">Geeft my op reis toch brood en wijn,</l>
        <l id="s5:l2">O God, der englen spijzen,</l>
        <l id="s5:l3">Dan zeg ik 't aerdrijk, zonder pijn</l>
        <l id="s5:l4">Vaerwel, tot mijn verrijzen.</l>
      </lg>
    </lg>
  </text>
</song>