<song>
  <meta>
    <id>123634</id>
    <date>
      <year-start>1848</year-start>
      <year-end>1848</year-end>
    </date>
    <location>
      <orginal-name>gent</orginal-name>
      <standard-name>Gent, Belgium</standard-name>
      <coordinates>
        <lon>51.0538286</lon>
        <lat>3.7250121</lat>
      </coordinates>
    </location>
    <tags>
      <tag standard-name="bespiegelend lied" translation="reflective song">bespiegelend lied</tag>
      <tag standard-name="loflied" translation="praise song">loflied</tag>
    </tags>
    <melody>Bergamasco</melody>
    <categories>
      <category translation="religion">godsdienst</category>
    </categories>
  <author>Daniel Bellemans</author></meta>
  <text>
    <lg type="song">
      <lg id="s1" type="stanza">
        <l id="s1:l1">Nachtegaeltjen!</l>
        <l id="s1:l2">Uw soet taeltjen</l>
        <l id="s1:l3">Hoort men heele dagen langh;</l>
        <l id="s1:l4">Noch het dalen</l>
        <l id="s1:l5">Van de stralen</l>
        <l id="s1:l6">En beletten uwen sangh.</l>
        <l id="s1:l7">We&#234;r het luyster</l>
        <l id="s1:l8">Is, oft duyster,</l>
        <l id="s1:l9">Ghy fluyt altijdt even seer;</l>
        <l id="s1:l10">Ghy blijft singhen</l>
        <l id="s1:l11">Ende klinghen,</l>
        <l id="s1:l12">Ghy looft altijdt uwen Heer.</l>
      </lg>
      <lg id="s2" type="stanza">
        <l id="s2:l1">Nachtegaeltjen!</l>
        <l id="s2:l2">Leen me uw taeltjen,</l>
        <l id="s2:l3">Opdat ik Godt nacht en dagh,</l>
        <l id="s2:l4">Soo in lijden</l>
        <l id="s2:l5">Als verblijden,</l>
        <l id="s2:l6">Loven ende dancken mach.</l>
        <l id="s2:l7">Leer my loven</l>
        <l id="s2:l8">Godt daer boven,</l>
        <l id="s2:l9">Al lijd' ick beneden pijn,</l>
        <l id="s2:l10">Als het schijnen</l>
        <l id="s2:l11">Gaet verdwijnen</l>
        <l id="s2:l12">Van den blijden sonne-schijn.</l>
      </lg>
      <lg id="s3" type="stanza">
        <l id="s3:l1">'k Wil by daghen</l>
        <l id="s3:l2">Godt behaghen,</l>
        <l id="s3:l3">Als de son schijnt van geluck,</l>
        <l id="s3:l4">'k Wil oock trachten</l>
        <l id="s3:l5">Godt by nachten</l>
        <l id="s3:l6">Lof te singhen in den druck.</l>
        <l id="s3:l7">Sijn lof-sanghen</l>
        <l id="s3:l8">Sullen hanghen</l>
        <l id="s3:l9">Op mijn tongh tot aldertijdt;</l>
        <l id="s3:l10">'k Sal een dinghen</l>
        <l id="s3:l11">Altijdt singhen:</l>
        <l id="s3:l12">&#8216;Heere! zijt ghebenedijt.&#8217; -</l>
      </lg>
    </lg>
  </text>
</song>