<song>
  <meta>
    <id>123623</id>
    <date>
      <year-start>1864</year-start>
      <year-end>1864</year-end>
    </date>
    <location>
      <orginal-name>gent?</orginal-name>
      <standard-name>Gent, Belgium</standard-name>
      <coordinates>
        <lon>51.0538286</lon>
        <lat>3.7250121</lat>
      </coordinates>
    </location>
    <tags />
    <melody>Moeder ik wil hebben een man</melody>
  <author>Anonymous</author></meta>
  <text>
    <lg type="song">
      <lg id="s1" type="stanza">
        <l id="s1:l1">Moe-der, ik wil heb-ben een man.</l>
        <l id="s1:l2">War-me garnars, smory!</l>
        <l id="s1:l3">Die my den kost wel winnen kan.</l>
        <l id="s1:l4">War-me garnars, gar-nars, garnars,</l>
        <l id="s1:l5">warme garnars, smory!</l>
      </lg>
      <lg id="s2" type="stanza">
        <l id="s2:l1">Wel mijn dochter, gy zijt te jong,</l>
        <l id="s2:l2">- Warme garnars, smory! -</l>
        <l id="s2:l3">Gy moet nog wachten een jaer rond.</l>
        <l id="s2:l4">War-me garnars, gar-nars, garnars,</l>
        <l id="s2:l5">Warme garnars, smory!</l>
      </lg>
      <lg id="s3" type="stanza">
        <l id="s3:l1">Moeder, ik ben oud genoeg,</l>
        <l id="s3:l2">- Warme garnars, smory! -</l>
        <l id="s3:l3">Mijn Jan is knap en wel beproefd.</l>
        <l id="s3:l4">War-me garnars, gar-nars, garnars,</l>
        <l id="s3:l5">Warme garnars, smory!</l>
      </lg>
    </lg>
  </text>
</song>