<song>
  <meta>
    <id>123684</id>
    <date>
      <year-start>1864</year-start>
      <year-end>1864</year-end>
    </date>
    <location>
      <orginal-name>gent?</orginal-name>
      <standard-name>Gent, Belgium</standard-name>
      <coordinates>
        <lon>51.0538286</lon>
        <lat>3.7250121</lat>
      </coordinates>
    </location>
    <tags>
      <tag standard-name="kluchtlied" translation="humorous song">kluchtlied</tag>
    </tags>
    <melody>Van Peer en Lijn</melody>
    <categories>
      <category translation="amusement">vermaak</category>
    </categories>
  <author>Anonymous</author></meta>
  <text>
    <lg type="song">
      <lg id="s1" type="stanza">
        <l id="s1:l1">Al wie wil hooren een nieuw lied,</l>
        <l id="s1:l2">hoe Pier met Lijn ging trouwen;</l>
        <l id="s1:l3">het hou-welijk was maer geschied,</l>
        <l id="s1:l4">het was hun al be-rouwen:</l>
        <l id="s1:l5">den eer-sten dag 't was al gelach,</l>
        <l id="s1:l6">men zag er niet dan slempen;</l>
        <l id="s1:l7">f en Pier en Lijn zeer vrolijk zijn</l>
        <l id="s1:l8">met bassen en met trompen,</l>
      </lg>
      <lg id="s2" type="stanza">
        <l id="s2:l1">Den tweeden dag we&#234;r vrolijkheid</l>
        <l id="s2:l2">Met allerhande bieren;</l>
        <l id="s2:l3">Zy kregen daer veel schoonigheid</l>
        <l id="s2:l4">Om 't huis me&#234; te versieren:</l>
        <l id="s2:l5">Haar zuster Maai gaf een schapraai,</l>
        <l id="s2:l6">Klaas die gaf pot en pannen,</l>
        <l id="s2:l7">En Jakkemijn gaf nicht Katlijn</l>
        <l id="s2:l8">Een vat met kopren banden.</l>
      </lg>
      <lg id="s3" type="stanza">
        <l id="s3:l1">Jan-oom gaf kiekens in het kot;</l>
        <l id="s3:l2">Dries-oom die gaf een verken;</l>
        <l id="s3:l3">Martijn gaf eenen mostaardpot,</l>
        <l id="s3:l4">Een schup om me&#234; te werken;</l>
        <l id="s3:l5">En Janne-moei gaf hun een koei;</l>
        <l id="s3:l6">Arjaan gaf hun een tange,</l>
        <l id="s3:l7">En Pierken Wal gaf hun een' val</l>
        <l id="s3:l8">Om muizen me&#234; te vangen.</l>
      </lg>
      <lg id="s4" type="stanza">
        <l id="s4:l1">Pier, zoo de bruiloft was gedaan,</l>
        <l id="s4:l2">Begon te kommandeeren</l>
        <l id="s4:l3">Waar dat de meubels zouden staan;</l>
        <l id="s4:l4">En ging het huis uitkeeren.</l>
        <l id="s4:l5">Katlijn die ze&#238;: &#8216;Wat bruidt gij mij?</l>
        <l id="s4:l6">Dat zijn geen mans affeeren;</l>
        <l id="s4:l7">Laat mij dit doen op mijn fatsoen</l>
        <l id="s4:l8">Gelijk ik zal begeeren.&#8217;</l>
      </lg>
      <lg id="s5" type="stanza">
        <l id="s5:l1">Pier hing het zoutvat in de schouw,</l>
        <l id="s5:l2">En Lijn begon te kijven,</l>
        <l id="s5:l3">En ze&#238; dat zij dat niet en wou</l>
        <l id="s5:l4">En dat 't daar niet zou blijven.</l>
        <l id="s5:l5">Lijn nam het af, en Pier die gaf</l>
        <l id="s5:l6">Haar twee goede souffletten,</l>
        <l id="s5:l7">En ze&#238;: &#8216;Gij prij, hoe! zult gij mij</l>
        <l id="s5:l8">Hier wetten komen zetten?&#8217;</l>
      </lg>
      <lg id="s6" type="stanza">
        <l id="s6:l1">Lijn, als een duivelin zoo kwaed,</l>
        <l id="s6:l2">Ze&#238;: &#8216;Moet ik dat hier lijden?</l>
        <l id="s6:l3">Zoo gij mij maar nog eens en slaat,</l>
        <l id="s6:l4">'k En zal u ook niet mijden.&#8217;</l>
        <l id="s6:l5">Pier ze&#238;: &#8216;Zwijg stil, gij zult den wil</l>
        <l id="s6:l6">Van mijn gebod ontvangen;</l>
        <l id="s6:l7">Ik draag de broek. In dezen hoek,</l>
        <l id="s6:l8">Daar zal het zoutvat hangen.&#8217;</l>
      </lg>
      <lg id="s7" type="stanza">
        <l id="s7:l1">Lijn die trok haren man in 't regt,</l>
        <l id="s7:l2">En deed terstond hem dagen</l>
        <l id="s7:l3">Dat hij moest komen voor 't geregt,</l>
        <l id="s7:l4">Om hem daar af te vragen</l>
        <l id="s7:l5">Of wel een man verbieden kan,</l>
        <l id="s7:l6">Of hij kan kommandeeren,</l>
        <l id="s7:l7">Waar hangen moet het keukengoed:</l>
        <l id="s7:l8">Men ging aan 't procedeeren.</l>
      </lg>
      <lg id="s8" type="stanza">
        <l id="s8:l1">Zij proeedeerden langen tijd:</l>
        <l id="s8:l2">Daar werd zoo sterk geloopen,</l>
        <l id="s8:l3">Tot dat zij waren alles kwijt</l>
        <l id="s8:l4">En 't al moesten verkoopen,</l>
        <l id="s8:l5">Den heelen bras al wat er was,</l>
        <l id="s8:l6">Het zoutvat, pot en pannen,</l>
        <l id="s8:l7">Daarbij de koei van Janne-moei</l>
        <l id="s8:l8">En 't vat met kopren banden.</l>
      </lg>
    </lg>
  </text>
</song>