<song>
  <meta>
    <id>123704</id>
    <date>
      <year-start>1848</year-start>
      <year-end>1848</year-end>
    </date>
    <location>
      <orginal-name>gent</orginal-name>
      <standard-name>Gent, Belgium</standard-name>
      <coordinates>
        <lon>51.0538286</lon>
        <lat>3.7250121</lat>
      </coordinates>
    </location>
    <tags>
      <tag standard-name="psalm" translation="psalm">psalm</tag>
    </tags>
    <melody>Benedicamus Domino alleluja</melody>
    <categories>
      <category translation="religion">godsdienst</category>
    </categories>
  <author>Anonymous</author></meta>
  <text>
    <lg type="song">
      <lg id="s1" type="stanza">
        <l id="s1:l1">Looft God den Heer,</l>
        <l id="s1:l2">Ghi heydens seer,</l>
        <l id="s1:l3">Groot ende cleyn,</l>
        <l id="s1:l4">Int aertsche pleyn,</l>
        <l id="s1:l5">Ghi al ghemeyn,</l>
        <l id="s1:l6">Met herten reyn,</l>
        <l id="s1:l7">Looft hem alleyn.</l>
      </lg>
      <lg id="s2" type="stanza">
        <l id="s2:l1">Want vast en goet</l>
        <l id="s2:l2">Sijn gracie soet</l>
        <l id="s2:l3">Heeft ons bevaen;</l>
        <l id="s2:l4">Sijn trou vermaen,</l>
        <l id="s2:l5">Tot ons ghedaen,</l>
        <l id="s2:l6">Sal niet vergaen,</l>
        <l id="s2:l7">Maer eewich staen.</l>
      </lg>
    </lg>
  </text>
</song>