<song>
  <meta>
    <id>123784</id>
    <date>
      <year-start>1848</year-start>
      <year-end>1848</year-end>
    </date>
    <location>
      <orginal-name>gent</orginal-name>
      <standard-name>Gent, Belgium</standard-name>
      <coordinates>
        <lon>51.0538286</lon>
        <lat>3.7250121</lat>
      </coordinates>
    </location>
    <tags>
      <tag standard-name="nieuwjaarslied" translation="new year's song">nieuwjaarslied</tag>
      <tag standard-name="seizoenslied" translation="seasonal song">seizoenslied</tag>
    </tags>
    <melody>Lief uitverkoren lief triomfant</melody>
    <categories>
      <category translation="seasons and annual events">jaarkring</category>
    </categories>
  <author>Anonymous</author></meta>
  <text>
    <lg type="song">
      <lg id="s1" type="stanza">
        <l id="s1:l1">Tsa laet ons koopen</l>
        <l id="s1:l2">Nieu leughen-boeck;</l>
        <l id="s1:l3">Het jaer verloopen</l>
        <l id="s1:l4">Raect in een hoec.</l>
        <l id="s1:l5">Nu moet men quelen</l>
        <l id="s1:l6">En wesen sot,</l>
        <l id="s1:l7">Al sou men spelen</l>
        <l id="s1:l8">Slecht op een schot.</l>
        <l id="s1:l9">Van hier ende daer</l>
        <l id="s1:l10">Singht men, voorwaer,</l>
        <l id="s1:l11">Int nieuwe jaer,</l>
        <l id="s1:l12">Op menich rommel-pot.</l>
      </lg>
      <lg id="s2" type="stanza">
        <l id="s2:l1">Men speelt den koningh,</l>
        <l id="s2:l2">Ghelijck men plach,</l>
        <l id="s2:l3">Elck in zijn wooningh</l>
        <l id="s2:l4">Dertienden dach:</l>
        <l id="s2:l5">En op de tafels</l>
        <l id="s2:l6">Schaft men dan vry</l>
        <l id="s2:l7">Leckere wafels</l>
        <l id="s2:l8">En rijsten-bry;</l>
        <l id="s2:l9">Oock altemael</l>
        <l id="s2:l10">Panne-koecken vet,</l>
        <l id="s2:l11">Suycker bacquet</l>
        <l id="s2:l12">En ander leckerny.</l>
      </lg>
      <lg id="s3" type="stanza">
        <l id="s3:l1">Op ander plaetsen,</l>
        <l id="s3:l2">Int tijt van ys,</l>
        <l id="s3:l3">Rijt men op schaetsen,</l>
        <l id="s3:l4">Om eer en prijs.</l>
        <l id="s3:l5">Ryers en rijsters</l>
        <l id="s3:l6">Zijn by den back,</l>
        <l id="s3:l7">Vryers en vrijsters</l>
        <l id="s3:l8">Int beste pack.</l>
        <l id="s3:l9">Daer komen dan sien</l>
        <l id="s3:l10">Veel kijckers na dien,</l>
        <l id="s3:l11">Om te verspi&#234;n</l>
        <l id="s3:l12">Oft daer oock yet ghebrack.</l>
      </lg>
      <lg id="s4" type="stanza">
        <l id="s4:l1">De koper-daghen</l>
        <l id="s4:l2">Volghen daer aen,</l>
        <l id="s4:l3">Om tot sijn maghen</l>
        <l id="s4:l4">Te ghast te gaen.</l>
        <l id="s4:l5">Toen loopen mommen,</l>
        <l id="s4:l6">Met grijnsen veur,</l>
        <l id="s4:l7">Spelen den stommen,</l>
        <l id="s4:l8">Naer d'oude sleur.</l>
        <l id="s4:l9">Al sijn se wat mal,</l>
        <l id="s4:l10">Dan heeftet een val;</l>
        <l id="s4:l11">Het gaet doch al</l>
        <l id="s4:l12">Met vastelavont deur.</l>
      </lg>
      <lg id="s5" type="stanza">
        <l id="s5:l1">Princen en Heeren!</l>
        <l id="s5:l2">Weest vry verheucht:</l>
        <l id="s5:l3">Men mach met eeren</l>
        <l id="s5:l4">Wel maken vreucht;</l>
        <l id="s5:l5">En oock oorbooren</l>
        <l id="s5:l6">Een sotten klap,</l>
        <l id="s5:l7">Maer niet versmooren</l>
        <l id="s5:l8">In dronckenschap;</l>
        <l id="s5:l9">Want die boven re&#234;n</l>
        <l id="s5:l10">Na Tiribus tre&#234;n,</l>
        <l id="s5:l11">Wensch ick met een</l>
        <l id="s5:l12">Int nieuwe jaer een kap. -</l>
      </lg>
    </lg>
  </text>
</song>