<song>
  <meta>
    <id>123703</id>
    <date>
      <year-start>1864</year-start>
      <year-end>1864</year-end>
    </date>
    <location>
      <orginal-name>gent?</orginal-name>
      <standard-name>Gent, Belgium</standard-name>
      <coordinates>
        <lon>51.0538286</lon>
        <lat>3.7250121</lat>
      </coordinates>
    </location>
    <tags>
      <tag standard-name="liefdeslied" translation="love song">liefdeslied</tag>
      <tag standard-name="verhalend lied" translation="narrative song">verhalend lied</tag>
    </tags>
    <melody>Al is ons prinsje nog zo klein</melody>
    <categories>
      <category translation="love and sex">liefde en seks</category>
      <category translation="narratives">verhalen</category>
    </categories>
  <author>Anonymous</author></meta>
  <text>
    <lg type="song">
      <lg id="s1" type="stanza">
        <l id="s1:l1">'k Kwam lestmael door een groene-wei, koe-koek!</l>
        <l id="s1:l2">Ik vond den nach-te-gael aen d'een zy, koe-koek!</l>
        <l id="s1:l3">De nach-tegael zong op zijn best,</l>
        <l id="s1:l4">de koekoek riep uit zijnen nest:</l>
        <l id="s1:l5">Koe-koek, koe-koek, koekoek!</l>
      </lg>
      <lg id="s2" type="stanza">
        <l id="s2:l1">Een paerken zong daer met plezier, Koekoek!</l>
        <l id="s2:l2">En Cupido speelde op de lier, Koekoek!</l>
        <l id="s2:l3">Hy speelde en danste een menuee,</l>
        <l id="s2:l4">De koekoek die riep altijd me&#234;:</l>
        <l id="s2:l5">Kockoek, koekoek, koekoek!</l>
      </lg>
      <lg id="s3" type="stanza">
        <l id="s3:l1">Terwijl dat deze vogel zong, Koekoek!</l>
        <l id="s3:l2">Hoord' ik een stem die beter klonk, Koekoek!</l>
        <l id="s3:l3">Een zoete stem die zong zoo fijn,</l>
        <l id="s3:l4">Het scheen een Venus-dier te zijn.</l>
        <l id="s3:l5">Koekoek, koekoek, koekoek!</l>
      </lg>
      <lg id="s4" type="stanza">
        <l id="s4:l1">Want Cupido, dat aerdig kind, Koekoek!</l>
        <l id="s4:l2">Hy schiet het wild waer hy het vindt, Koekoek!</l>
        <l id="s4:l3">Hy nam zijn pijltjen op het lest,</l>
        <l id="s4:l4">En schoot den koekoek uit den nest.</l>
        <l id="s4:l5">Koekoek, koekoek, koekoek!</l>
      </lg>
      <lg id="s5" type="stanza">
        <l id="s5:l1">De koekoek stierf daer in de wei, Koekoek!</l>
        <l id="s5:l2">En in den nest zoo bleef een ei, Koekoek!</l>
        <l id="s5:l3">En uit dat ei kwam binnen 't jaer</l>
        <l id="s5:l4">Een jongsken schoon gelijk zijn va&#234;r.</l>
        <l id="s5:l5">Koekoek, koekoek, koekoek!</l>
      </lg>
    </lg>
  </text>
</song>