<song>
  <meta>
    <id>123785</id>
    <date>
      <year-start>1848</year-start>
      <year-end>1848</year-end>
    </date>
    <location>
      <orginal-name>gent</orginal-name>
      <standard-name>Gent, Belgium</standard-name>
      <coordinates>
        <lon>51.0538286</lon>
        <lat>3.7250121</lat>
      </coordinates>
    </location>
    <tags>
      <tag standard-name="bespiegelend lied" translation="reflective song">bespiegelend lied</tag>
    </tags>
    <melody>De oude Grijn</melody>
    <categories>
      <category translation="religion">godsdienst</category>
    </categories>
  <author>Anonymous</author></meta>
  <text>
    <lg type="song">
      <lg id="s1" type="stanza">
        <l id="s1:l1">De sondagh is wel na mijn sin,</l>
        <l id="s1:l2">Hy komt soo gemackelijck in;</l>
        <l id="s1:l3">Ick slaep met rust so lang 't my lust</l>
        <l id="s1:l4">Sonder misbaer:</l>
        <l id="s1:l5">Ick wou dat 't altijt sondagh waer.</l>
      </lg>
      <lg id="s2" type="stanza">
        <l id="s2:l1">Sondaegs staet alle handwerck stil,</l>
        <l id="s2:l2">Dat gaet so fraey na onsen wil;</l>
        <l id="s2:l3">Elck tot sijn vrient gaet waer 't hem dient,</l>
        <l id="s2:l4">De een tot d'a&#234;r:</l>
        <l id="s2:l5">Ick wou dat 't altijt sondagh waer.</l>
      </lg>
      <lg id="s3" type="stanza">
        <l id="s3:l1">Het wercken is een groot verdriet,</l>
        <l id="s3:l2">Voor hem die geeren en werckt niet;</l>
        <l id="s3:l3">'t Is hem een plaegh oock alle daegh,</l>
        <l id="s3:l4">En al het jaer:</l>
        <l id="s3:l5">Ick wou dat 't altijt sondagh waer.</l>
      </lg>
      <lg id="s4" type="stanza">
        <l id="s4:l1">Sondaeghs gaen oock de visschers uyt</l>
        <l id="s4:l2">Met emmer, korf, al om den buyt,</l>
        <l id="s4:l3">Om vangen met schaeckel, werpnet:</l>
        <l id="s4:l4">Den hengelaer,</l>
        <l id="s4:l5">Hy wou dat 't altijt sondagh waer.</l>
      </lg>
      <lg id="s5" type="stanza">
        <l id="s5:l1">De vroutjens togen dan haer vlijt</l>
        <l id="s5:l2">Om sondaeghs te wesen verblijd;</l>
        <l id="s5:l3">Elck in sijn huys of by sijn bruyt,</l>
        <l id="s5:l4">Of sijn minnaer:</l>
        <l id="s5:l5">Ick wou dat 't altijt sondagh waer.</l>
      </lg>
      <lg id="s6" type="stanza">
        <l id="s6:l1">De knechten zijn dan oock bereyt</l>
        <l id="s6:l2">Om te gaen al met de meyt,</l>
        <l id="s6:l3">Gins ende we&#234;r, na haer begeer,</l>
        <l id="s6:l4">In 't groen eenpaer:</l>
        <l id="s6:l5">Ick wou dat 't altijt sondagh waer.</l>
      </lg>
      <lg id="s7" type="stanza">
        <l id="s7:l1">Oorlof hier mede voor het lest,</l>
        <l id="s7:l2">Het dunck my altijt sondaeghs best,</l>
        <l id="s7:l3">Dan isser vreugt al by de jeugt,</l>
        <l id="s7:l4">Al by malkaer:</l>
        <l id="s7:l5">Ick wou dat 't altijt sondagh waer.</l>
      </lg>
    </lg>
  </text>
</song>