<song>
  <meta>
    <id>123763</id>
    <date>
      <year-start>1848</year-start>
      <year-end>1848</year-end>
    </date>
    <location>
      <orginal-name>gent</orginal-name>
      <standard-name>Gent, Belgium</standard-name>
      <coordinates>
        <lon>51.0538286</lon>
        <lat>3.7250121</lat>
      </coordinates>
    </location>
    <tags>
      <tag standard-name="toneellied" translation="theatre song">toneellied</tag>
      <tag standard-name="rederijkerslied" translation="rhetorician song">rederijkerslied</tag>
    </tags>
    <melody />
    <categories>
      <category translation="groups">groepen</category>
      <category translation="theatre">theater</category>
    </categories>
  <author>Anonymous</author></meta>
  <text>
    <lg type="song">
      <lg id="s1" type="stanza">
        <l id="s1:l1">Alle die sparen,</l>
        <l id="s1:l2">Goet vergaren,</l>
        <l id="s1:l3">Ende naer groote schatten staen,</l>
        <l id="s1:l4">Eer langhe jaren</l>
        <l id="s1:l5">Salt verharen,</l>
        <l id="s1:l6">En in vremde handen gaen.</l>
        <l id="s1:l7">Ten helpt gheen sorghen,</l>
        <l id="s1:l8">Oft verborghen,</l>
        <l id="s1:l9">Wat dat men daer oock teghen doe.</l>
        <l id="s1:l10">Sparen die willen,</l>
        <l id="s1:l11">Tis voor de ghillen!</l>
        <l id="s1:l12">De spaerpot comt den ghilden toe.</l>
      </lg>
      <lg id="s2" type="stanza">
        <l id="s2:l1">Tghelt moet eerst wesen</l>
        <l id="s2:l2">Wtghelesen,</l>
        <l id="s2:l3">Ghespaert, verghaert, fijn, scherp oft vilt,</l>
        <l id="s2:l4">En dan na desen</l>
        <l id="s2:l5">Onbegresen</l>
        <l id="s2:l6">Verteert sijn van den ghilden mildt,</l>
        <l id="s2:l7">Die, sonder twisten,</l>
        <l id="s2:l8">Den spaerpot quisten</l>
        <l id="s2:l9">Met slempen en dempen, men siet wel hoe.</l>
        <l id="s2:l10">Sparen die willen,</l>
        <l id="s2:l11">Tis voor de ghillen!</l>
        <l id="s2:l12">De spaerpot hoort den ghilden toe.</l>
      </lg>
      <lg id="s3" type="stanza">
        <l id="s3:l1">Men moetse prijsen,</l>
        <l id="s3:l2">Die naer de ghijsen</l>
        <l id="s3:l3">Den spaerpot brenghen onder den man;</l>
        <l id="s3:l4">Want veel accijsen,</l>
        <l id="s3:l5">Goey devijsen,</l>
        <l id="s3:l6">Profijt en neeringhe comt daer van.</l>
        <l id="s3:l7">Dus tallen saysoene,</l>
        <l id="s3:l8">O ghilden groene,</l>
        <l id="s3:l9">Den spaerpot melket als een coe!</l>
        <l id="s3:l10">Sparen die willen,</l>
        <l id="s3:l11">Tis voor de ghillen!</l>
        <l id="s3:l12">De spaerpot comt den ghilden toe.</l>
      </lg>
      <lg id="s4" type="stanza">
        <l id="s4:l1">Sy sijn alomme</l>
        <l id="s4:l2">Willecomme</l>
        <l id="s4:l3">Die den spaerpot storten wt;</l>
        <l id="s4:l4">Want, met de stomme</l>
        <l id="s4:l5">Spaerpotssomme</l>
        <l id="s4:l6">Vrienden maken, is virtuyt.</l>
        <l id="s4:l7">Blijft v gheneeren</l>
        <l id="s4:l8">Met verteeren,</l>
        <l id="s4:l9">Daer elck om heeft gheslaeft so mo&#234;!</l>
        <l id="s4:l10">Sparen die willen,</l>
        <l id="s4:l11">Tis voor de ghillen!</l>
        <l id="s4:l12">De spaerpot hoort den ghilden toe.</l>
      </lg>
      <lg id="s5" type="stanza">
        <l id="s5:l1">Edel princieren,</l>
        <l id="s5:l2">Met manieren</l>
        <l id="s5:l3">Sal men altijt vrolijck sijn,</l>
        <l id="s5:l4">By goeder chieren</l>
        <l id="s5:l5">Deucht hantieren</l>
        <l id="s5:l6">In de Rhetorijcke fijn,</l>
        <l id="s5:l7">Daer tallen feesten</l>
        <l id="s5:l8">De milde gheesten</l>
        <l id="s5:l9">Den spaerpot jonstelijc stroyen, vroe.</l>
        <l id="s5:l10">Sparen die willen,</l>
        <l id="s5:l11">Tis voor de ghillen!</l>
        <l id="s5:l12">De spaerpot comt den ghilden toe.</l>
      </lg>
    </lg>
  </text>
</song>