<song>
  <meta>
    <id>123731</id>
    <date>
      <year-start>1848</year-start>
      <year-end>1848</year-end>
    </date>
    <location>
      <orginal-name>gent</orginal-name>
      <standard-name>Gent, Belgium</standard-name>
      <coordinates>
        <lon>51.0538286</lon>
        <lat>3.7250121</lat>
      </coordinates>
    </location>
    <tags>
      <tag standard-name="verhalend lied" translation="narrative song">verhalend lied</tag>
    </tags>
    <melody />
    <categories>
      <category translation="narratives">verhalen</category>
    </categories>
  <author>Anonymous</author></meta>
  <text>
    <lg type="song">
      <lg id="s1" type="stanza">
        <l id="s1:l1">- &#8216;Wat mag daer wesen, wat mag daer zijn,</l>
        <l id="s1:l2">Dat al de bladren verdorret zijn?&#8217; -</l>
      </lg>
      <lg id="s2" type="stanza">
        <l id="s2:l1">- &#8216;O! Moeder ick bender geen maghet rein,</l>
        <l id="s2:l2">Ick draeg by den Ruiter een kind soo klein.&#8217; -</l>
      </lg>
      <lg id="s3" type="stanza">
        <l id="s3:l1">- &#8216;Draegt gy by den Ruiter soo kleinen kind,</l>
        <l id="s3:l2">Soo siet dat gy daer den vader van vindt.&#8217; -</l>
      </lg>
      <lg id="s4" type="stanza">
        <l id="s4:l1">- &#8216;Ick sie daer den vader voor my staen,</l>
        <l id="s4:l2">Ende ick derf daer niet een oog op slaen.&#8217; -</l>
      </lg>
      <lg id="s5" type="stanza">
        <l id="s5:l1">- &#8216;Derft gy daer niet een oog op slaen?</l>
        <l id="s5:l2">Gy dorst daer wel mede te bedde gaen.&#8217; -</l>
      </lg>
      <lg id="s6" type="stanza">
        <l id="s6:l1">- &#8216;O! Moeder het geschiede by nacht,</l>
        <l id="s6:l2">Het was soo donker dat niemand het sag.&#8217; -</l>
      </lg>
      <lg id="s7" type="stanza">
        <l id="s7:l1">De landsknecht achter de deure stond;</l>
        <l id="s7:l2">Hy hoorde dat oude wijfs valsche grond.</l>
      </lg>
      <lg id="s8" type="stanza">
        <l id="s8:l1">- &#8216;Soete liefje! woudt gy met my rijden,</l>
        <l id="s8:l2">Of wilt gy by uw vrouw-moeder blijven.&#8217; -</l>
      </lg>
      <lg id="s9" type="stanza">
        <l id="s9:l1">- &#8216;By mijn vrouw-moeder en blijf ick niet;</l>
        <l id="s9:l2">Liever met den Ruiter in swaer verdriet.&#8217; -</l>
      </lg>
      <lg id="s10" type="stanza">
        <l id="s10:l1">De landsknecht hadse lief ende waerd;</l>
        <l id="s10:l2">Hy zette mooi Elsje voor hem op 't paerd.</l>
      </lg>
      <lg id="s11" type="stanza">
        <l id="s11:l1">Doe hy dat smalle pad ten halven kwam,</l>
        <l id="s11:l2">Groote arbeid kwam mooi Elsje an.</l>
      </lg>
      <lg id="s12" type="stanza">
        <l id="s12:l1">- &#8216;Soete lief! wilt gy wat sachter rijden?</l>
        <l id="s12:l2">Ick krijg zulke pijn al in mijn zijde.&#8217; -</l>
      </lg>
      <lg id="s13" type="stanza">
        <l id="s13:l1">De Ruiter stak sijn paerd met sporen,</l>
        <l id="s13:l2">Of hy mooi Elsje niet en hoorde.</l>
      </lg>
      <lg id="s14" type="stanza">
        <l id="s14:l1">Doe hy dat smalle pad ten einde kwam,</l>
        <l id="s14:l2">Zware arbeid kwam mooi Elsje an.</l>
      </lg>
      <lg id="s15" type="stanza">
        <l id="s15:l1">- &#8216;En is hier niet een huisje dan,</l>
        <l id="s15:l2">Daer ick een weinig in rusten kan?&#8217; -</l>
      </lg>
      <lg id="s16" type="stanza">
        <l id="s16:l1">De Ruiter ging daer een huisje maken</l>
        <l id="s16:l2">Van distelen, doornen en hooge staken.</l>
      </lg>
      <lg id="s17" type="stanza">
        <l id="s17:l1">Al in dat huisje was venster noch deur;</l>
        <l id="s17:l2">De Ruiter hing daer sijn mantel veur.</l>
      </lg>
      <lg id="s18" type="stanza">
        <l id="s18:l1">- &#8216;Soet liefje! wilt gy wat van my treden;</l>
        <l id="s18:l2">Maer als ick ween, komt gy dan weder?&#8217; -</l>
      </lg>
      <lg id="s19" type="stanza">
        <l id="s19:l1">Eer dat sy weende was 't meisje dood;</l>
        <l id="s19:l2">Doe was de Ruiter in grooten nood.</l>
      </lg>
      <lg id="s20" type="stanza">
        <l id="s20:l1">De Ruiter lei er sijn hoofd op een steen,</l>
        <l id="s20:l2">Van rouwe brak er sijn hert aen tween.</l>
      </lg>
    </lg>
  </text>
</song>