<song>
  <meta>
    <id>123764</id>
    <date>
      <year-start>1848</year-start>
      <year-end>1848</year-end>
    </date>
    <location>
      <orginal-name>gent</orginal-name>
      <standard-name>Gent, Belgium</standard-name>
      <coordinates>
        <lon>51.0538286</lon>
        <lat>3.7250121</lat>
      </coordinates>
    </location>
    <tags>
      <tag standard-name="bespiegelend lied" translation="reflective song">bespiegelend lied</tag>
    </tags>
    <melody />
    <categories>
      <category translation="religion">godsdienst</category>
    </categories>
  <author>Anonymous</author></meta>
  <text>
    <lg type="song">
      <lg id="s1" type="stanza">
        <l id="s1:l1">Veel geld, veel goed, wat zou dat baten?</l>
        <l id="s1:l2">Het geeft bekommernis, een ongerust gemoed:</l>
        <l id="s1:l3">Wat baten pracht en hooge staten,</l>
        <l id="s1:l4">Daer men 't toch al verlaten moet?</l>
        <l id="s1:l5">Ik houw my vast</l>
        <l id="s1:l6">Aen minder last,</l>
        <l id="s1:l7">Het kleinste pak</l>
        <l id="s1:l8">Is mijn gemak.</l>
        <l id="s1:l9">Vivat den bedelzak!</l>
      </lg>
      <lg id="s2" type="stanza">
        <l id="s2:l1">De schooyers leven zonder zorgen,</l>
        <l id="s2:l2">Het is al zuiver winst wat zy tot 's avonds doen;</l>
        <l id="s2:l3">Zy slapen rustig tot den morgen,</l>
        <l id="s2:l4">Al noemt men hem schavuit, kapoen.</l>
        <l id="s2:l5">Zy leven vast</l>
        <l id="s2:l6">In kleinen last;</l>
        <l id="s2:l7">Het minste pak</l>
        <l id="s2:l8">Is hun gemak.</l>
        <l id="s2:l9">Vivat den bedelzak!</l>
      </lg>
      <lg id="s3" type="stanza">
        <l id="s3:l1">De beedlaers stellen druk bezyen,</l>
        <l id="s3:l2">Geen angst, geen bange zorg en steekt in hunnen kop,</l>
        <l id="s3:l3">Zy zien door niemand zich benyen,</l>
        <l id="s3:l4">Zy teeren daglijks alles op.</l>
        <l id="s3:l5">Zy hebben vast</l>
        <l id="s3:l6">Den minsten last,</l>
        <l id="s3:l7">Het kleinste pak,</l>
        <l id="s3:l8">Het grootst gemak.</l>
        <l id="s3:l9">Vivat den bedelzak!</l>
      </lg>
    </lg>
  </text>
</song>