<song>
  <meta>
    <id>123738</id>
    <date>
      <year-start>1848</year-start>
      <year-end>1848</year-end>
    </date>
    <location>
      <orginal-name>gent</orginal-name>
      <standard-name>Gent, Belgium</standard-name>
      <coordinates>
        <lon>51.0538286</lon>
        <lat>3.7250121</lat>
      </coordinates>
    </location>
    <tags>
      <tag standard-name="verhalend lied" translation="narrative song">verhalend lied</tag>
      <tag standard-name="kluchtlied" translation="humorous song">kluchtlied</tag>
    </tags>
    <melody>Jan broeder vrijt een meisje zoet</melody>
    <categories>
      <category translation="amusement">vermaak</category>
      <category translation="narratives">verhalen</category>
    </categories>
  <author>Anonymous</author></meta>
  <text>
    <lg type="song">
      <lg id="s1" type="stanza">
        <l id="s1:l1">Komt die wilt hooren in een lied</l>
        <l id="s1:l2">Wat dat ik hier zal zingen:</l>
        <l id="s1:l3">'t Is waerlijk eene vieze klucht,</l>
        <l id="s1:l4">Die ik voor den dag zal brengen.</l>
        <l id="s1:l5">Hop sa sa, ribedoebeda,</l>
        <l id="s1:l6">Die ik voor den dag zal brengen.</l>
        <l id="s1:l7">Fa, la, la.</l>
      </lg>
      <lg id="s2" type="stanza">
        <l id="s2:l1">Jan Broeder vrijt een meisje zoet,</l>
        <l id="s2:l2">Een meisje boven mate,</l>
        <l id="s2:l3">En als haer vader niet thuis en is,</l>
        <l id="s2:l4">Hy gaet er al wat by praten.</l>
        <l id="s2:l5">Hop sa sa, ribedoebeda,</l>
        <l id="s2:l6">Hy gaet er al wat by praten.</l>
        <l id="s2:l7">Fa, la, la.</l>
      </lg>
      <lg id="s3" type="stanza">
        <l id="s3:l1">Het werd nu twalef van den nacht,</l>
        <l id="s3:l2">De klokken luidigen alle;</l>
        <l id="s3:l3">Dat meisje tegen Jan broeder sprak:</l>
        <l id="s3:l4">Ga en lees nu uw getyen.</l>
        <l id="s3:l5">Hop sa sa, ribedoebeda,</l>
        <l id="s3:l6">Ga en lees nu uw getyen.</l>
        <l id="s3:l7">Fa, la, la.</l>
      </lg>
      <lg id="s4" type="stanza">
        <l id="s4:l1">Mijn getyen en lees ik niet,</l>
        <l id="s4:l2">De tijd is al lang vergane;</l>
        <l id="s4:l3">'k Ben liever al by mijn zoete lief</l>
        <l id="s4:l4">Als by die inwoners alle.</l>
        <l id="s4:l5">Hop sa sa, ribedoebeda,</l>
        <l id="s4:l6">Als by die inwoners alle.</l>
        <l id="s4:l7">Fa, la la.</l>
      </lg>
      <lg id="s5" type="stanza">
        <l id="s5:l1">Jan broeder over het kerkhof kwam,</l>
        <l id="s5:l2">De preekheer die kwam hem tegen;</l>
        <l id="s5:l3">De preekheer die tegen Jan broeder sprak:</l>
        <l id="s5:l4">Waer hebt gy van nacht gebleven.</l>
        <l id="s5:l5">Hop sa sa, ribedoebeda,</l>
        <l id="s5:l6">Waer hebt gy van nacht gebleven.</l>
        <l id="s5:l7">Fa, la, la.</l>
      </lg>
      <lg id="s6" type="stanza">
        <l id="s6:l1">Waer ik van den nacht gebleven heb</l>
        <l id="s6:l2">Dat en zal my nooit berouwen,</l>
        <l id="s6:l3">Zy dronken daer bier en zy tapten daer wijn,</l>
        <l id="s6:l4">En ze spraken daer al van trouwen.</l>
        <l id="s6:l5">Hop sa sa, ribedoebeda,</l>
        <l id="s6:l6">En ze spraken daer al van trouwen.</l>
        <l id="s6:l7">Fa, la, la.</l>
      </lg>
      <lg id="s7" type="stanza">
        <l id="s7:l1">Jan broeder in het klooster kwam,</l>
        <l id="s7:l2">De inwoners badigen allen;</l>
        <l id="s7:l3">Den eenen die tegen den anderen sprak:</l>
        <l id="s7:l4">Jean broeder zal worden gevangen.</l>
        <l id="s7:l5">Hop sa sa, ribedoebeda,</l>
        <l id="s7:l6">Jan broeder zal worden gevangen.</l>
        <l id="s7:l7">Fa, la, la.</l>
      </lg>
      <lg id="s8" type="stanza">
        <l id="s8:l1">Als Jan broeder dat had verstaen,</l>
        <l id="s8:l2">Dat hy zou worden gevangen,</l>
        <l id="s8:l3">Met den eenen sprong hy de venster uit,</l>
        <l id="s8:l4">En hy liet zijn kappe daer hangen.</l>
        <l id="s8:l5">Hop sa sa, ribedoebeda,</l>
        <l id="s8:l6">En hy liet zijn kappe daer hangen.</l>
        <l id="s8:l7">Fa, la, la.</l>
      </lg>
      <lg id="s9" type="stanza">
        <l id="s9:l1">Als hy een eind wegs geloopen had,</l>
        <l id="s9:l2">Toen keek hy nog eens omme.</l>
        <l id="s9:l3">Hy riep: &#8216;O kap, gy duivels kap,</l>
        <l id="s9:l4">Gy en krijgt my niet weeromme.</l>
        <l id="s9:l5">Hop sa sa, ribedoebeda,</l>
        <l id="s9:l6">Gy en krijgt my niet weeromme.</l>
        <l id="s9:l7">Fa, la, la.</l>
      </lg>
      <lg id="s10" type="stanza">
        <l id="s10:l1">Die dit liedeken heeft gedicht,</l>
        <l id="s10:l2">En ja ook heeft gezongen,</l>
        <l id="s10:l3">Het was eenen pater en hy heetege Jan,</l>
        <l id="s10:l4">En hy heeft zijne kap ontsprongen.</l>
        <l id="s10:l5">Hop sa sa, ribedoebeda,</l>
        <l id="s10:l6">En hy heeft zijne kap ontsprongen.</l>
        <l id="s10:l7">Fa, la la.</l>
      </lg>
    </lg>
  </text>
</song>