<song>
  <meta>
    <id>123727</id>
    <date>
      <year-start>1848</year-start>
      <year-end>1848</year-end>
    </date>
    <location>
      <orginal-name>gent</orginal-name>
      <standard-name>Gent, Belgium</standard-name>
      <coordinates>
        <lon>51.0538286</lon>
        <lat>3.7250121</lat>
      </coordinates>
    </location>
    <tags>
      <tag standard-name="verhalend lied" translation="narrative song">verhalend lied</tag>
      <tag standard-name="historielied" translation="historical song">historielied</tag>
    </tags>
    <melody />
    <categories>
      <category translation="politics and history">politiek en geschiedenis</category>
      <category translation="narratives">verhalen</category>
    </categories>
  <author>Anonymous</author></meta>
  <text>
    <lg type="song">
      <lg id="s1" type="stanza">
        <l id="s1:l1">Wie wil hooren een lied eerbaer?</l>
        <l id="s1:l2">En dat zal ik gaen zingen,</l>
        <l id="s1:l3">Al van een meysje van zeventien jaer,</l>
        <l id="s1:l4">Die de waerheyt wou volbringen.</l>
      </lg>
      <lg id="s2" type="stanza">
        <l id="s2:l1">Zy wiert t'Antwerpen binnen gebragt,</l>
        <l id="s2:l2">Gevangen en kort gedwongen;</l>
        <l id="s2:l3">Maer doe zy voor de poorte quam,</l>
        <l id="s2:l4">Zy heeft vrymoedig gezongen:</l>
      </lg>
      <lg id="s3" type="stanza">
        <l id="s3:l1">&#8216;Och! broeders wilt vast op Christum staen,</l>
        <l id="s3:l2">En wilt daervan niet keeren.</l>
        <l id="s3:l3">Dat ick zo zwaer gebonden moet gaen</l>
        <l id="s3:l4">Is om het woord des Heeren.&#8217; -</l>
      </lg>
      <lg id="s4" type="stanza">
        <l id="s4:l1">In de vierschaer bragt men ze ras,</l>
        <l id="s4:l2">Om dat meysken t' ondervragen.</l>
        <l id="s4:l3">Om dat ze zo jonk van jaren was,</l>
        <l id="s4:l4">Zy meenden ze te vervaren.</l>
      </lg>
      <lg id="s5" type="stanza">
        <l id="s5:l1">Maer doe ze voor de Heeren quam,</l>
        <l id="s5:l2">Hoort wat zy ging gewagen:</l>
        <l id="s5:l3">- &#8216;Och! mijn Heeren hoe zydy op my zo gram,</l>
        <l id="s5:l4">Heb ik u iet ontdragen?&#8217; -</l>
      </lg>
      <lg id="s6" type="stanza">
        <l id="s6:l1">Wat sprak de godlooze party,</l>
        <l id="s6:l2">Om dat meysken te doen verbloden?</l>
        <l id="s6:l3">- &#8216;Neen, gy moet aflaten uw kettery,</l>
        <l id="s6:l4">Of wy zullen u dooden.&#8217; -</l>
      </lg>
      <lg id="s7" type="stanza">
        <l id="s7:l1">- &#8216;Och! mijn Heeren dat wil ik gaerne doen,</l>
        <l id="s7:l2">Kont gy my anders betogen;</l>
        <l id="s7:l3">De woorden die Christus gesproken heeft koen,</l>
        <l id="s7:l4">Daerna zal ik my pogen.&#8217; -</l>
      </lg>
      <lg id="s8" type="stanza">
        <l id="s8:l1">De Heeren antwoorden na haer verstant;</l>
        <l id="s8:l2">Haer sententie zy daer hoorde:</l>
        <l id="s8:l3">&#8216;Dat zy zou worden aen een stake verbrant.&#8217;</l>
        <l id="s8:l4">En dat met korte woorden.</l>
      </lg>
      <lg id="s9" type="stanza">
        <l id="s9:l1">- &#8216;Och! mijn Heeren, gy zijt van herten quaet,</l>
        <l id="s9:l2">Hoe kondy dat gedogen</l>
        <l id="s9:l3">Te niet te brengen dat vrouw'lijk zaet,</l>
        <l id="s9:l4">Klaeg ik met weenende oogen.&#8217; -</l>
      </lg>
      <lg id="s10" type="stanza">
        <l id="s10:l1">Met dien quam daer een kapitein,</l>
        <l id="s10:l2">Die de wereld wou bekleiden.</l>
        <l id="s10:l3">Vijf hondert gout-gulden boot hy voor haer,</l>
        <l id="s10:l4">Mogt hy ze met hem leiden.</l>
      </lg>
      <lg id="s11" type="stanza">
        <l id="s11:l1">&#8216;- In niemand en heb ik geen lust;</l>
        <l id="s11:l2">De wereld wil ik verlaten.</l>
        <l id="s11:l3">Mijn ziel is in den Heere gerust.</l>
        <l id="s11:l4">Gaet wandelen uwer straten.&#8217; -</l>
      </lg>
      <lg id="s12" type="stanza">
        <l id="s12:l1">Na de markt wierd zy geleid,</l>
        <l id="s12:l2">Te branden aen een stake.</l>
        <l id="s12:l3">Zy bood den scherpregter haren mond,</l>
        <l id="s12:l4">Zy kuste hem aen zijn kaken.</l>
      </lg>
      <lg id="s13" type="stanza">
        <l id="s13:l1">Hy stak het vier in 't houte koen.</l>
        <l id="s13:l2">Zy riep; zo luid: - &#8216;O! Heer verheven,</l>
        <l id="s13:l3">Al die my deze tormenten aendoen,</l>
        <l id="s13:l4">O! Heer wilt haer vergeven.&#8217; -</l>
      </lg>
      <lg id="s14" type="stanza">
        <l id="s14:l1">Zy stond te branden in het vier;</l>
        <l id="s14:l2">Zy riep al met verlangen,</l>
        <l id="s14:l3">- &#8216;O! Hemelsche vader, nu scheid ik van hier,</l>
        <l id="s14:l4">Wil doch mijn ziel ontfangen.&#8217; -</l>
      </lg>
    </lg>
  </text>
</song>