<song>
  <meta>
    <id>123780</id>
    <date>
      <year-start>1848</year-start>
      <year-end>1848</year-end>
    </date>
    <location>
      <orginal-name>gent</orginal-name>
      <standard-name>Gent, Belgium</standard-name>
      <coordinates>
        <lon>51.0538286</lon>
        <lat>3.7250121</lat>
      </coordinates>
    </location>
    <tags>
      <tag standard-name="spotlied" translation="mocking song">spotlied</tag>
    </tags>
    <melody />
    <categories>
      <category translation="amusement">vermaak</category>
    </categories>
  <author>Anonymous</author></meta>
  <text>
    <lg type="song">
      <lg id="s1" type="stanza">
        <l id="s1:l1">Ick en mijn ouders al te gaer</l>
        <l id="s1:l2">Sijn edel over duisent jaer,</l>
        <l id="s1:l3">Eer Pluto naer Diana liep,</l>
        <l id="s1:l4">En Phoebus by de Musen sliep;</l>
        <l id="s1:l5">Eer lo als een koe verscheen,</l>
        <l id="s1:l6">Eer Daphne in een boom verdween,</l>
        <l id="s1:l7">Ja ons diploom lag in de kas</l>
        <l id="s1:l8">Eer Boreas geboren was,</l>
      </lg>
      <lg id="s2" type="stanza">
        <l id="s2:l1">Eer Venus in Vulcanus bed</l>
        <l id="s2:l2">Hem 't hoofd vol horens had gezet:</l>
        <l id="s2:l3">Mijn ouders waren edelmans</l>
        <l id="s2:l4">Eer Lijs geraekte aen den dans.</l>
        <l id="s2:l5">Wy comen van dat groot geslacht</l>
        <l id="s2:l6">Van Sebol, die heeft voortgebracht</l>
        <l id="s2:l7">Cajotus, die by Lievots kint</l>
        <l id="s2:l8">Heer Weyten, den pagadder, wint.</l>
      </lg>
      <lg id="s3" type="stanza">
        <l id="s3:l1">Pagadder, eer hy werd vermoord,</l>
        <l id="s3:l2">Bracht Cluyten uit vrouw Lamgat voort,</l>
        <l id="s3:l3">En Cluyten won Simpliciaen,</l>
        <l id="s3:l4">Daer Seppen sei: heer Vader aen.</l>
        <l id="s3:l5">De groote Seppen, sonder ergh,</l>
        <l id="s3:l6">Sliep by mevrouw van Calenberg,</l>
        <l id="s3:l7">Uit wie dat Sul, Loy, Cluts en Stijn,</l>
        <l id="s3:l8">En Moesel voortgekomen sijn.</l>
      </lg>
      <lg id="s4" type="stanza">
        <l id="s4:l1">Heer Moesel, van geslachte groot,</l>
        <l id="s4:l2">Trouwt Lijs, de dochter van Malloot,</l>
        <l id="s4:l3">Van wie dat groote Gielen quam,</l>
        <l id="s4:l4">Die Cithaens saet ter herte nam.</l>
        <l id="s4:l5">Uit grooten Gielen quam monpeer,</l>
        <l id="s4:l6">En deze won my uit mameer.</l>
        <l id="s4:l7">Dit sijn mijn ouders alle bey.</l>
        <l id="s4:l8">- Segt hontsvot nu, wie sijde gy?</l>
      </lg>
    </lg>
  </text>
</song>