<song>
  <meta>
    <id>123781</id>
    <date>
      <year-start>1848</year-start>
      <year-end>1848</year-end>
    </date>
    <location>
      <orginal-name>gent</orginal-name>
      <standard-name>Gent, Belgium</standard-name>
      <coordinates>
        <lon>51.0538286</lon>
        <lat>3.7250121</lat>
      </coordinates>
    </location>
    <tags>
      <tag standard-name="herderslied" translation="pastoral song">herderslied</tag>
      <tag standard-name="bespiegelend lied" translation="reflective song">bespiegelend lied</tag>
    </tags>
    <melody>Al hebben de prinsen haar wens</melody>
    <categories>
      <category translation="love and sex">liefde en seks</category>
      <category translation="religion">godsdienst</category>
    </categories>
  <author>F.A. Snellaert</author></meta>
  <text>
    <lg type="song">
      <lg id="s1" type="stanza">
        <l id="s1:l1">Al hebben de prinsen hunnen wensch</l>
        <l id="s1:l2">Zy zijn toch maer slaven van den mensch,</l>
        <l id="s1:l3">Maer wy herders vol van vre&#234;,</l>
        <l id="s1:l4">Zijn bekommerd nievers me&#234;.</l>
      </lg>
      <lg id="s2" type="stanza">
        <l id="s2:l1">Al ist in het hof wat meer versierd,</l>
        <l id="s2:l2">Schoonder is ons woning opgesierd</l>
        <l id="s2:l3">Met gras, met bloemekens en gheboomt,</l>
        <l id="s2:l4">Daer soo menige beeck by stroomt.</l>
      </lg>
      <lg id="s3" type="stanza">
        <l id="s3:l1">Al is in het hof veel snaerspel soet</l>
        <l id="s3:l2">Dat den droeven gheest verheughen doet,</l>
        <l id="s3:l3">By ons is oock den wederklanck</l>
        <l id="s3:l4">Vander voghelen soeten sanck.</l>
      </lg>
      <lg id="s4" type="stanza">
        <l id="s4:l1">Al heeft elcken koninck 't hoofd omringt</l>
        <l id="s4:l2">Met een gouden kroon die heerlijck blinkt,</l>
        <l id="s4:l3">Wy herders draghen oock eene kroon</l>
        <l id="s4:l4">Van verscheiden bloemekens schoon.</l>
      </lg>
      <lg id="s5" type="stanza">
        <l id="s5:l1">Al draegt eenen koninck in sijn hand</l>
        <l id="s5:l2">Eenen staf om te beheerschen 't land,</l>
        <l id="s5:l3">Wy voeren oock eenen t'elcker ste&#234;,</l>
        <l id="s5:l4">Daer w'onze schaepkens beheerschen me&#234;.</l>
      </lg>
      <lg id="s6" type="stanza">
        <l id="s6:l1">Is het niet de rijckste mensch die leeft</l>
        <l id="s6:l2">Die by weinich sijn ghenoegen heeft?</l>
        <l id="s6:l3">Wat is toch al deser wereld lust,</l>
        <l id="s6:l4">Als des menschen hart is ongherust?</l>
      </lg>
    </lg>
  </text>
</song>