<song>
  <meta>
    <id>123788</id>
    <date>
      <year-start>1848</year-start>
      <year-end>1848</year-end>
    </date>
    <location>
      <orginal-name>gent</orginal-name>
      <standard-name>Gent, Belgium</standard-name>
      <coordinates>
        <lon>51.0538286</lon>
        <lat>3.7250121</lat>
      </coordinates>
    </location>
    <tags>
      <tag standard-name="loflied" translation="praise song">loflied</tag>
    </tags>
    <melody />
    <categories>
      <category translation="religion">godsdienst</category>
    </categories>
  <author>Anonymous</author></meta>
  <text>
    <lg type="song">
      <lg id="s1" type="stanza">
        <l id="s1:l1">Musica, aldersoetste const,</l>
        <l id="s1:l2">Te recht wort ghy verheven,</l>
        <l id="s1:l3">Want uw seer lieffelijcke jonst</l>
        <l id="s1:l4">Doet ons in vreughden leven.</l>
      </lg>
      <lg id="s2" type="stanza">
        <l id="s2:l1">Als wy van herten zijn bezwaert,</l>
        <l id="s2:l2">Den druk doet ghy beswijcken;</l>
        <l id="s2:l3">Ja midts uw oversoeten aert,</l>
        <l id="s2:l4">Moet alle tweedracht wijcken.</l>
      </lg>
    </lg>
  </text>
</song>