<song>
  <meta>
    <id>123745</id>
    <date>
      <year-start>1848</year-start>
      <year-end>1848</year-end>
    </date>
    <location>
      <orginal-name>gent</orginal-name>
      <standard-name>Gent, Belgium</standard-name>
      <coordinates>
        <lon>51.0538286</lon>
        <lat>3.7250121</lat>
      </coordinates>
    </location>
    <tags>
      <tag standard-name="liefdeslied" translation="love song">liefdeslied</tag>
      <tag standard-name="verhalend lied" translation="narrative song">verhalend lied</tag>
    </tags>
    <melody>Hier buiten in de Houte</melody>
    <categories>
      <category translation="love and sex">liefde en seks</category>
      <category translation="narratives">verhalen</category>
    </categories>
  <author>Anonymous</author></meta>
  <text>
    <lg type="song">
      <lg id="s1" type="stanza">
        <l id="s1:l1">Te Haerlem in den Houte, -</l>
        <l id="s1:l2">Keert de Molenaer om, -</l>
        <l id="s1:l3">Daer woont een meysken stoute.</l>
        <l id="s1:l4">Om en om en wederom,</l>
        <l id="s1:l5">En keert de Molenaer om.</l>
      </lg>
      <lg id="s2" type="stanza">
        <l id="s2:l1">Dat hoorde een der knapen, -</l>
        <l id="s2:l2">Keert de Molenaer om, -</l>
        <l id="s2:l3">Die wou by 't meysken slapen.</l>
        <l id="s2:l4">Om en om en wederom,</l>
        <l id="s2:l5">En keert de Molenaer om.</l>
      </lg>
      <lg id="s3" type="stanza">
        <l id="s3:l1">- &#8216;Dat mijn Moeder dat wiste, -</l>
        <l id="s3:l2">Keert de Molenaer om, -</l>
        <l id="s3:l3">Sy sloot my in een kiste.&#8217; -</l>
        <l id="s3:l4">Om en om en wederom,</l>
        <l id="s3:l5">En keert de Molenaer om.</l>
      </lg>
      <lg id="s4" type="stanza">
        <l id="s4:l1">- &#8216;Men sal uw Moeder schencken wijn, -</l>
        <l id="s4:l2">Keert de Molenaer om, -</l>
        <l id="s4:l3">Sy sal soo wel te vrede zijn.&#8217; -</l>
        <l id="s4:l4">Om en om en wederom,</l>
        <l id="s4:l5">En keert de Molenaer om.</l>
      </lg>
    </lg>
  </text>
</song>