<song>
  <meta>
    <id>123811</id>
    <date>
      <year-start>1864</year-start>
      <year-end>1864</year-end>
    </date>
    <location>
      <orginal-name>gent?</orginal-name>
      <standard-name>Gent, Belgium</standard-name>
      <coordinates>
        <lon>51.0538286</lon>
        <lat>3.7250121</lat>
      </coordinates>
    </location>
    <tags>
      <tag standard-name="loflied" translation="praise song">loflied</tag>
    </tags>
    <melody />
    <categories>
      <category translation="religion">godsdienst</category>
    </categories>
  <author>Anonymous</author></meta>
  <text>
    <lg type="song">
      <lg id="s1" type="stanza">
        <l id="s1:l1">Muziek, gy allerzoetste kunst,</l>
        <l id="s1:l2">Te regt wordt gy verheven,</l>
        <l id="s1:l3">Want uw zeer liefelijke gunst</l>
        <l id="s1:l4">Doet ons in vreugde leven.</l>
      </lg>
      <lg id="s2" type="stanza">
        <l id="s2:l1">Als wy van herten zijn bezwaerd,</l>
        <l id="s2:l2">Den druk doet gy bezwijken,</l>
        <l id="s2:l3">Ja, mits uw allerzoetsten aert,</l>
        <l id="s2:l4">Moet alle tweedragt wijken.</l>
      </lg>
    </lg>
  </text>
</song>