<song>
  <meta>
    <id>123813</id>
    <date>
      <year-start>1864</year-start>
      <year-end>1864</year-end>
    </date>
    <location>
      <orginal-name>gent?</orginal-name>
      <standard-name>Gent, Belgium</standard-name>
      <coordinates>
        <lon>51.0538286</lon>
        <lat>3.7250121</lat>
      </coordinates>
    </location>
    <tags>
      <tag standard-name="vaderlands lied" translation="patriotic song">vaderlands lied</tag>
    </tags>
    <melody />
    <categories>
      <category translation="politics and history">politiek en geschiedenis</category>
    </categories>
  <author>Anonymous</author></meta>
  <text>
    <lg type="song">
      <lg id="s1" type="stanza">
        <l id="s1:l1">'k Was nog een knaap, en vrij van alle zorgen,</l>
        <l id="s1:l2">Verzot op 't spel, in klucht en poetsen sterk,</l>
        <l id="s1:l3">Wanneer tot mij, op zekren goeden morgen,</l>
        <l id="s1:l4">Mijn vader sprak: &#8216;Kom, jongen, me&#234; aan 't werk!</l>
        <l id="s1:l5">Ik word al oud, voel mij de kracht begeven.</l>
        <l id="s1:l6">Wees vlijtig, kind! en leer alras uw stiel,</l>
        <l id="s1:l7">Zoo kunt ge mij en moeder hulpe geven:</l>
        <l id="s1:l8">Kom, jongen, me&#234;! daar is 'ne blauwe kiel.&#8217;</l>
      </lg>
      <lg id="s2" type="stanza">
        <l id="s2:l1">Ik volgde droef, doch zonder tegenspreken,</l>
        <l id="s2:l2">En weenend ging ik vaders werkplaats in;</l>
        <l id="s2:l3">Doch spoedig was mijn kindersmart geweken,</l>
        <l id="s2:l4">En zong ik ook een liedjen, blij van zin.</l>
        <l id="s2:l5">Bij 't daaglijksch werk werd mij het leven lustig,</l>
        <l id="s2:l6">Een nieuwe zon rees op in mijne ziel,</l>
        <l id="s2:l7">En nooit voorheen was mijn gemoed zoo rustig:</l>
        <l id="s2:l8">Ik dankte dit aan mijnen blauwen kiel.</l>
      </lg>
      <lg id="s3" type="stanza">
        <l id="s3:l1">Wel is er soms een aantal kale heeren,</l>
        <l id="s3:l2">Dat op mijn kiel verachtlijk nederzict;</l>
        <l id="s3:l3">Toch kan men mij daarover niet verne&#234;ren,</l>
        <l id="s3:l4">En 'k ga voor hen uit mijnen weg ook niet.</l>
        <l id="s3:l5">'k Ben nederig als alle werkmanszonen,</l>
        <l id="s3:l6">Maar eerloosheid was nooit in mijne ziel,</l>
        <l id="s3:l7">En 'k mag aan elk mijn aengezichte toonen,</l>
        <l id="s3:l8">Al draag ik slechts 'nen simplen blauwen kiel.</l>
      </lg>
      <lg id="s4" type="stanza">
        <l id="s4:l1">De vlaamsche deugd, die ben ik nimmer moede;</l>
        <l id="s4:l2">De vlaamsche klucht, die heb ik steeds ter hand.</l>
        <l id="s4:l3">Mijn herte klopt voor 't schoone en voor het goede,</l>
        <l id="s4:l4">Ik kniel voor God en ik bemin mijn Land.</l>
        <l id="s4:l5">Doch waagt hier ooit een vreemdeling te komen...</l>
        <l id="s4:l6">De vrijheidszucht ontvonkt in mijne ziel;</l>
        <l id="s4:l7">De werkman zal voor geen tirannen schromen,</l>
        <l id="s4:l8">En 'k trek dan op met mijnen blauwen kiel.</l>
      </lg>
    </lg>
  </text>
</song>