<song>
  <meta>
    <id>125754</id>
    <date>
      <year-start>1900</year-start>
      <year-end>1900</year-end>
    </date>
    <location>
      <orginal-name>amsterdam</orginal-name>
      <standard-name>Amsterdam, The Netherlands</standard-name>
      <coordinates>
        <lon>52.3745403</lon>
        <lat>4.89797550561798</lat>
      </coordinates>
    </location>
    <tags />
    <melody>Daar was een tijd</melody>
  <author>Anonymous</author></meta>
  <text>
    <lg type="song">
      <lg id="s1" type="stanza">
        <l id="s1:l1">Daar was een tijd- daar was een tijd,</l>
        <l id="s1:l2">Toen ik was jong en vrij,-</l>
        <l id="s1:l3">Het heden was van zorg be-vrijd,</l>
        <l id="s1:l4">De toekomst lach-te blij,-</l>
        <l id="s1:l5">Een bloem, een lied, een schoone dag,</l>
        <l id="s1:l6">Bracht toen mijn hart in gloed</l>
        <l id="s1:l7">-Ach,dat ik thans niet sma-ken mag,</l>
        <l id="s1:l8">Dat al, z&#243;&#243; schoon, zoo zoet.-</l>
      </lg>
      <lg id="s2" type="stanza">
        <l id="s2:l1">Daar was een tijd - daar was een tijd,</l>
        <l id="s2:l2">Toen 't uur van scheiden sloeg,</l>
        <l id="s2:l3">Toen, liefste! 's werelds leed en nijd</l>
        <l id="s2:l4">Ons 't dierbaarst offer vroeg;</l>
        <l id="s2:l5">Wij gingen heen, maar diep gewond,</l>
        <l id="s2:l6">Ter prooi aan bittren strijd -</l>
        <l id="s2:l7">Zeg, zucht ge als ik niet menig stond:</l>
        <l id="s2:l8">Daar was, daar was een tijd!</l>
      </lg>
    </lg>
  </text>
</song>