<song>
  <meta>
    <id>125738</id>
    <date>
      <year-start>1900</year-start>
      <year-end>1900</year-end>
    </date>
    <location>
      <orginal-name>amsterdam</orginal-name>
      <standard-name>Amsterdam, The Netherlands</standard-name>
      <coordinates>
        <lon>52.3745403</lon>
        <lat>4.89797550561798</lat>
      </coordinates>
    </location>
    <tags />
    <melody>Daar is een tijd</melody>
  <author>Anonymous</author></meta>
  <text>
    <lg type="song">
      <lg id="s1" type="stanza">
        <l id="s1:l1">Daar is een tijd, daar is een tijd,</l>
        <l id="s1:l2">Dat 't weer u, lief-ste zie,</l>
        <l id="s1:l3">Dat ik, van 't wicht der zorg be-vrijd,</l>
        <l id="s1:l4">U liefde en hulde bie.</l>
        <l id="s1:l5">Dat 'k weer in 't hel-der oog u lees,</l>
        <l id="s1:l6">Gelijk ik deed wel-eer;</l>
        <l id="s1:l7">En tot u fluister, zonder vrees:</l>
        <l id="s1:l8">'Ik min u, min mij weer!'</l>
      </lg>
      <lg id="s2" type="stanza">
        <l id="s2:l1">Daar is een tijd, 't is als de nacht</l>
        <l id="s2:l2">Haar sluier heeft gespreid,</l>
        <l id="s2:l3">Dan is 't als kwaamt gij tot mij zacht</l>
        <l id="s2:l4">Tot mij in de eenzaamheid;</l>
        <l id="s2:l5">Daar is een tijd, dat nog de hoop</l>
        <l id="s2:l6">Mij soms met droomen vleit, -</l>
        <l id="s2:l7">Zeg, hebt gij in uw levensloop</l>
        <l id="s2:l8">Mijn liefste, ook Soms dien tijd? -</l>
      </lg>
    </lg>
  </text>
</song>