<song>
  <meta>
    <id>127041</id>
    <date>
      <year-start>1900</year-start>
      <year-end>1900</year-end>
    </date>
    <location>
      <orginal-name>amsterdam</orginal-name>
      <standard-name>Amsterdam, The Netherlands</standard-name>
      <coordinates>
        <lon>52.3745403</lon>
        <lat>4.89797550561798</lat>
      </coordinates>
    </location>
    <tags>
      <tag standard-name="afscheidslied" translation="farewell song">afscheidslied</tag>
      <tag standard-name="troostlied" translation="consolation song">troostlied</tag>
    </tags>
    <melody>Meisje waarom weent gij toch</melody>
    <categories>
      <category translation="emotions">emoties</category>
      <category translation="occasions">gelegenheden</category>
    </categories>
  <author>Anonymous</author></meta>
  <text>
    <lg type="song">
      <lg id="s1" type="stanza">
        <l id="s1:l1">Meis-je, waarom weent gij toch,</l>
        <l id="s1:l2">Weent gij toch zoo zeer?</l>
        <l id="s1:l3">Weent ge'om dat 'k van u moet scheiden?</l>
        <l id="s1:l4">Denk, na lijden komt verblijden.</l>
        <l id="s1:l5">Weent ge daarom, lie-ve meid?</l>
        <l id="s1:l6">Ween toch niet zoo zeer.</l>
      </lg>
      <lg id="s2" type="stanza">
        <l id="s2:l1">Meisje, 'k kom weldra terug,</l>
        <l id="s2:l2">'k Kom weldra terug;</l>
        <l id="s2:l3">Ver van hier min 'k u nog teeder,</l>
        <l id="s2:l4">En die mint, komt gaarne weder,</l>
        <l id="s2:l5">Daarom, liefste, treur toch niet,</l>
        <l id="s2:l6">Treur toch niet te zeer!</l>
      </lg>
    </lg>
  </text>
</song>