<song>
  <meta>
    <id>127019</id>
    <date>
      <year-start>1900</year-start>
      <year-end>1900</year-end>
    </date>
    <location>
      <orginal-name>amsterdam</orginal-name>
      <standard-name>Amsterdam, The Netherlands</standard-name>
      <coordinates>
        <lon>52.3745403</lon>
        <lat>4.89797550561798</lat>
      </coordinates>
    </location>
    <tags>
      <tag standard-name="bespiegelend lied" translation="reflective song">bespiegelend lied</tag>
    </tags>
    <melody>Guter mond du gehst so stille</melody>
    <categories>
      <category translation="religion">godsdienst</category>
    </categories>
  <author>Anonymous</author></meta>
  <text>
    <lg type="song">
      <lg id="s1" type="stanza">
        <l id="s1:l1">{Peins niet al-tijd over morgen.</l>
        <l id="s1:l2">Smaak het nu met dankbren zin!}</l>
        <l id="s1:l3">{God zal voor de toekomst zor-gen.</l>
        <l id="s1:l4">Peil-loos is zijn vader-min.}</l>
        <l id="s1:l5">Wil niet steeds het morgen schromen,</l>
        <l id="s1:l6">Kleur dien niet met som-ber zwart,</l>
        <l id="s1:l7">En is 't eens met weegeko-men,</l>
        <l id="s1:l8">Draag 't dan met een manlijk hart.</l>
      </lg>
      <lg id="s2" type="stanza">
        <l id="s2:l1">Peins niet altijd over morgen,</l>
        <l id="s2:l2">Vorsch niet immer door 't gordijn,</l>
        <l id="s2:l3">Dat een leven houdt verborgen,</l>
        <l id="s2:l4">Dat zoo goed als kwaad kan zijn;</l>
        <l id="s2:l5">Zoolang vrienden met u deelen</l>
        <l id="s2:l6">In uw onspoed en geluk</l>
        <l id="s2:l7">Moet u 't nu geen vreeze telen,</l>
        <l id="s2:l8">Bare 't morgen u geen druk!</l>
      </lg>
    </lg>
  </text>
</song>