<song>
  <meta>
    <id>127028</id>
    <date>
      <year-start>1900</year-start>
      <year-end>1900</year-end>
    </date>
    <location>
      <orginal-name>amsterdam</orginal-name>
      <standard-name>Amsterdam, The Netherlands</standard-name>
      <coordinates>
        <lon>52.3745403</lon>
        <lat>4.89797550561798</lat>
      </coordinates>
    </location>
    <tags>
      <tag standard-name="dialooglied" translation="dialogue song">dialooglied</tag>
    </tags>
    <melody>Ah vous dirai-je maman</melody>
    <categories>
      <category translation="formal genres">formele genres</category>
    </categories>
  <author>Anonymous</author></meta>
  <text>
    <lg type="song">
      <lg id="s1" type="stanza">
        <l id="s1:l1">Lie-ve moeder, zeg mij eens</l>
        <l id="s1:l2">Wat heeft dit met Frits ge meens?</l>
        <l id="s1:l3">Als gij hem slechts aan ziet komen</l>
        <l id="s1:l4">Langs dit huis, ('t gebeurt allicht),</l>
        <l id="s1:l5">Dan hebt gij hem niet verno-men,</l>
        <l id="s1:l6">Of gij zegt: 't Gordijn-tje dicht!</l>
      </lg>
      <lg id="s2" type="stanza">
        <l id="s2:l1">Zwijg, mijn dochter! 't Is uw plicht.</l>
        <l id="s2:l2">Schuif gij maar 't gordijntje dicht,</l>
        <l id="s2:l3">Want de liefde van dien jongen</l>
        <l id="s2:l4">Is (naar 'k van de buren hoor)</l>
        <l id="s2:l5">Tot uw hart reeds doorgedrongen.</l>
        <l id="s2:l6">Helpt daar een gordijntje voor?</l>
      </lg>
    </lg>
  </text>
</song>