<song>
  <meta>
    <id>13721</id>
    <date>
      <year-start>1643</year-start>
      <year-end>1643</year-end>
    </date>
    <location>
      <orginal-name>haarlem</orginal-name>
      <standard-name>Haarlem, The Netherlands</standard-name>
      <coordinates>
        <lon>52.3885317</lon>
        <lat>4.6388048</lat>
      </coordinates>
    </location>
    <tags>
      <tag standard-name="herderslied" translation="pastoral song">herderslied</tag>
    </tags>
    <melody>Eerste Carileen</melody>
    <categories>
      <category translation="love and sex">liefde en seks</category>
    </categories>
  <author>Anonymous</author></meta>
  <text>
    <lg type="song">
      <lg id="s1" type="stanza">
        <l id="s1:l1" met="5" type="-+">SEt u neer, ey rust bedroefde <rhyme label="a" type="f">Harder</rhyme>,</l>
        <l id="s1:l2" met="4" type="+-">Siet u Phylis gaet vast <rhyme label="b" type="m">heen</rhyme>,</l>
        <l id="s1:l3" met="5" type="-+">Siet, siet, ey lieve siet, hoe Phylis <rhyme label="c" type="m">vliet</rhyme>,</l>
        <l id="s1:l4" met="5" type="-+">Haer Harder en laet hem nu droevigh <rhyme label="b" type="m" corresp="#s1:l2">alleen</rhyme>,</l>
        <l id="s1:l5" met="5" type="-+">Neemt u keer, ey volght doch haer niet <rhyme label="a" type="f" corresp="#s1:l1">verder</rhyme>:</l>
        <l id="s1:l6" met="4" type="+-">Want ghy siet sy stadigh <rhyme label="d" type="m">vlucht</rhyme>,</l>
        <l id="s1:l7" met="5" type="+-">Wel aen, maeckt droef geluyt, stort tranen <rhyme label="e" type="m">uyt</rhyme>,</l>
        <l id="s1:l8" met="5" type="-+">Vervult hier het Bosje vol droevigh naer <rhyme label="d" type="m" corresp="#s1:l6">gesucht</rhyme>,</l>
        <l id="s1:l9" met="5" type="+-">Phylis haet haten, &#8216;t Herders leven <rhyme label="f" type="m">soet</rhyme>,</l>
        <l id="s1:l10" met="5" type="+-">Prijst hooge staten, tracht nae &#8216;s werelts <rhyme label="f" type="m" corresp="#s1:l9">goet</rhyme>:</l>
        <l id="s1:l11" met="4" type="-+">Maer weet, niet &#8216;t leet, &#8216;t geen men der <rhyme label="g" type="m">vint</rhyme>,</l>
        <l id="s1:l12" met="6" type="-+">Maer acht, onbedacht, dat &#8216;t daer al gaet voor <rhyme label="g" type="m" corresp="#s1:l11">wint</rhyme>.</l>
      </lg>
      <lg id="s2" type="stanza">
        <l id="s2:l1" met="5" type="-+">Ey een woort, ach keert ey lieve <rhyme label="a" type="f">Phylis</rhyme>:</l>
        <l id="s2:l2" met="4" type="+-">Keert ey soete <rhyme label="b" type="m">Harderin</rhyme>.</l>
        <l id="s2:l3" met="5" type="-+">Ey schuwt het steets gebroet, dat niet en <rhyme label="c" type="m">doet</rhyme>,</l>
        <l id="s2:l4" met="5" type="-+">Als schimpich te spotten, met d&#8217;eenvoudighe <rhyme label="b" type="m" corresp="#s2:l2">sin</rhyme>,</l>
        <l id="s2:l5" met="5" type="-+">Gaet niet voort, maer keert doch eer &#8216;t u leet <rhyme label="a" type="f" corresp="#s2:l1">is</rhyme>,</l>
        <l id="s2:l6" met="4" type="+-">Wat vermaeck vintmen in <rhyme label="d" type="m">Stee</rhyme>,</l>
        <l id="s2:l7" met="5" type="+-">Niet als een vuyl gesnap, van <rhyme label="e" type="m">achterklap</rhyme>,</l>
        <l id="s2:l8" met="5" type="-+">Van &#8216;t geenmen wel sonder achterdencken <rhyme label="d" type="m" corresp="#s2:l6">de</rhyme>:</l>
        <l id="s2:l9" met="5" type="+-">Wilt ghy dan mijden, dat ghy nieuwers <rhyme label="f" type="m">komt</rhyme>,</l>
        <l id="s2:l10" met="5" type="+-">Soo moet ghy lijden, datmen u dan <rhyme label="f" type="m" corresp="#s2:l9">nomt</rhyme></l>
        <l id="s2:l11" met="4" type="-+">Een Lijs, die vijs, is en wel <rhyme label="g" type="m">lijckt</rhyme></l>
        <l id="s2:l12" met="6" type="-+">An schijn, een Bagijn, die stuyr en norsigh <rhyme label="g" type="m" corresp="#s2:l11">kijckt</rhyme>.</l>
      </lg>
      <lg id="s3" type="stanza">
        <l id="s3:l1" met="5" type="-+">Wilt ghy nu by &#8216;t Steedtse volck <rhyme label="a" type="f">verkeeren</rhyme>,</l>
        <l id="s3:l2" met="4" type="+-">Soo moet ghy dan u <rhyme label="b" type="m">gelaet</rhyme></l>
        <l id="s3:l3" met="5" type="-+">Veranderen en u dracht, na steetse <rhyme label="c" type="m">pracht</rhyme>,</l>
        <l id="s3:l4" met="5" type="-+">Mee setten en proncken met opgemaeckt <rhyme label="b" type="m" corresp="#s3:l2">cieraet</rhyme>,</l>
        <l id="s3:l5" met="5" type="-+">Datmen u, dan schatte nae u <rhyme label="a" type="f" corresp="#s3:l1">kleere</rhyme>:</l>
        <l id="s3:l6" met="4" type="+-">Noemde m&#8217;u een oprecht <rhyme label="d" type="m">banier</rhyme>,</l>
        <l id="s3:l7" met="5" type="+-">Van lichte wulpsicheyt, &#8216;t geen vaeck <rhyme label="e" type="m">beschreyt</rhyme></l>
        <l id="s3:l8" met="5" type="-+">De eerbare herten, die sulck een schadelick <rhyme label="d" type="m" corresp="#s3:l6">vyer</rhyme>,</l>
        <l id="s3:l9" met="5" type="+-">Steets sien om swerven, dat door vuyle <rhyme label="f" type="m">brant</rhyme>,</l>
        <l id="s3:l10" met="5" type="+-">Ons kan bederven, sinnen en <rhyme label="f" type="m" corresp="#s3:l9">verstant</rhyme>,</l>
        <l id="s3:l11" met="4" type="-+">Soo dat de Stadt, &#8216;t vermaeck, mer vond, en <rhyme label="g" type="m">heeft</rhyme>,</l>
        <l id="s3:l12" met="6" type="-+">Ons steets geeft aen-lockingh tot de <rhyme label="g" type="m" corresp="#s3:l11">sond</rhyme>.</l>
      </lg>
      <lg id="s4" type="stanza">
        <l id="s4:l1" met="5" type="-+">Gaet niet heen, ey keert doch <rhyme label="a" type="f">Harderinne</rhyme>,</l>
        <l id="s4:l2" met="4" type="+-">Maer wat klaegh ick doch, &#8216;t is <rhyme label="b" type="m">wint</rhyme>?</l>
        <l id="s4:l3" met="5" type="-+">Wel Harder sult ghy dan, nu scheyde <rhyme label="c" type="m">van</rhyme></l>
        <l id="s4:l4" met="5" type="-+">De geen die ghy hebt voor desen so <rhyme label="b" type="m" corresp="#s4:l2">bemint</rhyme>?</l>
        <l id="s4:l5" met="5" type="-+">Neen jae neen, ach jae, ick schey uyt &#8216;t <rhyme label="a" type="f" corresp="#s4:l1">minnen</rhyme>,</l>
        <l id="s4:l6" met="4" type="+-">Schoon mijn &#8216;t scheyden wel <rhyme label="d" type="m">verdriet</rhyme>:</l>
        <l id="s4:l7" met="5" type="+-">Want ick van d&#8217;Hoofs manier, doch niet een <rhyme label="e" type="m">sier</rhyme>,</l>
        <l id="s4:l8" met="5" type="-+">En weet van haer termen, oft Complementen <rhyme label="d" type="m" corresp="#s4:l6">niet</rhyme>.</l>
        <l id="s4:l9" met="5" type="+-">Dus &#8216;k laet de Ioffers, en het steets <rhyme label="f" type="m">gevry</rhyme>,</l>
        <l id="s4:l10" met="5" type="+-">Steetse ruyge Doffers, en haer <rhyme label="f" type="m" corresp="#s4:l9">Cortoisy</rhyme>:</l>
        <l id="s4:l11" met="4" type="-+">Want konst, baert gonst, en wat doch <rhyme label="g" type="m">weet</rhyme></l>
        <l id="s4:l12" met="6" type="-+">Een loer, van een Boer, van &#8216;t geen men konst <rhyme label="g" type="m" corresp="#s4:l11">heet</rhyme>?</l>
      </lg>
    </lg>
  </text>
</song>