<song>
  <meta>
    <id>13725</id>
    <date>
      <year-start>1643</year-start>
      <year-end>1643</year-end>
    </date>
    <location>
      <orginal-name>haarlem</orginal-name>
      <standard-name>Haarlem, The Netherlands</standard-name>
      <coordinates>
        <lon>52.3885317</lon>
        <lat>4.6388048</lat>
      </coordinates>
    </location>
    <tags>
      <tag standard-name="herderslied" translation="pastoral song">herderslied</tag>
      <tag standard-name="liefdeslied" translation="love song">liefdeslied</tag>
    </tags>
    <melody>Ballet Bronkhorst</melody>
    <categories>
      <category translation="love and sex">liefde en seks</category>
    </categories>
  <author>Anonymous</author></meta>
  <text>
    <lg type="song">
      <lg id="s1" type="stanza">
        <l id="s1:l1" met="2" type="+-"><rhyme label="a" type="f">HArderinne</rhyme>,</l>
        <l id="s1:l2" met="3" type="-+">Ach sult ghy nimmer <rhyme label="b" type="f">wenden</rhyme>,</l>
        <l id="s1:l3" met="2" type="-+">V gunst tot <rhyme label="c" type="m">my</rhyme></l>
        <l id="s1:l4" met="2" type="+-">Godt der <rhyme label="a" type="f" corresp="#s1:l1">minne</rhyme>,</l>
        <l id="s1:l5" met="3" type="-+">Ey siet aen mijn <rhyme label="b" type="f" corresp="#s1:l2">ellende</rhyme>,</l>
        <l id="s1:l6" met="2" type="-+">En <rhyme label="c" type="m" corresp="#s1:l3">slaverny</rhyme>,</l>
        <l id="s1:l7" met="5" type="+-">Laet ghy toe, dat sal een teere <rhyme label="d" type="m">Maeght</rhyme>,</l>
        <l id="s1:l8" met="2" type="-+">V Godtheyt <rhyme label="e" type="f">tarte</rhyme>,</l>
        <l id="s1:l9" met="2" type="-+">Doorschiet haer &#8216;t <rhyme label="e" type="f" corresp="#s1:l8">herte</rhyme>,</l>
        <l id="s1:l10" met="2" type="-+">Dat sy mijn <rhyme label="e" type="f" corresp="#s1:l8">smerte</rhyme>,</l>
        <l id="s1:l11" met="5" type="-+">Gevoelet op dat sy, dat sy, dat <rhyme label="f" type="m">sy</rhyme>,</l>
        <l id="s1:l12" met="4" type="-+">Op dat sy mijn Weer-liefd&#8217; <rhyme label="d" type="m" corresp="#s1:l7">draeght</rhyme>.</l>
      </lg>
      <lg id="s2" type="stanza">
        <l id="s2:l1" met="2" type="+-">Sult ghy <rhyme label="a" type="f">lijden</rhyme></l>
        <l id="s2:l2" met="3" type="-+">datmen niet als voor <rhyme label="b" type="f">desen</rhyme>,</l>
        <l id="s2:l3" met="2" type="-+">V groote <rhyme label="c" type="m">kracht</rhyme>,</l>
        <l id="s2:l4" met="2" type="+-">Nu ter <rhyme label="a" type="f" corresp="#s2:l1">tijden</rhyme>,</l>
        <l id="s2:l5" met="3" type="-+">niet meer en hout te <rhyme label="b" type="f" corresp="#s2:l2">wesen</rhyme>,</l>
        <l id="s2:l6" met="2" type="-+">Maer gantsch <rhyme label="c" type="m" corresp="#s2:l3">veracht</rhyme>:</l>
        <l id="s2:l7" met="5" type="+-">Want wel eer dreef ghy des Konincks <rhyme label="d" type="m">kindt</rhyme>,</l>
        <l id="s2:l8" met="2" type="-+">Door Liefd te <rhyme label="e" type="f">minnen</rhyme>,</l>
        <l id="s2:l9" met="2" type="-+">een <rhyme label="e" type="f" corresp="#s2:l8">Harderinne</rhyme>,</l>
        <l id="s2:l10" met="2" type="-+">En deught kon <rhyme label="e" type="f" corresp="#s2:l8">winnen</rhyme></l>
        <l id="s2:l11" met="5" type="-+">De gunst voor &#8216;t goet: maer nu, maer nu, maer <rhyme label="f" type="m">nu</rhyme>,</l>
        <l id="s2:l12" met="4" type="-+">Ach! maer nu is deught maer <rhyme label="d" type="m" corresp="#s2:l7">wint</rhyme>.</l>
      </lg>
      <lg id="s3" type="stanza">
        <l id="s3:l1" met="2" type="+-"><rhyme label="a" type="f">Rosemonde</rhyme>,</l>
        <l id="s3:l2" met="3" type="-+">seght schoone kan het <rhyme label="b" type="f">wesen</rhyme></l>
        <l id="s3:l3" met="2" type="-+">Dat ghy met <rhyme label="c" type="m">pijn</rhyme>?</l>
        <l id="s3:l4" met="2" type="+-">Soude <rhyme label="a" type="f" corresp="#s3:l1">door-wonden</rhyme></l>
        <l id="s3:l5" met="3" type="-+">mijn hert en niet <rhyme label="b" type="f" corresp="#s3:l2">genesen</rhyme>?</l>
        <l id="s3:l6" met="2" type="-+">Neen &#8216;t kan niet <rhyme label="c" type="m" corresp="#s3:l3">zijn</rhyme>,</l>
        <l id="s3:l7" met="5" type="+-">&#8216;k Smeeck niet meer, die my geen hulp en <rhyme label="d" type="m">sondt</rhyme>,</l>
        <l id="s3:l8" met="2" type="-+">Wiens kracht der <rhyme label="e" type="f">boghen</rhyme>,</l>
        <l id="s3:l9" met="2" type="-+">Ghy hebt <rhyme label="e" type="f" corresp="#s3:l8">ontogen</rhyme>,</l>
        <l id="s3:l10" met="2" type="-+">diens ben <rhyme label="e" type="f" corresp="#s3:l8">bewogen</rhyme></l>
        <l id="s3:l11" met="5" type="-+">Te soecken hulp van u, van u, van <rhyme label="f" type="m">u</rhyme>,</l>
        <l id="s3:l12" met="4" type="-+">Ach! van u mijn <rhyme label="d" type="m" corresp="#s3:l7">Rosemondt</rhyme>.</l>
      </lg>
      <lg id="s4" type="stanza">
        <l id="s4:l1" met="2" type="+-">Wilt dan <rhyme label="a" type="f">schoone</rhyme>,</l>
        <l id="s4:l2" met="3" type="-+">V gunst eens tot mijn <rhyme label="b" type="f">wenden</rhyme>,</l>
        <l id="s4:l3" met="2" type="-+">Soete <rhyme label="c" type="m">Herderin</rhyme>,</l>
        <l id="s4:l4" met="2" type="+-">En <rhyme label="a" type="f" corresp="#s4:l1">beloone</rhyme>,</l>
        <l id="s4:l5" met="3" type="-+">Mijn trouwe Min en <rhyme label="b" type="f" corresp="#s4:l2">ende</rhyme></l>
        <l id="s4:l6" met="2" type="-+">V straffe <rhyme label="c" type="m" corresp="#s4:l3">sin</rhyme>,</l>
        <l id="s4:l7" met="5" type="+-">Mint nae &#8216;t oor, ey mint de ware <rhyme label="d" type="m">deught</rhyme>,</l>
        <l id="s4:l8" met="2" type="-+">Ach <rhyme label="e" type="f">Herderinne</rhyme>!</l>
        <l id="s4:l9" met="2" type="-+">Voelt ghy u <rhyme label="e" type="f" corresp="#s4:l8">sinnen</rhyme>,</l>
        <l id="s4:l10" met="2" type="-+">Geneyght tot <rhyme label="e" type="f" corresp="#s4:l8">minne</rhyme>,</l>
        <l id="s4:l11" met="5" type="-+">Mint toch voor &#8216;t goet de deught, de deught, de <rhyme label="f" type="m">deught</rhyme>,</l>
        <l id="s4:l12" met="4" type="-+">O de deught! baert reyn <rhyme label="d" type="m" corresp="#s4:l7">geneught</rhyme>.</l>
      </lg>
    </lg>
  </text>
</song>