<song>
  <meta>
    <id>13727</id>
    <date>
      <year-start>1643</year-start>
      <year-end>1643</year-end>
    </date>
    <location>
      <orginal-name>haarlem</orginal-name>
      <standard-name>Haarlem, The Netherlands</standard-name>
      <coordinates>
        <lon>52.3885317</lon>
        <lat>4.6388048</lat>
      </coordinates>
    </location>
    <tags>
      <tag standard-name="drinklied" translation="drinking song">drinklied</tag>
    </tags>
    <melody>Sarabande Pinel</melody>
    <categories>
      <category translation="amusement">vermaak</category>
    </categories>
  <author>Anonymous</author></meta>
  <text>
    <lg type="song">
      <lg id="s1" type="stanza">
        <l id="s1:l1" met="4" type="+-">WAcker als helden dient Bacchus met <rhyme label="a" type="f">sinnen</rhyme>,</l>
        <l id="s1:l2" met="4" type="+-">Voeght u ter plaetse (naer d&#8217;oude <rhyme label="b" type="m">gewoont</rhyme>,)</l>
        <l id="s1:l3" met="4" type="+-">Daer men de Kruyckjens voor Dochters <rhyme label="a" type="f" corresp="#s1:l1">beminnen</rhyme>:</l>
        <l id="s1:l4" met="4" type="-+">En drooge Keeltjens, met vochtigheyt <rhyme label="b" type="m" corresp="#s1:l2">loont</rhyme>.</l>
        <l id="s1:l5" met="4" type="-+">Sa, sa, als Mannen, voeght u aen den <rhyme label="c" type="m">Dis</rhyme>,</l>
        <l id="s1:l6" met="4" type="-+">Daer Bier en Toebackjes, en goedt vyer <rhyme label="c" type="m" corresp="#s1:l5">is</rhyme>,</l>
        <l id="s1:l7" met="5" type="+-">En wilt doch mijen, (om dees tijdt van &#8216;t <rhyme label="d" type="m">Iaer</rhyme>,)</l>
        <l id="s1:l8" met="5" type="+-">Te loopen vrijen: Dies soeckt geen <rhyme label="d" type="m" corresp="#s1:l7">gevaer</rhyme>.</l>
      </lg>
      <lg id="s2" type="stanza">
        <l id="s2:l1" met="4" type="+-">Silenus Gasten, die noch zijt <rhyme label="a" type="f">Soldaten</rhyme>,</l>
        <l id="s2:l2" met="4" type="+-">En veeltijts strijden in &#8216;t opene <rhyme label="b" type="m">Veldt</rhyme>,</l>
        <l id="s2:l3" met="4" type="+-">Komt Sparen soecken, wilt d&#8217;oorelogh <rhyme label="a" type="f" corresp="#s2:l1">haten</rhyme>,</l>
        <l id="s2:l4" met="4" type="-+">Verfoeyt doch het vechten om weynigh <rhyme label="b" type="m" corresp="#s2:l2">gelt</rhyme>.</l>
        <l id="s2:l5" met="4" type="-+">En ghy Matroosen, die &#8216;t Zee-vaert voor <rhyme label="c" type="m">Man</rhyme>,</l>
        <l id="s2:l6" met="4" type="-+">Toont u als mannen, en om-hels de <rhyme label="c" type="m" corresp="#s2:l5">Kan</rhyme>:</l>
        <l id="s2:l7" met="5" type="+-">En wilt doch mijen, (om dees tijdt van &#8216;t <rhyme label="d" type="m">Iaer</rhyme>,)</l>
        <l id="s2:l8" met="5" type="+-">Te loopen vrijen: Dies soeckt geen <rhyme label="d" type="m" corresp="#s2:l7">gevaer</rhyme>.</l>
      </lg>
      <lg id="s3" type="stanza">
        <l id="s3:l1" met="4" type="+-">Schenckt Bacchus tranen in Christalle <rhyme label="a" type="f">glaesen</rhyme>,</l>
        <l id="s3:l2" met="4" type="+-">&#8216;t Gekoockte Ceres dient beter de <rhyme label="b" type="m">Kan</rhyme>,</l>
        <l id="s3:l3" met="4" type="+-">Noe &#8216;t gelt tich ein mool idoe noble <rhyme label="a" type="f" corresp="#s3:l1">baesen</rhyme>,</l>
        <l id="s3:l4" met="4" type="-+">Doer mit soo soep ick dit kroeckje hiel <rhyme label="b" type="m" corresp="#s3:l2">wan</rhyme>,</l>
        <l id="s3:l5" met="4" type="-+">Noe, noe ey vrunde en west jo nicht <rhyme label="c" type="m">dol</rhyme>,</l>
        <l id="s3:l6" met="4" type="-+">Tit wacker aen &#8216;t soepen ein yeder sich <rhyme label="c" type="m" corresp="#s3:l5">vol</rhyme>,</l>
        <l id="s3:l7" met="5" type="+-">En wilt doch mijen: (om dees tijdt van &#8216;t <rhyme label="d" type="m">Iaer</rhyme>,)</l>
        <l id="s3:l8" met="5" type="+-">Te loopen vrijen: Dies soeckt geen <rhyme label="d" type="m" corresp="#s3:l7">gevaer</rhyme>.</l>
      </lg>
      <lg id="s4" type="stanza">
        <l id="s4:l1" met="4" type="+-">Hoe loopje dus swieren als droncke <rhyme label="a" type="f">sotten</rhyme>,</l>
        <l id="s4:l2" met="4" type="+-">Voeght u aen Tafel, kom brenght ons een <rhyme label="b" type="m">Kaert</rhyme>,</l>
        <l id="s4:l3" met="4" type="+-">Om tijdt te korten laet ons eensjes <rhyme label="a" type="f" corresp="#s4:l1">Botten</rhyme>,</l>
        <l id="s4:l4" met="4" type="-+">Soo raeckt daer ruymte, wech, wech nae den <rhyme label="b" type="m" corresp="#s4:l2">haert</rhyme>:</l>
        <l id="s4:l5" met="4" type="-+">Die niet en wil speelen die voeght sich by &#8216;t <rhyme label="c" type="m">vyer</rhyme>,</l>
        <l id="s4:l6" met="4" type="-+">En drinckt een Toebackje &#8216;t zy Wijntjen of <rhyme label="c" type="m" corresp="#s4:l5">Bier</rhyme>,</l>
        <l id="s4:l7" met="5" type="+-">En wilt doch mijen, (om dees tijdt van &#8216;t <rhyme label="d" type="m">Iaer</rhyme>,)</l>
        <l id="s4:l8" met="5" type="+-">Te loope Vrijen: dies soeckt geen <rhyme label="d" type="m" corresp="#s4:l7">ghevaer</rhyme>.</l>
      </lg>
      <lg id="s5" type="stanza">
        <l id="s5:l1" met="4" type="+-">Adoes, een heeltjen, laet komen het <rhyme label="a" type="f">resje</rhyme>:</l>
        <l id="s5:l2" met="4" type="+-">Dats helder geklaert, ey pruyst een reys <rhyme label="b" type="m">an</rhyme>:</l>
        <l id="s5:l3" met="4" type="+-">Stop oock een Pijpje, reyck over het <rhyme label="a" type="f" corresp="#s5:l1">tesje</rhyme>,</l>
        <l id="s5:l4" met="4" type="-+">Toebackjes die dienen wel by de <rhyme label="b" type="m" corresp="#s5:l2">kan</rhyme>:</l>
        <l id="s5:l5" met="4" type="-+">Hy lustigh, weest vrolick en denckt om geen <rhyme label="c" type="m">leet</rhyme>:</l>
        <l id="s5:l6" met="4" type="-+">Wilt singen en springen, geen vreught en <rhyme label="c" type="m" corresp="#s5:l5">vergeet</rhyme>,</l>
        <l id="s5:l7" met="5" type="+-">En wilt doch mijen, (om dees tijdt van &#8216;t <rhyme label="d" type="m">Iaer</rhyme>,)</l>
        <l id="s5:l8" met="5" type="+-">Te loope Vrijen: Dies soeckt geen <rhyme label="d" type="m" corresp="#s5:l7">gevaer</rhyme>.</l>
      </lg>
    </lg>
  </text>
</song>