<song>
  <meta>
    <id>13738</id>
    <date>
      <year-start>1643</year-start>
      <year-end>1643</year-end>
    </date>
    <location>
      <orginal-name>haarlem</orginal-name>
      <standard-name>Haarlem, The Netherlands</standard-name>
      <coordinates>
        <lon>52.3885317</lon>
        <lat>4.6388048</lat>
      </coordinates>
    </location>
    <tags>
      <tag standard-name="liefdeslied" translation="love song">liefdeslied</tag>
      <tag standard-name="klaaglied" translation="lamentation">klaaglied</tag>
    </tags>
    <melody>Sarabande Pinel</melody>
    <categories>
      <category translation="love and sex">liefde en seks</category>
      <category translation="emotions">emoties</category>
    </categories>
  <author>Anonymous</author></meta>
  <text>
    <lg type="song">
      <lg id="s1" type="stanza">
        <l id="s1:l1" met="4" type="+-">SAl ick noch langer, ha! straffe <rhyme label="a" type="f">Godinnen</rhyme>,</l>
        <l id="s1:l2" met="4" type="+-">Suchten en treuren en leven in <rhyme label="b" type="m">smert</rhyme>,</l>
        <l id="s1:l3" met="4" type="+-">Eer dat ick u wispel-tuerige <rhyme label="a" type="f" corresp="#s1:l1">sinne</rhyme>,</l>
        <l id="s1:l4" met="4" type="+-">&#8216;t Veynsen door &#8216;t vleyen sal krijgen van &#8216;t <rhyme label="b" type="m" corresp="#s1:l2">hert</rhyme>,</l>
        <l id="s1:l5" met="5" type="-+">Of ist Goddin, vergeefs wat ik u <rhyme label="c" type="m">vraegh</rhyme>?</l>
        <l id="s1:l6" met="5" type="-+">Soo is de Min vergeefs dien ick u <rhyme label="c" type="m" corresp="#s1:l5">draegh</rhyme>,</l>
        <l id="s1:l7" met="5" type="-+">O goede goden geeft mijn Lief dat <rhyme label="d" type="m">sy</rhyme>,</l>
        <l id="s1:l8" met="5" type="-+">Wat van het lijden, lijdt dat ick nouw <rhyme label="d" type="m" corresp="#s1:l7">ly</rhyme>.</l>
      </lg>
      <lg id="s2" type="stanza">
        <l id="s2:l1" met="4" type="+-">Gelijck de Leeuwen en Beyren <rhyme label="a" type="f">vernielen</rhyme>,</l>
        <l id="s2:l2" met="4" type="+-">Grimmigh verslinden een doolende <rhyme label="b" type="m">proy</rhyme>,</l>
        <l id="s2:l3" met="4" type="+-">Zijt ghy Lief besigh my &#8216;t leven <rhyme label="a" type="f" corresp="#s2:l1">t&#8217;ontzielen</rhyme>.</l>
        <l id="s2:l4" met="4" type="+-">Dies ick wan-hoopigh mijn sinnen <rhyme label="b" type="m" corresp="#s2:l2">verstroy</rhyme>,</l>
        <l id="s2:l5" met="5" type="-+">Door veel gedachten, dat soo braven <rhyme label="c" type="m">Maeght</rhyme></l>
        <l id="s2:l6" met="5" type="-+">&#8216;t Hert van de Leeuwen in haer boesem <rhyme label="c" type="m" corresp="#s2:l5">draeght</rhyme>,</l>
        <l id="s2:l7" met="5" type="-+">Of ist een proef om eens te sien mijn <rhyme label="d" type="m">Min</rhyme>,</l>
        <l id="s2:l8" met="5" type="-+">Soo staeckt u veynsen, lief siet hier mijn <rhyme label="d" type="m" corresp="#s2:l7">sin</rhyme>.</l>
      </lg>
      <lg id="s3" type="stanza">
        <l id="s3:l1" met="4" type="+-">Soo langh het gesicht de lucht sal <rhyme label="a" type="f">aenschouwen</rhyme>,</l>
        <l id="s3:l2" met="4" type="+-">Soo langh als de tongh sal geven <rhyme label="b" type="m">geluyt</rhyme>,</l>
        <l id="s3:l3" met="4" type="+-">Soo langh als ick aessem in&#8217;t lichaem sal <rhyme label="a" type="f" corresp="#s3:l1">houwen</rhyme>,</l>
        <l id="s3:l4" met="4" type="+-">Soo langh tot de doodt mijn oogen <rhyme label="b" type="m" corresp="#s3:l2">toe-sluyt</rhyme>,</l>
        <l id="s3:l5" met="5" type="-+">Sal ick u zijn getrouw mijn tweede <rhyme label="c" type="m">ziel</rhyme>,</l>
        <l id="s3:l6" met="5" type="-+">Dus wendt u oogen en siet waer ick <rhyme label="c" type="m" corresp="#s3:l5">kniel</rhyme>,</l>
        <l id="s3:l7" met="5" type="-+">Geen meer pijn op d&#8217;aerd&#8217; als een die <rhyme label="d" type="m">mint</rhyme>,</l>
        <l id="s3:l8" met="5" type="-+">En hy aen wien hy vleyt geen Weer-liefd <rhyme label="d" type="m" corresp="#s3:l7">vint</rhyme>.</l>
      </lg>
      <lg id="s4" type="stanza">
        <l id="s4:l1" met="4" type="+-">Quellende sal ick mijn leven nu <rhyme label="a" type="f">enden</rhyme>,</l>
        <l id="s4:l2" met="4" type="+-">Storten mijn tranen beschreyen den <rhyme label="b" type="m">dagh</rhyme>,</l>
        <l id="s4:l3" met="4" type="+-">Dat ick u van mijn leven oyt <rhyme label="a" type="f" corresp="#s4:l1">kenden</rhyme>,</l>
        <l id="s4:l4" met="4" type="+-">Nu ick u niet verkrijgen en <rhyme label="b" type="m" corresp="#s4:l2">mach</rhyme>,</l>
        <l id="s4:l5" met="5" type="-+">Vaert wel, ha schoone Maeght, siet wat ghy <rhyme label="c" type="m">doet</rhyme>,</l>
        <l id="s4:l6" met="5" type="-+">Ghy zijt te keurigh in u dwaes <rhyme label="c" type="m" corresp="#s4:l5">gemoet</rhyme>,</l>
        <l id="s4:l7" met="5" type="-+">Ick wensch schoon Lief dat ghy met meerder <rhyme label="d" type="m">paert</rhyme>,</l>
        <l id="s4:l8" met="5" type="-+">En dat de goede Godt mij  ziel <rhyme label="d" type="m" corresp="#s4:l7">bewaert</rhyme>.</l>
      </lg>
    </lg>
  </text>
</song>