<song>
  <meta>
    <id>13736</id>
    <date>
      <year-start>1643</year-start>
      <year-end>1643</year-end>
    </date>
    <location>
      <orginal-name>haarlem</orginal-name>
      <standard-name>Haarlem, The Netherlands</standard-name>
      <coordinates>
        <lon>52.3885317</lon>
        <lat>4.6388048</lat>
      </coordinates>
    </location>
    <tags>
      <tag standard-name="liefdeslied" translation="love song">liefdeslied</tag>
    </tags>
    <melody>Dimmi donna crudel</melody>
    <categories>
      <category translation="love and sex">liefde en seks</category>
    </categories>
  <author>Anonymous</author></meta>
  <text>
    <lg type="song">
      <lg id="s1" type="stanza">
        <l id="s1:l1" met="3" type="-+">Geluckigh schijnt de <rhyme label="a" type="m">Nacht</rhyme>,</l>
        <l id="s1:l2" met="2" type="-+">Voor mijn te <rhyme label="b" type="f">weesen</rhyme>,</l>
        <l id="s1:l3" met="3" type="-+">Niet anders dan de <rhyme label="a" type="m" corresp="#s1:l1">wacht</rhyme>,</l>
        <l id="s1:l4" met="2" type="-+">Heb ick te <rhyme label="b" type="f" corresp="#s1:l2">vreesen</rhyme>.</l>
        <l id="s1:l5" met="2" type="-+">De tijdt soo <rhyme label="c" type="m">t&#8217;schijnt</rhyme>,</l>
        <l id="s1:l6" met="3" type="-+">Is tot mijn Min <rhyme label="d" type="f">genegen</rhyme>,</l>
        <l id="s1:l7" met="3" type="-+">De deuren Vensters <rhyme label="e" type="m">dicht</rhyme>,</l>
        <l id="s1:l8" met="3" type="-+">De Luch gantsch sonder <rhyme label="e" type="m" corresp="#s1:l7">licht</rhyme>,</l>
        <l id="s1:l9" met="3" type="-+">Ick wacht de Minnaers <rhyme label="e" type="m" corresp="#s1:l7">plicht</rhyme>,</l>
        <l id="s1:l10" met="2" type="-+">Vry-postigh <rhyme label="d" type="f" corresp="#s1:l6">plegen</rhyme>.</l>
      </lg>
      <lg id="s2" type="stanza">
        <l id="s2:l1" met="3" type="-+">Indien ick oyt <rhyme label="a" type="m">faveur</rhyme>,</l>
        <l id="s2:l2" met="2" type="-+">Van u mocht <rhyme label="b" type="f">hopen</rhyme>,</l>
        <l id="s2:l3" met="3" type="-+">Soo bidd&#8217; ick doet u <rhyme label="a" type="m" corresp="#s2:l1">Deur</rhyme>,</l>
        <l id="s2:l4" met="2" type="-+">Voor mijn eens <rhyme label="b" type="f" corresp="#s2:l2">open</rhyme>,</l>
        <l id="s2:l5" met="2" type="-+">Dat ick ten <rhyme label="c" type="m">minsten</rhyme>,</l>
        <l id="s2:l6" met="3" type="-+">Lief u eens mach <rhyme label="d" type="f">spreken</rhyme>,</l>
        <l id="s2:l7" met="3" type="-+">Of kan dat niet <rhyme label="e" type="m">geschien</rhyme>,</l>
        <l id="s2:l8" met="3" type="-+">Soo bid ick op mijn <rhyme label="e" type="m" corresp="#s2:l7">knien</rhyme>,</l>
        <l id="s2:l9" met="3" type="-+">Dat ick u eens mach <rhyme label="e" type="m" corresp="#s2:l7">sien</rhyme>,</l>
        <l id="s2:l10" met="2" type="-+">Of &#8216;t hert moet <rhyme label="d" type="f" corresp="#s2:l6">breken</rhyme>.</l>
      </lg>
      <lg id="s3" type="stanza">
        <l id="s3:l1" met="3" type="-+">Hoe &#8216;t vriest, hoe &#8216;tbuyt of <rhyme label="a" type="m">weert</rhyme>,</l>
        <l id="s3:l2" met="2" type="-+">Wat mijn <rhyme label="b" type="f">bejegent</rhyme>,</l>
        <l id="s3:l3" met="3" type="-+">Geen Killigh, kou mijn <rhyme label="a" type="m" corresp="#s3:l1">deert</rhyme>,</l>
        <l id="s3:l4" met="2" type="-+">Hoe &#8216;t waeyt of <rhyme label="b" type="f" corresp="#s3:l2">regent</rhyme>,</l>
        <l id="s3:l5" met="2" type="-+">Geen wint of <rhyme label="c" type="m">water</rhyme>,</l>
        <l id="s3:l6" met="3" type="-+">Sal mijn brandt <rhyme label="d" type="f">verkoelen</rhyme>,</l>
        <l id="s3:l7" met="3" type="-+">Geen schrick of <rhyme label="e" type="m">spokery</rhyme>,</l>
        <l id="s3:l8" met="3" type="-+">Verhindert mijn <rhyme label="e" type="m" corresp="#s3:l7">gevry</rhyme>,</l>
        <l id="s3:l9" met="3" type="-+">De meeste pijn doet <rhyme label="e" type="m" corresp="#s3:l7">ghy</rhyme>,</l>
        <l id="s3:l10" met="2" type="-+">Mijn lief <rhyme label="d" type="f" corresp="#s3:l6">gevoelen</rhyme>.</l>
      </lg>
      <lg id="s4" type="stanza">
        <l id="s4:l1" met="3" type="-+">De droeve nacht <rhyme label="a" type="m">verdwijnt</rhyme>,</l>
        <l id="s4:l2" met="2" type="-+">Ik sie de <rhyme label="b" type="f">stralen</rhyme>,</l>
        <l id="s4:l3" met="3" type="-+">Ik sal bedroeft soo &#8216;t <rhyme label="a" type="m" corresp="#s4:l1">schijnt</rhyme>.</l>
        <l id="s4:l4" met="2" type="-+">Weer moeten <rhyme label="b" type="f" corresp="#s4:l2">dwalen</rhyme>,</l>
        <l id="s4:l5" met="2" type="-+">Helaes ick <rhyme label="c" type="m">ben</rhyme></l>
        <l id="s4:l6" met="3" type="-+">tot slaverny <rhyme label="d" type="f">ghebooren</rhyme>,</l>
        <l id="s4:l7" met="3" type="-+">Geen meerder leer noch <rhyme label="e" type="m">rouw</rhyme>,</l>
        <l id="s4:l8" met="3" type="-+">Als die sijn waerde <rhyme label="e" type="m" corresp="#s4:l7">Vrouw</rhyme>,</l>
        <l id="s4:l9" met="3" type="-+">Weer soeckt op eer en <rhyme label="e" type="m" corresp="#s4:l7">trouw</rhyme>,</l>
        <l id="s4:l10" met="2" type="-+">En mint <rhyme label="d" type="f" corresp="#s4:l6">verloren</rhyme>.</l>
      </lg>
    </lg>
  </text>
</song>