<song>
  <meta>
    <id>13730</id>
    <date>
      <year-start>1643</year-start>
      <year-end>1643</year-end>
    </date>
    <location>
      <orginal-name>haarlem</orginal-name>
      <standard-name>Haarlem, The Netherlands</standard-name>
      <coordinates>
        <lon>52.3885317</lon>
        <lat>4.6388048</lat>
      </coordinates>
    </location>
    <tags>
      <tag standard-name="mythologisch lied" translation="mythological song">mythologisch lied</tag>
    </tags>
    <melody>Comtesse de Corsol</melody>
    <categories>
      <category translation="narratives">verhalen</category>
    </categories>
  <author>Anonymous</author></meta>
  <text>
    <lg type="song">
      <lg id="s1" type="stanza">
        <l id="s1:l1" met="3" type="-+">O Geylheyts snoode <rhyme label="a" type="m">daet</rhyme>,</l>
        <l id="s1:l2" met="3" type="-+">Waer kon oyt quader <rhyme label="a" type="m" corresp="#s1:l1">quaet</rhyme>,</l>
        <l id="s1:l3" met="3" type="-+">Een suyvre ziel <rhyme label="b" type="f">bestrijden</rhyme>,</l>
        <l id="s1:l4" met="3" type="-+">Als dese maeght <rhyme label="c" type="m">bestreen</rhyme>,</l>
        <l id="s1:l5" met="3" type="-+">Van u, o <rhyme label="c" type="m" corresp="#s1:l4">Andromeen</rhyme>,</l>
        <l id="s1:l6" met="3" type="-+">Most eer verplettingh <rhyme label="b" type="f" corresp="#s1:l3">lijden</rhyme>.</l>
      </lg>
      <lg id="s2" type="stanza">
        <l id="s2:l1" met="3" type="-+">Temoclea leed <rhyme label="a" type="m">schant</rhyme>,</l>
        <l id="s2:l2" met="3" type="-+">Soo drae u snoode <rhyme label="a" type="m" corresp="#s2:l1">hant</rhyme>,</l>
        <l id="s2:l3" met="3" type="-+">Haer eerbaerheyt quam <rhyme label="b" type="f">pletten</rhyme>,</l>
        <l id="s2:l4" met="3" type="-+">Haer kuysheyt <rhyme label="c" type="m">verloor</rhyme>:</l>
        <l id="s2:l5" met="3" type="-+">Doch niet-te-min <rhyme label="c" type="m" corresp="#s2:l4">verkoor</rhyme>,</l>
        <l id="s2:l6" met="3" type="-+">Vrouw Vestas suyvre <rhyme label="b" type="f" corresp="#s2:l3">Wetten</rhyme>.</l>
      </lg>
      <lg id="s3" type="stanza">
        <l id="s3:l1" met="3" type="-+">Haer eerbaerheyt bleef <rhyme label="a" type="m">heel</rhyme>,</l>
        <l id="s3:l2" met="3" type="-+">Vermits in geene <rhyme label="a" type="m" corresp="#s3:l1">deel</rhyme>,</l>
        <l id="s3:l3" met="3" type="-+">Haer hert dees snoodtheyt <rhyme label="b" type="f">wrochte</rhyme>,</l>
        <l id="s3:l4" met="3" type="-+">Haer eer hebt ghy <rhyme label="c" type="m">verkracht</rhyme>,</l>
        <l id="s3:l5" met="3" type="-+">Doch maeckt haer meer <rhyme label="c" type="m" corresp="#s3:l4">geacht</rhyme>,</l>
        <l id="s3:l6" met="3" type="-+">Mits sy &#8216;t u dier <rhyme label="b" type="f" corresp="#s3:l3">verkochte</rhyme>.</l>
      </lg>
      <lg id="s4" type="stanza">
        <l id="s4:l1" met="3" type="-+">O snoode <rhyme label="a" type="m">Andromeen</rhyme>,</l>
        <l id="s4:l2" met="3" type="-+">Die kuysheyt niet <rhyme label="a" type="m" corresp="#s4:l1">alleen</rhyme>,</l>
        <l id="s4:l3" met="3" type="-+">Socht van dees Maeght te <rhyme label="b" type="f">rooven</rhyme>:</l>
        <l id="s4:l4" met="3" type="-+">Maer loert noch op&#8217;er <rhyme label="c" type="m">schat</rhyme>,</l>
        <l id="s4:l5" met="3" type="-+">Dies sy een moet weer <rhyme label="c" type="m" corresp="#s4:l4">vat</rhyme>,</l>
        <l id="s4:l6" met="3" type="-+">Om u de ziel <rhyme label="b" type="f" corresp="#s4:l3">t&#8217;ontrooven</rhyme>.</l>
      </lg>
      <lg id="s5" type="stanza">
        <l id="s5:l1" met="3" type="-+">Doen ghy u snoode <rhyme label="a" type="m">lust</rhyme>,</l>
        <l id="s5:l2" met="3" type="-+">Had aen dees Maecht <rhyme label="a" type="m" corresp="#s5:l1">geblust</rhyme>,</l>
        <l id="s5:l3" met="3" type="-+">En had haer eer <rhyme label="b" type="f">genomen</rhyme>.</l>
        <l id="s5:l4" met="3" type="-+">Soo loert ghy noch op &#8216;t <rhyme label="c" type="m">goet</rhyme>:</l>
        <l id="s5:l5" met="3" type="-+">Waer over ghy u <rhyme label="c" type="m" corresp="#s5:l4">bloedt</rhyme>,</l>
        <l id="s5:l6" met="3" type="-+">Deed&#8217; op de straten <rhyme label="b" type="f" corresp="#s5:l3">stromen</rhyme>.</l>
      </lg>
    </lg>
  </text>
</song>