<song>
  <meta>
    <id>13733</id>
    <date>
      <year-start>1643</year-start>
      <year-end>1643</year-end>
    </date>
    <location>
      <orginal-name>haarlem</orginal-name>
      <standard-name>Haarlem, The Netherlands</standard-name>
      <coordinates>
        <lon>52.3885317</lon>
        <lat>4.6388048</lat>
      </coordinates>
    </location>
    <tags>
      <tag standard-name="herderslied" translation="pastoral song">herderslied</tag>
      <tag standard-name="klaaglied" translation="lamentation">klaaglied</tag>
    </tags>
    <melody>Cette cruelle</melody>
    <categories>
      <category translation="love and sex">liefde en seks</category>
      <category translation="emotions">emoties</category>
    </categories>
  <author>Anonymous</author></meta>
  <text>
    <lg type="song">
      <lg id="s1" type="stanza">
        <l id="s1:l1" met="5" type="-+">MYn Beesjens om haer Herder, uyt <rhyme label="a" type="f">mee-dogen</rhyme>,</l>
        <l id="s1:l2" met="5" type="-+">Gaen treurigh grasen door de groene <rhyme label="b" type="m">Wey</rhyme>,</l>
        <l id="s1:l3" met="4" type="-+">De Boomtjens zijn met mijn <rhyme label="a" type="f" corresp="#s1:l1">bewoghen</rhyme>,</l>
        <l id="s1:l4" met="5" type="-+">En d&#8217;Echo bootst my nae, een droef <rhyme label="b" type="m" corresp="#s1:l2">geschrey</rhyme>:</l>
        <l id="s1:l5" met="2" type="-+">Iae self de <rhyme label="c" type="f">steenen</rhyme>,</l>
        <l id="s1:l6" met="3" type="+-">Schijnen (hoe <rhyme label="d" type="m">verhart</rhyme>)</l>
        <l id="s1:l7" met="2" type="+-">Met my te <rhyme label="c" type="f" corresp="#s1:l5">weenen</rhyme>,</l>
        <l id="s1:l8" met="3" type="+-">Om my groote <rhyme label="d" type="m" corresp="#s1:l6">smart</rhyme>,</l>
        <l id="s1:l9" met="3" type="-+">Daer me Lerind my <rhyme label="d" type="m" corresp="#s1:l6">tart</rhyme>.</l>
      </lg>
      <lg id="s2" type="stanza">
        <l id="s2:l1" met="5" type="-+">En sal dit al o straffe <rhyme label="a" type="f">Herderinne</rhyme>,</l>
        <l id="s2:l2" met="5" type="-+">V keysele boesem kneden <rhyme label="b" type="m">nimmermeer</rhyme>?</l>
        <l id="s2:l3" met="4" type="-+">Ick die u draegh gestaege <rhyme label="a" type="f" corresp="#s2:l1">Minne</rhyme>,</l>
        <l id="s2:l4" met="5" type="-+">En sal ick niet, genieten eens de <rhyme label="b" type="m" corresp="#s2:l2">eer</rhyme>,</l>
        <l id="s2:l5" met="2" type="-+">Dat ick mach <rhyme label="c" type="f">roemen</rhyme>,</l>
        <l id="s2:l6" met="3" type="+-">V Dienaer te <rhyme label="d" type="m">zijn</rhyme>,</l>
        <l id="s2:l7" met="2" type="+-">Ey schoone <rhyme label="c" type="f" corresp="#s2:l5">Bloeme</rhyme>,</l>
        <l id="s2:l8" met="3" type="+-">Koom verlicht mijn <rhyme label="d" type="m" corresp="#s2:l6">pijn</rhyme>.</l>
        <l id="s2:l9" met="3" type="-+">En zijt mijn <rhyme label="d" type="m" corresp="#s2:l6">Medecijn</rhyme>.</l>
      </lg>
      <lg id="s3" type="stanza">
        <l id="s3:l1" met="5" type="-+">Soo sal u den Hemel weder <rhyme label="a" type="f">loonen</rhyme>,</l>
        <l id="s3:l2" met="5" type="-+">En seg&#8217; u en u Wolligh-rijcke <rhyme label="b" type="m">Vee</rhyme>,</l>
        <l id="s3:l3" met="4" type="-+">De Maeghden sullen u met kransjens <rhyme label="a" type="f" corresp="#s3:l1">kroonen</rhyme>,</l>
        <l id="s3:l4" met="5" type="-+">Gehecht heel cierlick op mijn <rhyme label="b" type="m" corresp="#s3:l2">gebee</rhyme>,</l>
        <l id="s3:l5" met="2" type="-+">Laet u <rhyme label="c" type="f">bewegen</rhyme>,</l>
        <l id="s3:l6" met="3" type="+-">Lieve Herders <rhyme label="d" type="m">Kindt</rhyme>,</l>
        <l id="s3:l7" met="2" type="+-">En zijt <rhyme label="c" type="f" corresp="#s3:l5">genegen</rhyme>,</l>
        <l id="s3:l8" met="3" type="+-">Die u heeft <rhyme label="d" type="m" corresp="#s3:l6">gesindt</rhyme>,</l>
        <l id="s3:l9" met="3" type="-+">En als sijn schat <rhyme label="d" type="m" corresp="#s3:l6">bemint</rhyme>.</l>
      </lg>
    </lg>
  </text>
</song>