<song>
  <meta>
    <id>13734</id>
    <date>
      <year-start>1643</year-start>
      <year-end>1643</year-end>
    </date>
    <location>
      <orginal-name>haarlem</orginal-name>
      <standard-name>Haarlem, The Netherlands</standard-name>
      <coordinates>
        <lon>52.3885317</lon>
        <lat>4.6388048</lat>
      </coordinates>
    </location>
    <tags>
      <tag standard-name="herderslied" translation="pastoral song">herderslied</tag>
    </tags>
    <melody>C'est trop courir les eaux</melody>
    <categories>
      <category translation="love and sex">liefde en seks</category>
    </categories>
  <author>Anonymous</author></meta>
  <text>
    <lg type="song">
      <lg id="s1" type="stanza">
        <l id="s1:l1" met="3" type="-+">TOeft, Galathe <rhyme label="a" type="m">vertoeft</rhyme>,</l>
        <l id="s1:l2" met="3" type="-+">Schroomt ghy niet voor &#8216;t <rhyme label="a" type="m" corresp="#s1:l1">geboeft</rhyme>,</l>
        <l id="s1:l3" met="3" type="-+">Die sich in&#8217;t naere <rhyme label="b" type="m">Wout</rhyme>,</l>
        <l id="s1:l4" met="3" type="-+">En hoogh-getopte <rhyme label="c" type="m">blaen</rhyme>,</l>
        <l id="s1:l5" met="3" type="-+">Of in de <rhyme label="c" type="m" corresp="#s1:l4">Claver-laen</rhyme>,</l>
        <l id="s1:l6" met="3" type="-+">Op Maeghde-schennis <rhyme label="b" type="m" corresp="#s1:l3">Hout</rhyme>.</l>
      </lg>
      <lg id="s2" type="stanza">
        <l id="s2:l1" met="3" type="-+">Comt neemt u Thirsis <rhyme label="a" type="m">mee</rhyme>,</l>
        <l id="s2:l2" met="3" type="-+">Die u gewolde <rhyme label="a" type="m" corresp="#s2:l1">Vee</rhyme>,</l>
        <l id="s2:l3" met="3" type="-+">In d&#8217;alder-grootste <rhyme label="b" type="m">noot</rhyme>,</l>
        <l id="s2:l4" met="3" type="-+">Niet en verlaten <rhyme label="c" type="m">sal</rhyme>,</l>
        <l id="s2:l5" met="3" type="-+">Schoon dat my &#8216;t luck <rhyme label="c" type="m" corresp="#s2:l4">geval</rhyme>,</l>
        <l id="s2:l6" met="3" type="-+">Geheel de rugge <rhyme label="b" type="m" corresp="#s2:l3">boot</rhyme>.</l>
      </lg>
      <lg id="s3" type="stanza">
        <l id="s3:l1" met="3" type="-+">Denckt ghy niet meer hoe <rhyme label="a" type="m">vaeck</rhyme>,</l>
        <l id="s3:l2" met="3" type="-+">Dat wy tot ons <rhyme label="a" type="m" corresp="#s3:l1">vermaek</rhyme>,</l>
        <l id="s3:l3" met="3" type="-+">Rusten in&#8217;t <rhyme label="b" type="m">Claver-gras</rhyme>,</l>
        <l id="s3:l4" met="3" type="-+">Terwijl ons wolligh <rhyme label="c" type="m">Vee</rhyme>,</l>
        <l id="s3:l5" met="3" type="-+">Sich graesde <rhyme label="c" type="m" corresp="#s3:l4">liever-lee</rhyme>,</l>
        <l id="s3:l6" met="3" type="-+">Bevrijt van snoodt <rhyme label="b" type="m" corresp="#s3:l3">gebas</rhyme>.</l>
      </lg>
      <lg id="s4" type="stanza">
        <l id="s4:l1" met="3" type="-+">Ach als ick denck hoe <rhyme label="a" type="m">soet</rhyme>:</l>
        <l id="s4:l2" met="3" type="-+">Wy swommen in de <rhyme label="a" type="m" corresp="#s4:l1">vloet</rhyme>,</l>
        <l id="s4:l3" met="3" type="-+">Van onse lusjes <rhyme label="b" type="m">bey</rhyme>,</l>
        <l id="s4:l4" met="3" type="-+">Doen ick en ghy <rhyme label="c" type="m">genoot</rhyme>,</l>
        <l id="s4:l5" met="3" type="-+">&#8216;t Geen ons Natura <rhyme label="c" type="m" corresp="#s4:l4">boot</rhyme>,</l>
        <l id="s4:l6" met="3" type="-+">In&#8217;t groene <rhyme label="b" type="m" corresp="#s4:l3">Claver-wey</rhyme>.</l>
      </lg>
      <lg id="s5" type="stanza">
        <l id="s5:l1" met="3" type="-+">De Boomtjes zijn <rhyme label="a" type="m">getuygh</rhyme>,</l>
        <l id="s5:l2" met="3" type="-+">En &#8216;t langh-gewosse <rhyme label="a" type="m" corresp="#s5:l1">ruygh</rhyme>,</l>
        <l id="s5:l3" met="3" type="-+">Hoe dickmael ick <rhyme label="b" type="m">genoot</rhyme>,</l>
        <l id="s5:l4" met="3" type="-+">De lusjes van u <rhyme label="c" type="m">jeucht</rhyme>,</l>
        <l id="s5:l5" met="3" type="-+">En d&#8217;over-groote <rhyme label="c" type="m" corresp="#s5:l4">vreught</rhyme>,</l>
        <l id="s5:l6" met="3" type="-+">Vws Maeghdelijcke <rhyme label="b" type="m" corresp="#s5:l3">schoot</rhyme>.</l>
      </lg>
      <lg id="s6" type="stanza">
        <l id="s6:l1" met="3" type="-+">En nu neemt ghy de <rhyme label="a" type="m">vlucht</rhyme>,</l>
        <l id="s6:l2" met="3" type="-+">En acht niet &#8216;t geen ick <rhyme label="a" type="m" corresp="#s6:l1">sucht</rhyme>.</l>
        <l id="s6:l3" met="3" type="-+">Doch ick heb wel <rhyme label="b" type="m">verstaen</rhyme>,</l>
        <l id="s6:l4" met="3" type="-+">Wat dat de oorsaeck <rhyme label="c" type="m">is</rhyme>,</l>
        <l id="s6:l5" met="3" type="-+">&#8216;Tis Cloris is dat <rhyme label="c" type="m" corresp="#s6:l4">mis</rhyme>?</l>
        <l id="s6:l6" met="3" type="-+">Wiens gelt u heeft <rhyme label="b" type="m" corresp="#s6:l3">gevaen</rhyme>.</l>
      </lg>
    </lg>
  </text>
</song>