<song>
  <meta>
    <id>13737</id>
    <date>
      <year-start>1643</year-start>
      <year-end>1643</year-end>
    </date>
    <location>
      <orginal-name>haarlem</orginal-name>
      <standard-name>Haarlem, The Netherlands</standard-name>
      <coordinates>
        <lon>52.3885317</lon>
        <lat>4.6388048</lat>
      </coordinates>
    </location>
    <tags>
      <tag standard-name="bruiloftslied" translation="wedding song">bruiloftslied</tag>
    </tags>
    <melody>Polyphemus aan de stranden</melody>
    <categories>
      <category translation="cycle of life">levenscyclus</category>
    </categories>
  <author>Anonymous</author></meta>
  <text>
    <lg type="song">
      <lg id="s1" type="stanza">
        <l id="s1:l1" met="4" type="+-">EEn die hem wil <rhyme label="a" type="f">onderwinden</rhyme>,</l>
        <l id="s1:l2" met="2" type="+-">Yets te <rhyme label="a" type="f" corresp="#s1:l1">vinden</rhyme>,</l>
        <l id="s1:l3" met="4" type="+-">Daer sijn geest vermaeck in <rhyme label="b" type="m">vint</rhyme>,</l>
        <l id="s1:l4" met="4" type="+-">Soo hem &#8216;t Herte treckt tot <rhyme label="c" type="f">jagen</rhyme>,</l>
        <l id="s1:l5" met="2" type="+-">Moet <rhyme label="c" type="f" corresp="#s1:l4">verdragen</rhyme>,</l>
        <l id="s1:l6" met="4" type="+-">Regen, vlaghen, storm en <rhyme label="b" type="m" corresp="#s1:l3">wint</rhyme>.</l>
      </lg>
      <lg id="s2" type="stanza">
        <l id="s2:l1" met="4" type="+-">Wilder yemandt vreemde <rhyme label="a" type="f">steden</rhyme>,</l>
        <l id="s2:l2" met="2" type="+-">Gaen <rhyme label="a" type="f" corresp="#s2:l1">betreden</rhyme>,</l>
        <l id="s2:l3" met="4" type="+-">Verr-gelegen van sijn <rhyme label="b" type="m">Landt</rhyme>,</l>
        <l id="s2:l4" met="4" type="+-">Die stelt het gemack ter <rhyme label="c" type="f">zijden</rhyme>,</l>
        <l id="s2:l5" met="2" type="+-">En moet <rhyme label="c" type="f" corresp="#s2:l4">lijden</rhyme>,</l>
        <l id="s2:l6" met="4" type="+-">Ongemack aen elcken <rhyme label="b" type="m" corresp="#s2:l3">kant</rhyme>.</l>
      </lg>
      <lg id="s3" type="stanza">
        <l id="s3:l1" met="4" type="+-">Vindt yemandt vermaeck in <rhyme label="a" type="f">desen</rhyme>,</l>
        <l id="s3:l2" met="2" type="+-">Om te <rhyme label="a" type="f" corresp="#s3:l1">wesen</rhyme></l>
        <l id="s3:l3" met="4" type="+-">Op der hoogen Bergen <rhyme label="b" type="m">kruyn</rhyme>,</l>
        <l id="s3:l4" met="4" type="+-">Die en moet de moeyt niet <rhyme label="c" type="f">schromen</rhyme>,</l>
        <l id="s3:l5" met="2" type="+-">Om te <rhyme label="c" type="f" corresp="#s3:l4">komen</rhyme>,</l>
        <l id="s3:l6" met="4" type="+-">Op den hoogh bezanden <rhyme label="b" type="m" corresp="#s3:l3">Duyn</rhyme></l>
      </lg>
      <lg id="s4" type="stanza">
        <l id="s4:l1" met="4" type="+-">Stelt hem yemandt om te <rhyme label="a" type="f">Vryen</rhyme>,</l>
        <l id="s4:l2" met="2" type="+-">Die moet <rhyme label="a" type="f" corresp="#s4:l1">lijen</rhyme>,</l>
        <l id="s4:l3" met="4" type="+-">Nijders tongh en Schimpers <rhyme label="b" type="m">mondt</rhyme>,</l>
        <l id="s4:l4" met="4" type="+-">Die moet duldigh leeren <rhyme label="c" type="f">dragen</rhyme>,</l>
        <l id="s4:l5" met="2" type="+-">Sulcke <rhyme label="c" type="f" corresp="#s4:l4">slagen</rhyme>,</l>
        <l id="s4:l6" met="4" type="+-">Dat hem &#8216;t innich herte <rhyme label="b" type="m" corresp="#s4:l3">wondt</rhyme>.</l>
      </lg>
      <lg id="s5" type="stanza">
        <l id="s5:l1" met="4" type="+-">Die Nephtuni Rijck <rhyme label="a" type="f">bevaeren</rhyme>,</l>
        <l id="s5:l2" met="2" type="+-">Quelt de <rhyme label="a" type="f" corresp="#s5:l1">baren</rhyme>,</l>
        <l id="s5:l3" met="4" type="+-">Door de Winden <rhyme label="b" type="m">om-geroert</rhyme>,</l>
        <l id="s5:l4" met="4" type="+-">Die haer drijft dan gints en <rhyme label="c" type="f">weder</rhyme>,</l>
        <l id="s5:l5" met="2" type="+-">Op en <rhyme label="c" type="f" corresp="#s5:l4">neder</rhyme>,</l>
        <l id="s5:l6" met="4" type="+-">Worden hier en daer <rhyme label="b" type="m" corresp="#s5:l3">vervoert</rhyme>.</l>
      </lg>
      <lg id="s6" type="stanza">
        <l id="s6:l1" met="4" type="+-">Maer die op de Minne <rhyme label="a" type="f">stroomen</rhyme>,</l>
        <l id="s6:l2" met="2" type="+-">Eenmael <rhyme label="a" type="f" corresp="#s6:l1">komen</rhyme>,</l>
        <l id="s6:l3" met="4" type="+-">Krijgen al veel meer <rhyme label="b" type="m">onweer</rhyme>,</l>
        <l id="s6:l4" met="4" type="+-">Haet en nijdt en <rhyme label="c" type="f">achter-klappers</rhyme>,</l>
        <l id="s6:l5" met="2" type="+-">Vuyle <rhyme label="c" type="f" corresp="#s6:l4">snappers</rhyme>,</l>
        <l id="s6:l6" met="4" type="+-">Gelt Beminders, en noch <rhyme label="b" type="m" corresp="#s6:l3">meer</rhyme>.</l>
      </lg>
      <lg id="s7" type="stanza">
        <l id="s7:l1" met="4" type="+-">Dese als des Duvels <rhyme label="a" type="f">Knechten</rhyme>,</l>
        <l id="s7:l2" met="2" type="+-">Steets <rhyme label="a" type="f" corresp="#s7:l1">bevechten</rhyme>,</l>
        <l id="s7:l3" met="4" type="+-">&#8216;t Minnaers-schip aen elcken <rhyme label="b" type="m">kant</rhyme>,</l>
        <l id="s7:l4" met="4" type="+-">Willen hem te rugh doen <rhyme label="c" type="f">blijven</rhyme>,</l>
        <l id="s7:l5" met="2" type="+-">Of doen <rhyme label="c" type="f" corresp="#s7:l4">drijven</rhyme>,</l>
        <l id="s7:l6" met="4" type="+-">Op een Klip oft harden <rhyme label="b" type="m" corresp="#s7:l3">strant</rhyme>.</l>
      </lg>
      <lg id="s8" type="stanza">
        <l id="s8:l1" met="4" type="+-">Bruydegom ghy hebt <rhyme label="a" type="f">door-varen</rhyme>,</l>
        <l id="s8:l2" met="2" type="+-">Dese <rhyme label="a" type="f" corresp="#s8:l1">baren</rhyme>,</l>
        <l id="s8:l3" met="4" type="+-">Een behouden Haven <rhyme label="b" type="m">in</rhyme>,</l>
        <l id="s8:l4" met="4" type="+-">Hier is &#8216;t eynd van u <rhyme label="c" type="f">verlangen</rhyme>,</l>
        <l id="s8:l5" met="2" type="+-">Wilt <rhyme label="c" type="f" corresp="#s8:l4">ontfangen</rhyme>,</l>
        <l id="s8:l6" met="4" type="+-">&#8217;t Loon van u getrouwe <rhyme label="b" type="m" corresp="#s8:l3">Min</rhyme>.</l>
      </lg>
    </lg>
  </text>
</song>