<song>
  <meta>
    <id>13743</id>
    <date>
      <year-start>1643</year-start>
      <year-end>1643</year-end>
    </date>
    <location>
      <orginal-name>haarlem</orginal-name>
      <standard-name>Haarlem, The Netherlands</standard-name>
      <coordinates>
        <lon>52.3885317</lon>
        <lat>4.6388048</lat>
      </coordinates>
    </location>
    <tags>
      <tag standard-name="liefdeslied" translation="love song">liefdeslied</tag>
    </tags>
    <melody>Amarilli mia bella</melody>
    <categories>
      <category translation="love and sex">liefde en seks</category>
    </categories>
  <author>Anonymous</author></meta>
  <text>
    <lg type="song">
      <lg id="s1" type="stanza">
        <l id="s1:l1" met="3" type="+-">LEonora mijn <rhyme label="a" type="f">schooner</rhyme>,</l>
        <l id="s1:l2" met="5" type="-+">Die door u soet ghesicht mijn hout <rhyme label="b" type="f">gevangen</rhyme>,</l>
        <l id="s1:l3" met="3" type="-+">Seght eens mijn liefd&#8217; hoe <rhyme label="b" type="f" corresp="#s1:l2">lange</rhyme>,</l>
        <l id="s1:l4" met="5" type="-+">Sal uwe slaef geboeyt zijn met u <rhyme label="c" type="f">banden</rhyme>?</l>
        <l id="s1:l5" met="3" type="-+">Of sal hy moeten <rhyme label="c" type="f" corresp="#s1:l4">stranden</rhyme></l>
        <l id="s1:l6" met="5" type="-+">Op liefdens klippen? ach! hemel wilt my <rhyme label="d" type="f">hoeden</rhyme>,</l>
        <l id="s1:l7" met="6" type="-+">Leonora, Leonora, Leonora staeckt u <rhyme label="d" type="f" corresp="#s1:l6">woeden</rhyme>.</l>
      </lg>
      <lg id="s2" type="stanza">
        <l id="s2:l1" met="3" type="+-">Wilt ghy Goddin dan <rhyme label="a" type="f">hooren</rhyme>,</l>
        <l id="s2:l2" met="5" type="-+">Dat men verwijten sal u <rhyme label="b" type="f">schoonigheden</rhyme>,</l>
        <l id="s2:l3" met="3" type="-+">Verselt met <rhyme label="b" type="f" corresp="#s2:l2">stuersigheden</rhyme>,</l>
        <l id="s2:l4" met="5" type="-+">Iae dat mijn doodt veroorsaeckt door u <rhyme label="c" type="f">minnen</rhyme>,</l>
        <l id="s2:l5" met="3" type="-+">Denckt eens hoe dat u <rhyme label="c" type="f" corresp="#s2:l4">sinnen</rhyme>,</l>
        <l id="s2:l6" met="5" type="-+">En u geweeten u strafheyt sal <rhyme label="d" type="f">misprijsen</rhyme>,</l>
        <l id="s2:l7" met="6" type="-+">Leonora, Leonora, Leonora en <rhyme label="d" type="f" corresp="#s2:l6">misprijsen</rhyme>.</l>
      </lg>
      <lg id="s3" type="stanza">
        <l id="s3:l1" met="3" type="+-">O Goddinne! wilt <rhyme label="a" type="f">hooren</rhyme></l>
        <l id="s3:l2" met="5" type="-+">De klachten die ick doe, mits selfs de <rhyme label="b" type="f">boomen</rhyme>,</l>
        <l id="s3:l3" met="3" type="-+">Voor uwe strafheyt <rhyme label="b" type="f" corresp="#s3:l2">schroomen</rhyme>,</l>
        <l id="s3:l4" met="5" type="-+">Hoe kan een ziel begaeft en <rhyme label="c" type="f">uytgelesen</rhyme>,</l>
        <l id="s3:l5" met="3" type="-+">Oyt soo ondanckbaer <rhyme label="c" type="f" corresp="#s3:l4">wesen</rhyme>,</l>
        <l id="s3:l6" met="5" type="-+">Dat sy sie die gene die haer bemint, sou <rhyme label="d" type="f">haeten</rhyme>?</l>
        <l id="s3:l7" met="6" type="-+">Leonora, Leonora, Leonora wilt het <rhyme label="d" type="f" corresp="#s3:l6">laten</rhyme>,</l>
      </lg>
      <lg id="s4" type="stanza">
        <l id="s4:l1" met="3" type="+-">Soo sal ick u steets <rhyme label="a" type="f">loven</rhyme>,</l>
        <l id="s4:l2" met="5" type="-+">In &#8216;t Cabinet mijns ziels en doen u <rhyme label="b" type="f">branden</rhyme>,</l>
        <l id="s4:l3" met="3" type="-+">Tot danck mijn <rhyme label="b" type="f" corresp="#s4:l2">offerhande</rhyme>,</l>
        <l id="s4:l4" met="5" type="-+">Mits ghy verwint, en ick heb &#8216;t al <rhyme label="c" type="f">gewonnen</rhyme>,</l>
        <l id="s4:l5" met="3" type="-+">Hoe sal mijn ziel sich <rhyme label="c" type="f" corresp="#s4:l4">konnen</rhyme></l>
        <l id="s4:l6" met="5" type="-+">Near eysch verheugen, ick schijn van vreucht <rhyme label="d" type="f">herbore</rhyme>,</l>
        <l id="s4:l7" met="6" type="-+">Mijn beminde , mijn beminde, mijn beminde <rhyme label="d" type="f" corresp="#s4:l6">Leonore</rhyme>.</l>
      </lg>
    </lg>
  </text>
</song>