<song>
  <meta>
    <id>13740</id>
    <date>
      <year-start>1643</year-start>
      <year-end>1643</year-end>
    </date>
    <location>
      <orginal-name>haarlem</orginal-name>
      <standard-name>Haarlem, The Netherlands</standard-name>
      <coordinates>
        <lon>52.3885317</lon>
        <lat>4.6388048</lat>
      </coordinates>
    </location>
    <tags>
      <tag standard-name="loflied" translation="praise song">loflied</tag>
    </tags>
    <melody>Florida zo het wezen mag</melody>
    <categories>
      <category translation="religion">godsdienst</category>
    </categories>
  <author>Anonymous</author></meta>
  <text>
    <lg type="song">
      <lg id="s1" type="stanza">
        <l id="s1:l1" met="4" type="-+">ONtsluyt nu Goden uwe <rhyme label="a" type="m">sael</rhyme>,</l>
        <l id="s1:l2" met="4" type="-+">En komt om laegh vry al te <rhyme label="a" type="m" corresp="#s1:l1">mael</rhyme>,</l>
        <l id="s1:l3" met="3" type="-+">Besoeckt ons vrolick <rhyme label="b" type="f">Spaeren</rhyme>,</l>
        <l id="s1:l4" met="4" type="-+">Daer &#8216;t oor van d&#8217;Echo wert <rhyme label="c" type="m">gestreelt</rhyme></l>
        <l id="s1:l5" met="3" type="-+">Als &#8216;t Maegde-gortje <rhyme label="c" type="m" corresp="#s1:l4">queelt</rhyme>,</l>
        <l id="s1:l6" met="3" type="-+">Die daer te saem <rhyme label="b" type="f" corresp="#s1:l3">vergaren</rhyme>.</l>
      </lg>
      <lg id="s2" type="stanza">
        <l id="s2:l1" met="4" type="-+">&#8217;T is niet dan soete <rhyme label="a" type="m">vrolickheyt</rhyme>.</l>
        <l id="s2:l2" met="4" type="-+">Dat daer uyt liefde wert <rhyme label="a" type="m" corresp="#s2:l1">verspreyt</rhyme>,</l>
        <l id="s2:l3" met="3" type="-+">Van gantscher hert en <rhyme label="b" type="f">sinne</rhyme>,</l>
        <l id="s2:l4" met="4" type="-+">Het quinckeleerter al wat <rhyme label="c" type="m">leeft</rhyme>,</l>
        <l id="s2:l5" met="3" type="-+">(Dat Boom en Blaetjens <rhyme label="c" type="m" corresp="#s2:l4">beeft</rhyme>,)</l>
        <l id="s2:l6" met="3" type="-+">Door dese <rhyme label="b" type="f" corresp="#s2:l3">Bron-Godinne</rhyme>.</l>
      </lg>
      <lg id="s3" type="stanza">
        <l id="s3:l1" met="4" type="-+">Ons stomme Oever staet en <rhyme label="a" type="m">pronckt</rhyme>,</l>
        <l id="s3:l2" met="4" type="-+">En met haer flicker-oogen <rhyme label="a" type="m" corresp="#s3:l1">lonckt</rhyme>,</l>
        <l id="s3:l3" met="3" type="-+">Haer Stroomtje schijnt te <rhyme label="b" type="f">spreken</rhyme>,</l>
        <l id="s3:l4" met="4" type="-+">Waer leyt in &#8217;s werelts gront een <rhyme label="c" type="m">padt</rhyme>,</l>
        <l id="s3:l5" met="3" type="-+">Dat by dees <rhyme label="c" type="m" corresp="#s3:l4">Sparens-Stadt</rhyme>,</l>
        <l id="s3:l6" met="3" type="-+">Mach werden <rhyme label="b" type="f" corresp="#s3:l3">vergeleken</rhyme>?</l>
      </lg>
      <lg id="s4" type="stanza">
        <l id="s4:l1" met="4" type="-+">Hae kleyne werelt vol <rhyme label="a" type="m">vermaeck</rhyme>,</l>
        <l id="s4:l2" met="4" type="-+">Weest altijt d&#8217;onvervalste <rhyme label="a" type="m" corresp="#s4:l1">Baeck</rhyme>,</l>
        <l id="s4:l3" met="3" type="-+">In &#8216;s werelts <rhyme label="b" type="f">duysterheden</rhyme>.</l>
        <l id="s4:l4" met="4" type="-+">Die yeder tot de Deughde <rhyme label="c" type="m">Wijst</rhyme>,</l>
        <l id="s4:l5" met="3" type="-+">Daer niet als lof uyt <rhyme label="c" type="m" corresp="#s4:l4">rijst</rhyme>,</l>
        <l id="s4:l6" met="3" type="-+">Tot eer van goede <rhyme label="b" type="f" corresp="#s4:l3">zeden</rhyme>.</l>
      </lg>
      <lg id="s5" type="stanza">
        <l id="s5:l1" met="4" type="-+">Leeft sonder opspraeck voor en <rhyme label="a" type="m">naer</rhyme>,</l>
        <l id="s5:l2" met="4" type="-+">In Christen vreughde met <rhyme label="a" type="m" corresp="#s5:l1">malkaer</rhyme>,</l>
        <l id="s5:l3" met="3" type="-+">Stoot alle quaedt ter <rhyme label="b" type="f">zijden</rhyme>,</l>
        <l id="s5:l4" met="4" type="-+">Op dat u naesten even <rhyme label="c" type="m">Mensh</rhyme>,</l>
        <l id="s5:l5" met="3" type="-+">V brenghe wensch nae <rhyme label="c" type="m" corresp="#s5:l4">wensch</rhyme>.</l>
        <l id="s5:l6" met="3" type="-+">In dese laetste <rhyme label="b" type="f" corresp="#s5:l3">tijden</rhyme></l>
      </lg>
    </lg>
  </text>
</song>