<song>
  <meta>
    <id>13741</id>
    <date>
      <year-start>1643</year-start>
      <year-end>1643</year-end>
    </date>
    <location>
      <orginal-name>haarlem</orginal-name>
      <standard-name>Haarlem, The Netherlands</standard-name>
      <coordinates>
        <lon>52.3885317</lon>
        <lat>4.6388048</lat>
      </coordinates>
    </location>
    <tags>
      <tag standard-name="loflied" translation="praise song">loflied</tag>
    </tags>
    <melody>Die mint die lijdt veel pijn</melody>
    <categories>
      <category translation="religion">godsdienst</category>
    </categories>
  <author>Anonymous</author></meta>
  <text>
    <lg type="song">
      <lg id="s1" type="stanza">
        <l id="s1:l1" met="3" type="-+">O Princen die u <rhyme label="a" type="m">lust</rhyme>,</l>
        <l id="s1:l2" met="6" type="-+">En groot behagen schept in rijckdom en in <rhyme label="b" type="m">pracht</rhyme>,</l>
        <l id="s1:l3" met="3" type="-+">In grootheyt, (noyt <rhyme label="a" type="m" corresp="#s1:l1">geblust</rhyme>,)</l>
        <l id="s1:l4" met="6" type="-+">In deftigheyt van naem, en oudt beroemt <rhyme label="b" type="m" corresp="#s1:l2">geslacht</rhyme>,</l>
        <l id="s1:l5" met="2" type="-+">Wat is het <rhyme label="c" type="m">goet</rhyme>,</l>
        <l id="s1:l6" met="3" type="-+">&#8216;t Geen u in <rhyme label="c" type="m" corresp="#s1:l5">over-vloedt</rhyme>,</l>
        <l id="s1:l7" met="3" type="-+">Van Fortuyn is <rhyme label="d" type="m">gedeelt</rhyme>,</l>
        <l id="s1:l8" met="4" type="-+">Als het u &#8216;t genoegen <rhyme label="d" type="m" corresp="#s1:l7">steelt</rhyme>?</l>
      </lg>
      <lg id="s2" type="stanza">
        <l id="s2:l1" met="3" type="-+">&#8217;t Genoegen is een <rhyme label="a" type="m">deucht</rhyme>,</l>
        <l id="s2:l2" met="6" type="-+">Die alle rijcke schat in glans te boven <rhyme label="b" type="m">gaet</rhyme>,</l>
        <l id="s2:l3" met="3" type="-+">&#8216;t Genoegen is een <rhyme label="a" type="m" corresp="#s2:l1">vreught</rhyme>,</l>
        <l id="s2:l4" met="6" type="-+">In ramp en tegen-spoet: Het alder-quaetste <rhyme label="b" type="m" corresp="#s2:l2">quaet</rhyme>,</l>
        <l id="s2:l5" met="2" type="-+">Wert by hem <rhyme label="c" type="m">licht</rhyme>,</l>
        <l id="s2:l6" met="3" type="-+">&#8216;t Genoegen is <rhyme label="c" type="m" corresp="#s2:l5">door-plicht</rhyme>,</l>
        <l id="s2:l7" met="3" type="-+">Die &#8216;s Werelts <rhyme label="d" type="m">ongeval</rhyme>,</l>
        <l id="s2:l8" met="4" type="-+">Hoe swaer het is, versetten <rhyme label="d" type="m" corresp="#s2:l7">sal</rhyme>.</l>
      </lg>
      <lg id="s3" type="stanza">
        <l id="s3:l1" met="3" type="-+">En sietmen niet in &#8216;t <rhyme label="a" type="m">velt</rhyme>,</l>
        <l id="s3:l2" met="6" type="-+">Wat een gerustigheydt sich het genoegen <rhyme label="b" type="m">deelt</rhyme>:</l>
        <l id="s3:l3" met="3" type="-+">Daer sigh geen Herder <rhyme label="a" type="m" corresp="#s3:l1">quelt</rhyme>:</l>
        <l id="s3:l4" met="6" type="-+">Maer uyt sijn soberheyt het grootst genoegen <rhyme label="b" type="m" corresp="#s3:l2">teelt</rhyme>,</l>
        <l id="s3:l5" met="2" type="-+">Geen <rhyme label="c" type="m">arremoed</rhyme>,</l>
        <l id="s3:l6" met="3" type="-+">Noch geen gebreck van <rhyme label="c" type="m" corresp="#s3:l5">goedt</rhyme>,</l>
        <l id="s3:l7" met="3" type="-+">Deert het genoegent <rhyme label="d" type="m">hart</rhyme>:</l>
        <l id="s3:l8" met="4" type="-+">Want sy &#8216;s Werelts rampen <rhyme label="d" type="m" corresp="#s3:l7">tart</rhyme>.</l>
      </lg>
      <lg id="s4" type="stanza">
        <l id="s4:l1" met="3" type="-+">&#8217;t Genoegen is die <rhyme label="a" type="m">geen</rhyme>,</l>
        <l id="s4:l2" met="6" type="-+">Die een bedaert persoon, doet jeughdelick <rhyme label="b" type="m">aensien</rhyme>,</l>
        <l id="s4:l3" met="3" type="-+">Prijs ick dan niet met <rhyme label="a" type="m" corresp="#s4:l1">reen</rhyme>,</l>
        <l id="s4:l4" met="6" type="-+">Die het mis-noegen haet, en schijnter voor te <rhyme label="b" type="m" corresp="#s4:l2">vlien</rhyme>:</l>
        <l id="s4:l5" met="2" type="-+">Want &#8216;t Is een <rhyme label="c" type="m">quaet</rhyme>,</l>
        <l id="s4:l6" met="3" type="-+">Die de gesontheyt <rhyme label="c" type="m" corresp="#s4:l5">haet</rhyme>,</l>
        <l id="s4:l7" met="3" type="-+">En siecktens oorsaeck <rhyme label="d" type="m">is</rhyme>,</l>
        <l id="s4:l8" met="4" type="-+">Dus schuwt, te veel <rhyme label="d" type="m" corresp="#s4:l7">becommernis</rhyme>.</l>
      </lg>
    </lg>
  </text>
</song>