<song>
  <meta>
    <id>13747</id>
    <date>
      <year-start>1643</year-start>
      <year-end>1643</year-end>
    </date>
    <location>
      <orginal-name>haarlem</orginal-name>
      <standard-name>Haarlem, The Netherlands</standard-name>
      <coordinates>
        <lon>52.3885317</lon>
        <lat>4.6388048</lat>
      </coordinates>
    </location>
    <tags>
      <tag standard-name="mythologisch lied" translation="mythological song">mythologisch lied</tag>
    </tags>
    <melody>Naar dat ik heb gelezen</melody>
    <categories>
      <category translation="narratives">verhalen</category>
    </categories>
  <author>Anonymous</author></meta>
  <text>
    <lg type="song">
      <lg id="s1" type="stanza">
        <l id="s1:l1" met="3" type="-+">ONtfanght uyt dese <rhyme label="a" type="f">handen</rhyme>,</l>
        <l id="s1:l2" met="3" type="-+">Manhafte Oorloghs <rhyme label="b" type="m">Helt</rhyme>,</l>
        <l id="s1:l3" met="3" type="-+">Van d&#8217;alderwaertste <rhyme label="a" type="f" corresp="#s1:l1">panden</rhyme>,</l>
        <l id="s1:l4" met="3" type="-+">Die u zijn <rhyme label="b" type="m" corresp="#s1:l2">voorgestelt</rhyme>.</l>
        <l id="s1:l5" met="4" type="-+">Een Maegt wiens overschonen <rhyme label="c" type="m">glans</rhyme>,</l>
        <l id="s1:l6" met="4" type="-+">Beschaduwt &#8216;t licht van Phebus <rhyme label="c" type="m" corresp="#s1:l5">krans</rhyme>,</l>
        <l id="s1:l7" met="3" type="-+">Grijpt aen dit wonder <rhyme label="d" type="m">beelt</rhyme>,</l>
        <l id="s1:l8" met="3" type="-+">Door de natuer <rhyme label="d" type="m" corresp="#s1:l7">geteelt</rhyme>.</l>
      </lg>
      <lg id="s2" type="stanza">
        <l id="s2:l1" met="3" type="-+">Beooght dees lieve <rhyme label="a" type="f">Koone</rhyme>,</l>
        <l id="s2:l2" met="3" type="-+">Geveruwt als een <rhyme label="b" type="m">bloem</rhyme>,</l>
        <l id="s2:l3" met="3" type="-+">En &#8216;t voor-hooft als een <rhyme label="a" type="f" corresp="#s2:l1">Kroone</rhyme>,</l>
        <l id="s2:l4" met="3" type="-+">Daer Paphos draeght op <rhyme label="b" type="m" corresp="#s2:l2">roem</rhyme>:</l>
        <l id="s2:l5" met="4" type="-+">Het rechte beeldt <rhyme label="c" type="m">Pigmalions</rhyme>,</l>
        <l id="s2:l6" met="4" type="-+">Wiens oogjens stralen als twee <rhyme label="c" type="m" corresp="#s2:l5">Sons</rhyme>,</l>
        <l id="s2:l7" met="3" type="-+">Kan u bewegen <rhyme label="d" type="m">niet</rhyme>,</l>
        <l id="s2:l8" met="3" type="-+">&#8216;tGunt u het hayr <rhyme label="d" type="m" corresp="#s2:l7">aenbiedt</rhyme>.</l>
      </lg>
      <lg id="s3" type="stanza">
        <l id="s3:l1" met="3" type="-+">Hoe staeje als <rhyme label="a" type="f">verwesen</rhyme>,</l>
        <l id="s3:l2" met="3" type="-+">Door &#8216;t aensien van een <rhyme label="b" type="m">Maeght</rhyme>,</l>
        <l id="s3:l3" met="3" type="-+">Laet sy u quael <rhyme label="a" type="f" corresp="#s3:l1">genesen</rhyme>,</l>
        <l id="s3:l4" met="3" type="-+">Daer van het Leger <rhyme label="b" type="m" corresp="#s3:l2">waeght</rhyme>,</l>
        <l id="s3:l5" met="4" type="-+">Pluckt dese eerst ontloocken <rhyme label="c" type="m">roos</rhyme>,</l>
        <l id="s3:l6" met="4" type="-+">Diemen voor u uyt duysent <rhyme label="c" type="m" corresp="#s3:l5">koos</rhyme>,</l>
        <l id="s3:l7" met="3" type="-+">Het ciercel van haer <rhyme label="d" type="m">tijdt</rhyme>.</l>
        <l id="s3:l8" met="3" type="-+">Die ghy maer waerdigh <rhyme label="d" type="m" corresp="#s3:l7">zijt</rhyme>.</l>
      </lg>
      <lg id="s4" type="stanza">
        <l id="s4:l1" met="3" type="-+">Is niemant haer <rhyme label="a" type="f">gegeven</rhyme>,</l>
        <l id="s4:l2" met="3" type="-+">Wt de verdelghde <rhyme label="b" type="m">stadt</rhyme>,</l>
        <l id="s4:l3" met="3" type="-+">Om in den Echt te <rhyme label="a" type="f" corresp="#s4:l1">leven</rhyme>,</l>
        <l id="s4:l4" met="3" type="-+">Met dese Cresus <rhyme label="b" type="m" corresp="#s4:l2">schadt</rhyme>,</l>
        <l id="s4:l5" met="4" type="-+">Die waerdigh is een Koninghs <rhyme label="c" type="m">kroon</rhyme>,</l>
        <l id="s4:l6" met="4" type="-+">Of &#8216;t alderminst een &#8216;s Princen <rhyme label="c" type="m" corresp="#s4:l5">Soon</rhyme>,</l>
        <l id="s4:l7" met="3" type="-+">Laet hooren u <rhyme label="d" type="m">bescheyt</rhyme>,</l>
        <l id="s4:l8" met="3" type="-+">En wat de reden <rhyme label="d" type="m" corresp="#s4:l7">seyt</rhyme>.</l>
      </lg>
      <lg id="s5" type="stanza">
        <l id="s5:l1" met="3" type="-+">Wilt Heer daer op niet <rhyme label="a" type="f">letten</rhyme>,</l>
        <l id="s5:l2" met="3" type="-+">Vermitse is <rhyme label="b" type="m">verpandt</rhyme>:</l>
        <l id="s5:l3" met="3" type="-+">Want ghy die stelt de <rhyme label="a" type="f" corresp="#s5:l1">Wetten</rhyme>,</l>
        <l id="s5:l4" met="3" type="-+">Meught breken dese <rhyme label="b" type="m" corresp="#s5:l2">bandt</rhyme>:</l>
        <l id="s5:l5" met="4" type="-+">Dees Ionghelingh wasse <rhyme label="c" type="m">toe-geleght</rhyme>,</l>
        <l id="s5:l6" met="4" type="-+">Om met haer te treen in den <rhyme label="c" type="m" corresp="#s5:l5">Echt</rhyme>,</l>
        <l id="s5:l7" met="3" type="-+">Die u daer voor <rhyme label="d" type="m">aenbiedt</rhyme>,</l>
        <l id="s5:l8" met="3" type="-+">Dees schat, maer achtse <rhyme label="d" type="m" corresp="#s5:l7">niet</rhyme>.</l>
      </lg>
      <lg id="s6" type="stanza">
        <l id="s6:l1" met="3" type="-+">Wilt hem sijn gout weer <rhyme label="a" type="f">geven</rhyme>,</l>
        <l id="s6:l2" met="3" type="-+">En oock sijn waerde <rhyme label="b" type="m">Bruydt</rhyme>,</l>
        <l id="s6:l3" met="3" type="-+">Daer me &#8217;k hem wensch te <rhyme label="a" type="f" corresp="#s6:l1">leven</rhyme>,</l>
        <l id="s6:l4" met="3" type="-+">Sijn dagen vrolick <rhyme label="b" type="m" corresp="#s6:l2">uyt</rhyme>:</l>
        <l id="s6:l5" met="4" type="-+">Want ick begeer geen anders <rhyme label="c" type="m">Trou</rhyme></l>
        <l id="s6:l6" met="4" type="-+">Al sou ick leven sonder <rhyme label="c" type="m" corresp="#s6:l5">Vrouw</rhyme>,</l>
        <l id="s6:l7" met="3" type="-+">Mits tegens reden <rhyme label="d" type="m">strijdt</rhyme>,</l>
        <l id="s6:l8" met="3" type="-+">En oock de Deught &#8216;t niet <rhyme label="d" type="m" corresp="#s6:l7">lijdt</rhyme>.</l>
      </lg>
    </lg>
  </text>
</song>