<song>
  <meta>
    <id>13745</id>
    <date>
      <year-start>1643</year-start>
      <year-end>1643</year-end>
    </date>
    <location>
      <orginal-name>haarlem</orginal-name>
      <standard-name>Haarlem, The Netherlands</standard-name>
      <coordinates>
        <lon>52.3885317</lon>
        <lat>4.6388048</lat>
      </coordinates>
    </location>
    <tags>
      <tag standard-name="verhalend lied" translation="narrative song">verhalend lied</tag>
      <tag standard-name="liefdeslied" translation="love song">liefdeslied</tag>
    </tags>
    <melody>Als Atalante doden maakte</melody>
    <categories>
      <category translation="love and sex">liefde en seks</category>
      <category translation="narratives">verhalen</category>
    </categories>
  <author>Anonymous</author></meta>
  <text>
    <lg type="song">
      <lg id="s1" type="stanza">
        <l id="s1:l1" met="7" type="-+">SO haest als sich Dictinaas Toors, haer koers setten aen&#8217;t <rhyme label="a" type="f">daelen</rhyme>.</l>
        <l id="s1:l2" met="2" type="-+">En dat <rhyme label="b" type="m">Diaen</rhyme>:</l>
        <l id="s1:l3" met="2" type="-+">Of bleecke <rhyme label="b" type="m" corresp="#s1:l2">Maen</rhyme>:</l>
        <l id="s1:l4" met="3" type="-+">Verlichten &#8216;t blaeuwe <rhyme label="c" type="m">Tent</rhyme>,</l>
        <l id="s1:l5" met="2" type="-+">Soo dacht mijn <rhyme label="d" type="m">hert</rhyme>,</l>
        <l id="s1:l6" met="2" type="-+">(Geheel vol <rhyme label="d" type="m" corresp="#s1:l5">smert</rhyme>,)</l>
        <l id="s1:l7" met="3" type="-+">Sijn adem eens te <rhyme label="a" type="f" corresp="#s1:l1">haalen</rhyme>,</l>
        <l id="s1:l8" met="2" type="-+">Nam ick mijn <rhyme label="e" type="m">streeck</rhyme>,</l>
        <l id="s1:l9" met="2" type="-+">Nae &#8216;t koele <rhyme label="e" type="m" corresp="#s1:l8">Beeck</rhyme>:</l>
        <l id="s1:l10" met="3" type="-+">In d&#8217;aengename <rhyme label="c" type="m" corresp="#s1:l4">Lent</rhyme>.</l>
      </lg>
      <lg id="s2" type="stanza">
        <l id="s2:l1" met="7" type="-+">So dra als ick aen &#8216;t Beeckje quam, aen geen zij van de <rhyme label="a" type="f">Linden</rhyme>,</l>
        <l id="s2:l2" met="2" type="-+">Daer ick &#8216;t <rhyme label="b" type="m">geswier</rhyme>,</l>
        <l id="s2:l3" met="2" type="-+">En <rhyme label="b" type="m" corresp="#s2:l2">tierelier</rhyme>,</l>
        <l id="s2:l4" met="3" type="-+">Sach van de Beesjens <rhyme label="c" type="m">doen</rhyme>,</l>
        <l id="s2:l5" met="2" type="-+">Daer ick in &#8216;r <rhyme label="d" type="m">lof</rhyme>,</l>
        <l id="s2:l6" met="2" type="-+">Ter zijden <rhyme label="d" type="m" corresp="#s2:l5">of</rhyme>,</l>
        <l id="s2:l7" met="3" type="-+">My dacht alleen te <rhyme label="a" type="f" corresp="#s2:l1">vinden</rhyme>.</l>
        <l id="s2:l8" met="2" type="-+">Vondt ick o <rhyme label="e" type="m">Goon</rhyme>!</l>
        <l id="s2:l9" met="2" type="-+">Een ziel soo <rhyme label="e" type="m" corresp="#s2:l8">schoon</rhyme>,</l>
        <l id="s2:l10" met="3" type="-+">Verr&#8217; buyten mijn <rhyme label="c" type="m" corresp="#s2:l4">vermoen</rhyme>.</l>
      </lg>
      <lg id="s3" type="stanza">
        <l id="s3:l1" met="7" type="-+">Mijn ziel die opgetogen was, in vreughde daer te <rhyme label="a" type="f">vinden</rhyme>,</l>
        <l id="s3:l2" met="2" type="-+">Soo lieven <rhyme label="b" type="m">Beelt</rhyme>,</l>
        <l id="s3:l3" met="2" type="-+">In als <rhyme label="b" type="m" corresp="#s3:l2">voldeelt</rhyme>,</l>
        <l id="s3:l4" met="3" type="-+">Van schoonheyt of <rhyme label="c" type="m">cieraet</rhyme>,</l>
        <l id="s3:l5" met="2" type="-+">Haer Hayrtjens <rhyme label="d" type="m">blont</rhyme>,</l>
        <l id="s3:l6" met="2" type="-+">En roode <rhyme label="d" type="m" corresp="#s3:l5">mont</rhyme>,</l>
        <l id="s3:l7" met="3" type="-+">Waer uyt de soete <rhyme label="a" type="f" corresp="#s3:l1">Winden</rhyme>,</l>
        <l id="s3:l8" met="2" type="-+">Vloogh in mijn <rhyme label="e" type="m">ziel</rhyme>,</l>
        <l id="s3:l9" met="2" type="-+">Die haest haer <rhyme label="e" type="m" corresp="#s3:l8">kiel</rhyme>,</l>
        <l id="s3:l10" met="3" type="-+">En lichaems wooningh <rhyme label="c" type="m" corresp="#s3:l4">laet</rhyme>.</l>
      </lg>
      <lg id="s4" type="stanza">
        <l id="s4:l1" met="7" type="-+">Haer vel &#8216;t gheen blancker als Albast, door-saeyt was met veel <rhyme label="a" type="f">aren</rhyme>,</l>
        <l id="s4:l2" met="2" type="-+">Haer voor-hooft <rhyme label="b" type="m">wit</rhyme>,</l>
        <l id="s4:l3" met="2" type="-+">En ooghjes <rhyme label="b" type="m" corresp="#s4:l2">git</rhyme>,</l>
        <l id="s4:l4" met="3" type="-+">En &#8216;t Neusjes wel <rhyme label="c" type="m">besneen</rhyme>,</l>
        <l id="s4:l5" met="2" type="-+">Haer kaeckjens <rhyme label="d" type="m">bloot</rhyme>,</l>
        <l id="s4:l6" met="2" type="-+">Geen Roos soo <rhyme label="d" type="m" corresp="#s4:l5">root</rhyme>,</l>
        <l id="s4:l7" met="3" type="-+">Con by haer <rhyme label="a" type="f" corresp="#s4:l1">evenare</rhyme>,</l>
        <l id="s4:l8" met="2" type="-+">Een kin <rhyme label="e" type="m">gheklooft</rhyme>,</l>
        <l id="s4:l9" met="2" type="-+">Ick stont <rhyme label="e" type="m" corresp="#s4:l8">verdooft</rhyme>,</l>
        <l id="s4:l10" met="3" type="-+">Doen ick sagh nae <rhyme label="c" type="m" corresp="#s4:l4">beneen</rhyme>.</l>
      </lg>
      <lg id="s5" type="stanza">
        <l id="s5:l1" met="7" type="-+">Mijn Oogh &#8216;t geen op haer boesem viel, daer sagh ick dees <rhyme label="a" type="f">Goddinne</rhyme>,</l>
        <l id="s5:l2" met="2" type="-+">Haer Borsjes <rhyme label="b" type="m">ront</rhyme>:</l>
        <l id="s5:l3" met="2" type="-+">Waer op ick <rhyme label="b" type="m" corresp="#s5:l2">vondt</rhyme>,</l>
        <l id="s5:l4" met="3" type="-+">Twee kransjens als <rhyme label="c" type="m">corael</rhyme>,</l>
        <l id="s5:l5" met="2" type="-+">Mijn Ziel vol <rhyme label="d" type="m">lust</rhyme>,</l>
        <l id="s5:l6" met="2" type="-+">Die heeft <rhyme label="d" type="m" corresp="#s5:l5">gekust</rhyme>,</l>
        <l id="s5:l7" met="3" type="-+">Dees Nimph uyt soete <rhyme label="a" type="f" corresp="#s5:l1">Minne</rhyme>,</l>
        <l id="s5:l8" met="2" type="-+">Die eerst <rhyme label="e" type="m">vervaert</rhyme>,</l>
        <l id="s5:l9" met="2" type="-+">Doch haest <rhyme label="e" type="m" corresp="#s5:l8">bedaert</rhyme>,</l>
        <l id="s5:l10" met="3" type="-+">Door mijn gewenst <rhyme label="c" type="m" corresp="#s5:l4">onthael</rhyme>.</l>
      </lg>
    </lg>
  </text>
</song>