<song>
  <meta>
    <id>13742</id>
    <date>
      <year-start>1643</year-start>
      <year-end>1643</year-end>
    </date>
    <location>
      <orginal-name>haarlem</orginal-name>
      <standard-name>Haarlem, The Netherlands</standard-name>
      <coordinates>
        <lon>52.3885317</lon>
        <lat>4.6388048</lat>
      </coordinates>
    </location>
    <tags>
      <tag standard-name="liefdeslied" translation="love song">liefdeslied</tag>
      <tag standard-name="klaaglied" translation="lamentation">klaaglied</tag>
    </tags>
    <melody />
    <categories>
      <category translation="love and sex">liefde en seks</category>
      <category translation="emotions">emoties</category>
    </categories>
  <author>Anonymous</author></meta>
  <text>
    <lg type="song">
      <lg id="s1" type="stanza">
        <l id="s1:l1" met="4" type="+-">SEgh waerom mijn <rhyme label="a" type="m">Clarimeen</rhyme>,</l>
        <l id="s1:l2" met="3" type="-+">Ick bidt, wilt my <rhyme label="b" type="f">uyt-beelden</rhyme>:</l>
        <l id="s1:l3" met="4" type="+-">Waerom mijn bidden, en <rhyme label="a" type="m" corresp="#s1:l1">geween</rhyme>,</l>
        <l id="s1:l4" met="3" type="-+">Soo weynigh vreughden <rhyme label="b" type="f" corresp="#s1:l2">teelden</rhyme>,</l>
        <l id="s1:l5" met="4" type="-+">Daer ick soo menichmael mijn <rhyme label="c" type="f">klachten</rhyme>,</l>
        <l id="s1:l6" met="1" type="-+">De <rhyme label="c" type="f" corresp="#s1:l5">nachten</rhyme>,</l>
        <l id="s1:l7" met="2" type="-+">(O! wreede <rhyme label="d" type="m">Maeght</rhyme>,)</l>
        <l id="s1:l8" met="3" type="-+">In droefheyt heb <rhyme label="d" type="m" corresp="#s1:l7">geklaeght</rhyme>.</l>
      </lg>
      <lg id="s2" type="stanza">
        <l id="s2:l1" met="4" type="+-">Arion, kon door &#8216;t <rhyme label="a" type="m">geluyt</rhyme>,</l>
        <l id="s2:l2" met="3" type="-+">Van &#8216;t <rhyme label="b" type="f">vinger-reppend-speelen</rhyme>,</l>
        <l id="s2:l3" met="4" type="+-">En het <rhyme label="a" type="m" corresp="#s2:l1">soet-snaren-getuyt</rhyme>,</l>
        <l id="s2:l4" met="3" type="-+">Den Dolphijns liefde <rhyme label="b" type="f" corresp="#s2:l2">steelen</rhyme>,</l>
        <l id="s2:l5" met="4" type="-+">En kan ick dan met al mijn <rhyme label="c" type="f">smeecken</rhyme>,</l>
        <l id="s2:l6" met="1" type="-+">Niet <rhyme label="c" type="f" corresp="#s2:l5">weecken</rhyme></l>
        <l id="s2:l7" met="2" type="-+">V <rhyme label="d" type="m">harde-hart</rhyme>,</l>
        <l id="s2:l8" met="3" type="-+">&#8216;t Geen alle mannen <rhyme label="d" type="m" corresp="#s2:l7">tart</rhyme>.</l>
      </lg>
      <lg id="s3" type="stanza">
        <l id="s3:l1" met="4" type="+-">&#8217;k Bidt verhoort my o <rhyme label="a" type="m">Goddin</rhyme>,</l>
        <l id="s3:l2" met="3" type="-+">En schenckt my weer het <rhyme label="b" type="f">leven</rhyme>,</l>
        <l id="s3:l3" met="4" type="+-">&#8216;t Geen ick sonder u <rhyme label="a" type="m" corresp="#s3:l1">bevin</rhyme>,</l>
        <l id="s3:l4" met="3" type="-+">In doodtse anghst te <rhyme label="b" type="f" corresp="#s3:l2">beven</rhyme>,</l>
        <l id="s3:l5" met="4" type="-+">Soo sal ick u gewijde <rhyme label="c" type="f">smoocken</rhyme>,</l>
        <l id="s3:l6" met="1" type="-+">Doen <rhyme label="c" type="f" corresp="#s3:l5">roocken</rhyme>.</l>
        <l id="s3:l7" met="2" type="-+">Met hart en <rhyme label="d" type="m">ziel</rhyme>,</l>
        <l id="s3:l8" met="3" type="-+">Ick voor u <rhyme label="d" type="m" corresp="#s3:l7">neder-kniel</rhyme>.</l>
      </lg>
      <lg id="s4" type="stanza">
        <l id="s4:l1" met="4" type="+-">Dus verlost my uyt dees <rhyme label="a" type="m">pijn</rhyme>,</l>
        <l id="s4:l2" met="3" type="-+">En blust de heete <rhyme label="b" type="f">minne</rhyme>:</l>
        <l id="s4:l3" met="4" type="+-">Anders ghy oorsaeck sult <rhyme label="a" type="m" corresp="#s4:l1">zijn</rhyme>,</l>
        <l id="s4:l4" met="3" type="-+">Door u verkeerde <rhyme label="b" type="f" corresp="#s4:l2">sinne</rhyme>,</l>
        <l id="s4:l5" met="4" type="-+">Dat ghy u Dienaer doet <rhyme label="c" type="f">be-erven</rhyme>,</l>
        <l id="s4:l6" met="1" type="-+">Het <rhyme label="c" type="f" corresp="#s4:l5">sterven</rhyme>,</l>
        <l id="s4:l7" met="2" type="-+">&#8216;t Geen dan o <rhyme label="d" type="m">Maeght</rhyme>!</l>
        <l id="s4:l8" met="3" type="-+">Steets u ghedachten <rhyme label="d" type="m" corresp="#s4:l7">plaeght</rhyme>.</l>
      </lg>
    </lg>
  </text>
</song>