<song>
  <meta>
    <id>13754</id>
    <date>
      <year-start>1643</year-start>
      <year-end>1643</year-end>
    </date>
    <location>
      <orginal-name>haarlem</orginal-name>
      <standard-name>Haarlem, The Netherlands</standard-name>
      <coordinates>
        <lon>52.3885317</lon>
        <lat>4.6388048</lat>
      </coordinates>
    </location>
    <tags>
      <tag standard-name="liefdeslied" translation="love song">liefdeslied</tag>
      <tag standard-name="klaaglied" translation="lamentation">klaaglied</tag>
    </tags>
    <melody>Bedroefde herder zie</melody>
    <categories>
      <category translation="love and sex">liefde en seks</category>
      <category translation="emotions">emoties</category>
    </categories>
  <author>Anonymous</author></meta>
  <text>
    <lg type="song">
      <lg id="s1" type="stanza">
        <l id="s1:l1" met="3" type="-+">VErheft u naer <rhyme label="a" type="m">gheluyt</rhyme>,</l>
        <l id="s1:l2" met="3" type="-+">Barst droeve tranen <rhyme label="a" type="m" corresp="#s1:l1">uyt</rhyme>,</l>
        <l id="s1:l3" met="3" type="-+">Mijn hert van droefheyt <rhyme label="a" type="m" corresp="#s1:l1">sluyt</rhyme>,</l>
        <l id="s1:l4" met="2" type="-+">Ach milde <rhyme label="b" type="f">goden</rhyme>!</l>
        <l id="s1:l5" met="3" type="-+">Gheeft dat ick eens de <rhyme label="c" type="m">min</rhyme></l>
        <l id="s1:l6" met="3" type="-+">Gheniet, van mijn <rhyme label="c" type="m" corresp="#s1:l5">goddin</rhyme>,</l>
        <l id="s1:l7" met="3" type="-+">Of sal haer wreede <rhyme label="c" type="m" corresp="#s1:l5">sin</rhyme></l>
        <l id="s1:l8" met="2" type="-+">Mijn droevigh <rhyme label="b" type="f" corresp="#s1:l4">dooden</rhyme>?</l>
        <l id="s1:l9" met="4" type="-+">Ey lief bedaert! en wilt mijn <rhyme label="d" type="f">gheven</rhyme>,</l>
        <l id="s1:l10" met="4" type="-+">Voor dit verdriet een vrolick <rhyme label="d" type="f" corresp="#s1:l9">leven</rhyme>.</l>
      </lg>
      <lg id="s2" type="stanza">
        <l id="s2:l1" met="3" type="-+">Ick sweer mijn engel <rhyme label="a" type="m">dan</rhyme>,</l>
        <l id="s2:l2" met="3" type="-+">Dat by soo verr&#8217; ick <rhyme label="a" type="m" corresp="#s2:l1">kan</rhyme>,</l>
        <l id="s2:l3" met="3" type="-+">Of worde mach u <rhyme label="a" type="m" corresp="#s2:l1">man</rhyme>,</l>
        <l id="s2:l4" met="2" type="-+">Ghy sult <rhyme label="b" type="f">bevinden</rhyme>,</l>
        <l id="s2:l5" met="3" type="-+">Dat noyt geen minnaer, <rhyme label="c" type="m">trouw</rhyme></l>
        <l id="s2:l6" met="3" type="-+">Betoonden aen sijn <rhyme label="c" type="m" corresp="#s2:l5">vrouw</rhyme>,</l>
        <l id="s2:l7" met="3" type="-+">&#8216;t Gheen ick betoonen <rhyme label="c" type="m" corresp="#s2:l5">souw</rhyme>,</l>
        <l id="s2:l8" met="2" type="-+">Aen mijn <rhyme label="b" type="f" corresp="#s2:l4">beminde</rhyme>,</l>
        <l id="s2:l9" met="4" type="-+">Altijdt met vlijt, en <rhyme label="d" type="f">naerstigheden</rhyme>,</l>
        <l id="s2:l10" met="4" type="-+">Mijn willich hert aen u <rhyme label="d" type="f" corresp="#s2:l9">besteden</rhyme>.</l>
      </lg>
      <lg id="s3" type="stanza">
        <l id="s3:l1" met="3" type="-+">Maer soo mijn droef <rhyme label="a" type="m">gheklach</rhyme></l>
        <l id="s3:l2" met="3" type="-+">Op u niet winnen <rhyme label="a" type="m" corresp="#s3:l1">mach</rhyme>,</l>
        <l id="s3:l3" met="3" type="-+">Soo sal ick dagh op <rhyme label="a" type="m" corresp="#s3:l1">dagh</rhyme></l>
        <l id="s3:l4" met="2" type="-+">Quijnende <rhyme label="b" type="f">sterven</rhyme>,</l>
        <l id="s3:l5" met="3" type="-+">Of siet mijn truerigh <rhyme label="c" type="m">hert</rhyme>,</l>
        <l id="s3:l6" met="3" type="-+">Dat nu gepijnight <rhyme label="c" type="m" corresp="#s3:l5">wert</rhyme>,</l>
        <l id="s3:l7" met="3" type="-+">Sal om u lief soo <rhyme label="c" type="m" corresp="#s3:l5">vert</rhyme></l>
        <l id="s3:l8" met="2" type="-+">Wtlandigh <rhyme label="b" type="f" corresp="#s3:l4">swerven</rhyme>,</l>
        <l id="s3:l9" met="4" type="-+">Dat niemandt hoordt of weet sijn <rhyme label="d" type="f">leven</rhyme>,</l>
        <l id="s3:l10" met="4" type="-+">Waer dat u slaef sal zijn <rhyme label="d" type="f" corresp="#s3:l9">ghebleven</rhyme>.</l>
      </lg>
      <lg id="s4" type="stanza">
        <l id="s4:l1" met="3" type="-+">En schoon of <rhyme label="a" type="m">d&#8217;Opper-Heer</rhyme>,</l>
        <l id="s4:l2" met="3" type="-+">Gaf dat ick weder <rhyme label="a" type="m" corresp="#s4:l1">keer</rhyme>,</l>
        <l id="s4:l3" met="3" type="-+">Soo sal ick <rhyme label="a" type="m" corresp="#s4:l1">nimmermeer</rhyme></l>
        <l id="s4:l4" met="2" type="-+">Zijn als voor <rhyme label="b" type="f">desen</rhyme>,</l>
        <l id="s4:l5" met="3" type="-+">Verandert van <rhyme label="c" type="m">ghestalt</rhyme>,</l>
        <l id="s4:l6" met="3" type="-+">Ghelijck een mensch <rhyme label="c" type="m" corresp="#s4:l5">vervalt</rhyme></l>
        <l id="s4:l7" met="3" type="-+">In haer minne staet, soo <rhyme label="c" type="m" corresp="#s4:l5">salt</rhyme></l>
        <l id="s4:l8" met="2" type="-+">Dan met mijn <rhyme label="b" type="f" corresp="#s4:l4">wesen</rhyme>:</l>
        <l id="s4:l9" met="4" type="-+">Dan sult ghy d&#8217;uytgeteerde <rhyme label="d" type="f">leeden</rhyme></l>
        <l id="s4:l10" met="4" type="-+">Quynende na mijn graf sien <rhyme label="d" type="f" corresp="#s4:l9">treeden</rhyme>.</l>
      </lg>
      <lg id="s5" type="stanza">
        <l id="s5:l1" met="3" type="-+">Sal dan mijn droeve <rhyme label="a" type="m">pijn</rhyme>,</l>
        <l id="s5:l2" met="3" type="-+">Mijn doodt u leven <rhyme label="a" type="m" corresp="#s5:l1">zijn</rhyme>?</l>
        <l id="s5:l3" met="3" type="-+">Sult ghy u leet op <rhyme label="a" type="m" corresp="#s5:l1">mijn</rhyme></l>
        <l id="s5:l4" met="2" type="-+">Onschuldigh <rhyme label="b" type="f">wreecken</rhyme>?</l>
        <l id="s5:l5" met="3" type="-+">Doet mijn vry al de <rhyme label="c" type="m">spijt</rhyme>,</l>
        <l id="s5:l6" met="3" type="-+">V slaef lijdtsaemich <rhyme label="c" type="m" corresp="#s5:l5">lijt</rhyme>,</l>
        <l id="s5:l7" met="3" type="-+">Terwijl mijn droeve <rhyme label="c" type="m" corresp="#s5:l5">tijt</rhyme></l>
        <l id="s5:l8" met="2" type="-+">Nu is <rhyme label="b" type="f" corresp="#s5:l4">verstreecken</rhyme>;</l>
        <l id="s5:l9" met="4" type="-+">Soo bid&#8217; ick lief noch eens, u <rhyme label="d" type="f">kaecken</rhyme></l>
        <l id="s5:l10" met="4" type="-+">En lipjes voor mijn doodt te <rhyme label="d" type="f" corresp="#s5:l9">raecken</rhyme>.</l>
      </lg>
    </lg>
  </text>
</song>