<song>
  <meta>
    <id>13758</id>
    <date>
      <year-start>1643</year-start>
      <year-end>1643</year-end>
    </date>
    <location>
      <orginal-name>haarlem</orginal-name>
      <standard-name>Haarlem, The Netherlands</standard-name>
      <coordinates>
        <lon>52.3885317</lon>
        <lat>4.6388048</lat>
      </coordinates>
    </location>
    <tags>
      <tag standard-name="liefdeslied" translation="love song">liefdeslied</tag>
      <tag standard-name="herderslied" translation="pastoral song">herderslied</tag>
    </tags>
    <melody>Ballet Bronkhorst</melody>
    <categories>
      <category translation="love and sex">liefde en seks</category>
    </categories>
  <author>Anonymous</author></meta>
  <text>
    <lg type="song">
      <lg id="s1" type="stanza">
        <l id="s1:l1" met="2" type="+-"><rhyme label="a" type="f">PRoncksteresse</rhyme>,</l>
        <l id="s1:l2" met="6" type="-+">Goddinne die mijn ziel in vaste boeyens <rhyme label="b" type="m">hout</rhyme>,</l>
        <l id="s1:l3" met="2" type="+-">Mijn <rhyme label="a" type="f" corresp="#s1:l1">Vooghdesse</rhyme>,</l>
        <l id="s1:l4" met="6" type="-+">Ghedenckt u niet hoe vaeck dat wy het groenen <rhyme label="b" type="m" corresp="#s1:l2">wout</rhyme>,</l>
        <l id="s1:l5" met="2" type="+-">(Vroegh en <rhyme label="c" type="m">laet</rhyme>)</l>
        <l id="s1:l6" met="3" type="-+">Vereerden met ons <rhyme label="c" type="m" corresp="#s1:l5">praet</rhyme>,</l>
        <l id="s1:l7" met="2" type="-+">Daer wy met <rhyme label="d" type="f">lusten</rhyme>,</l>
        <l id="s1:l8" met="2" type="-+">(Wanneer wy <rhyme label="d" type="f" corresp="#s1:l7">rusten</rhyme>,)</l>
        <l id="s1:l9" met="2" type="-+">Soo dickmaels <rhyme label="d" type="f" corresp="#s1:l7">blusten</rhyme>,</l>
        <l id="s1:l10" met="3" type="-+">In spijt der bitse <rhyme label="e" type="m">nijdt</rhyme>,</l>
        <l id="s1:l11" met="5" type="-+">De vreughd, de vreughd, de vreughd van onse <rhyme label="e" type="m" corresp="#s1:l10">tijdt</rhyme>.</l>
      </lg>
      <lg id="s2" type="stanza">
        <l id="s2:l1" met="2" type="+-">Groene <rhyme label="a" type="f">boomen</rhyme>,</l>
        <l id="s2:l2" met="6" type="-+">Ghetuyghers van mijn min, en onse <rhyme label="b" type="m">soetigheyt</rhyme>,</l>
        <l id="s2:l3" met="2" type="+-">Klaere <rhyme label="a" type="f" corresp="#s2:l1">stroomen</rhyme>,</l>
        <l id="s2:l4" met="6" type="-+">Die vaeck den Echo tot mijn klachten heeft <rhyme label="b" type="m" corresp="#s2:l2">bereydt</rhyme>,</l>
        <l id="s2:l5" met="2" type="+-">Als ick <rhyme label="c" type="m">gaen</rhyme></l>
        <l id="s2:l6" met="3" type="-+">Quam, op u natte <rhyme label="c" type="m" corresp="#s2:l5">paen</rhyme>,</l>
        <l id="s2:l7" met="2" type="-+">Daer ick de <rhyme label="d" type="f">winden</rhyme>,</l>
        <l id="s2:l8" met="2" type="-+">En dichte <rhyme label="d" type="f" corresp="#s2:l7">linden</rhyme></l>
        <l id="s2:l9" met="2" type="-+">Bequaem kon <rhyme label="d" type="f" corresp="#s2:l7">vinden</rhyme>,</l>
        <l id="s2:l10" met="3" type="-+">Om uytten mijn <rhyme label="e" type="m">verdriet</rhyme>,</l>
        <l id="s2:l11" met="5" type="-+">Verdriet, verdriet &#8216;t geen my van u <rhyme label="e" type="m" corresp="#s2:l10">geschiet</rhyme>.</l>
      </lg>
      <lg id="s3" type="stanza">
        <l id="s3:l1" met="2" type="+-">O <rhyme label="a" type="f">Godinne</rhyme>!</l>
        <l id="s3:l2" met="6" type="-+">Is &#8216;t u vergeeten lief al ons <rhyme label="b" type="m">vryigheydt</rhyme>?</l>
        <l id="s3:l3" met="2" type="+-">Soete <rhyme label="a" type="f" corresp="#s3:l1">minne</rhyme>,</l>
        <l id="s3:l4" met="6" type="-+">Die selfs den hemel ons scheen t&#8217; hebben <rhyme label="b" type="m" corresp="#s3:l2">toebereydt</rhyme>,</l>
        <l id="s3:l5" met="2" type="+-">Segh <rhyme label="c" type="m">Goddin</rhyme>,</l>
        <l id="s3:l6" met="3" type="-+">Wat voor een bitse <rhyme label="c" type="m" corresp="#s3:l5">spin</rhyme></l>
        <l id="s3:l7" met="2" type="-+">Heeft u (met <rhyme label="d" type="f">looghen</rhyme>,)</l>
        <l id="s3:l8" met="2" type="-+">En my <rhyme label="d" type="f" corresp="#s3:l7">bedrooghen</rhyme>?</l>
        <l id="s3:l9" met="2" type="-+">Dies ick den <rhyme label="d" type="f" corresp="#s3:l7">hooghen</rhyme></l>
        <l id="s3:l10" met="3" type="-+">Besiender van het <rhyme label="e" type="m">Al</rhyme>,</l>
        <l id="s3:l11" met="5" type="-+">Mijn saeck, mijn saeck, mijn saeck bevelen <rhyme label="e" type="m" corresp="#s3:l10">sal</rhyme>.</l>
      </lg>
      <lg id="s4" type="stanza">
        <l id="s4:l1" met="2" type="+-">
          <rhyme label="a" type="f">Clarimena</rhyme>
        </l>
        <l id="s4:l2" met="6" type="-+">(Ghy die mijn baden doet in Lethas domme <rhyme label="b" type="m">plas</rhyme>,)</l>
        <l id="s4:l3" met="2" type="+-">&#8216;k Oogh u vee <rhyme label="a" type="f" corresp="#s4:l1">na</rhyme>,</l>
        <l id="s4:l4" met="6" type="-+">Die sich al truerende gaen weyden in het <rhyme label="b" type="m" corresp="#s4:l2">gras</rhyme>:</l>
        <l id="s4:l5" met="2" type="+-">Om &#8216;t <rhyme label="c" type="m">verdriet</rhyme></l>
        <l id="s4:l6" met="3" type="-+">&#8216;t Gheen my van u <rhyme label="c" type="m" corresp="#s4:l5">geschiet</rhyme>,</l>
        <l id="s4:l7" met="2" type="-+">O! <rhyme label="d" type="f">Harderinne</rhyme></l>
        <l id="s4:l8" met="2" type="-+">Die my doet <rhyme label="d" type="f" corresp="#s4:l7">minne</rhyme>,</l>
        <l id="s4:l9" met="2" type="-+">Met ziel en <rhyme label="d" type="f" corresp="#s4:l7">sinne</rhyme>,</l>
        <l id="s4:l10" met="3" type="-+">Ick bid&#8217; weest niet so <rhyme label="e" type="m">straf</rhyme>,</l>
        <l id="s4:l11" met="5" type="-+">Of voert, of voert, of voert mijn ziel in &#8216;t <rhyme label="e" type="m" corresp="#s4:l10">graf</rhyme>.</l>
      </lg>
    </lg>
  </text>
</song>