<song>
  <meta>
    <id>13768</id>
    <date>
      <year-start>1643</year-start>
      <year-end>1643</year-end>
    </date>
    <location>
      <orginal-name>haarlem</orginal-name>
      <standard-name>Haarlem, The Netherlands</standard-name>
      <coordinates>
        <lon>52.3885317</lon>
        <lat>4.6388048</lat>
      </coordinates>
    </location>
    <tags>
      <tag standard-name="liefdeslied" translation="love song">liefdeslied</tag>
      <tag standard-name="klaaglied" translation="lamentation">klaaglied</tag>
    </tags>
    <melody>Wanneer ik slaap</melody>
    <categories>
      <category translation="love and sex">liefde en seks</category>
      <category translation="emotions">emoties</category>
    </categories>
  <author>Anonymous</author></meta>
  <text>
    <lg type="song">
      <lg id="s1" type="stanza">
        <l id="s1:l1" met="2" type="-+">LIef als ick <rhyme label="a" type="m">speur</rhyme>,</l>
        <l id="s1:l2" met="3" type="-+">Dat mijn de nacht <rhyme label="b" type="m">ghenaeckt</rhyme>,</l>
        <l id="s1:l3" met="2" type="-+">En als u <rhyme label="a" type="m" corresp="#s1:l1">deur</rhyme></l>
        <l id="s1:l4" met="3" type="-+">Wert grendel-vast <rhyme label="b" type="m" corresp="#s1:l2">gemaeckt</rhyme>,</l>
        <l id="s1:l5" met="3" type="-+">Wanneer Diana <rhyme label="c" type="m">bleeck</rhyme>,</l>
        <l id="s1:l6" met="3" type="-+">Omrent haer Broeders <rhyme label="c" type="m" corresp="#s1:l5">streeck</rhyme>,</l>
        <l id="s1:l7" met="3" type="-+">Als yder leyt in <rhyme label="d" type="m">rust</rhyme>,</l>
        <l id="s1:l8" met="3" type="-+">Dan port mijn hooghste <rhyme label="d" type="m" corresp="#s1:l7">lust</rhyme>,</l>
        <l id="s1:l9" met="5" type="-+">Te gaen daer ick soo dickmaels heb <rhyme label="e" type="m">gedwaelt</rhyme>,</l>
        <l id="s1:l10" met="3" type="-+">Wanneer de bleecke <rhyme label="f" type="m">Maen</rhyme>,</l>
        <l id="s1:l11" met="4" type="+-">Door u glasen-venster <rhyme label="e" type="m" corresp="#s1:l9">straelt</rhyme>.</l>
      </lg>
      <lg id="s2" type="stanza">
        <l id="s2:l1" met="2" type="-+">Ick stort mijn <rhyme label="a" type="m">klacht</rhyme>,</l>
        <l id="s2:l2" met="3" type="-+">In u verdoofde <rhyme label="b" type="m">stoep</rhyme>,</l>
        <l id="s2:l3" met="2" type="-+">Daer mijn de <rhyme label="a" type="m" corresp="#s2:l1">wacht</rhyme>,</l>
        <l id="s2:l4" met="3" type="-+">Door &#8216;t onversiens <rhyme label="b" type="m" corresp="#s2:l2">geroep</rhyme>,</l>
        <l id="s2:l5" met="3" type="-+">Mijn diep gedacht <rhyme label="c" type="m">ontweckt</rhyme>:</l>
        <l id="s2:l6" met="3" type="-+">Waer door mijn vreught <rhyme label="c" type="m" corresp="#s2:l5">vertreckt</rhyme>,</l>
        <l id="s2:l7" met="3" type="-+">Ick vrees bekent te <rhyme label="d" type="m">zijn</rhyme>,</l>
        <l id="s2:l8" met="3" type="-+">Doch vreesd&#8217; ick noyt voor <rhyme label="d" type="m" corresp="#s2:l7">mijn</rhyme>,</l>
        <l id="s2:l9" met="5" type="-+">Maer voor de geen die al mijn vreugt <rhyme label="e" type="m">verbiet</rhyme>,</l>
        <l id="s2:l10" met="3" type="-+">Voor wien ick lijf en <rhyme label="f" type="m">bloedt</rhyme>,</l>
        <l id="s2:l11" met="4" type="+-">Liever als mijn Lief <rhyme label="e" type="m" corresp="#s2:l9">verliet</rhyme>.</l>
      </lg>
      <lg id="s3" type="stanza">
        <l id="s3:l1" met="2" type="-+">Waer ick mijn <rhyme label="a" type="m">wen</rhyme>&#8217;,</l>
        <l id="s3:l2" met="3" type="-+">&#8216;k Vin quel en anders <rhyme label="b" type="m">niet</rhyme>,</l>
        <l id="s3:l3" met="2" type="-+">Waer dat ick <rhyme label="a" type="m" corresp="#s3:l1">ben</rhyme>,</l>
        <l id="s3:l4" met="3" type="-+">&#8216;t Hert is mijn vol <rhyme label="b" type="m" corresp="#s3:l2">verdriet</rhyme>,</l>
        <l id="s3:l5" met="3" type="-+">Mijn tranen dringen <rhyme label="c" type="m">op</rhyme>,</l>
        <l id="s3:l6" met="3" type="-+">Wt mijn gelaede <rhyme label="c" type="m" corresp="#s3:l5">krop</rhyme>,</l>
        <l id="s3:l7" met="3" type="-+">Om dat ick derven <rhyme label="d" type="m">moet</rhyme>,</l>
        <l id="s3:l8" met="3" type="-+">V lieve lonckjes <rhyme label="d" type="m" corresp="#s3:l7">soet</rhyme>,</l>
        <l id="s3:l9" met="5" type="-+">Ach dat ick eens de tijdt beleven <rhyme label="e" type="m">mocht</rhyme>,</l>
        <l id="s3:l10" met="3" type="-+">Dat die mijn soete <rhyme label="f" type="m">rust</rhyme>,</l>
        <l id="s3:l11" met="4" type="+-">In u lieve armen <rhyme label="e" type="m" corresp="#s3:l9">socht</rhyme>.</l>
      </lg>
      <lg id="s4" type="stanza">
        <l id="s4:l1" met="2" type="-+">&#8216;k Sie hier <rhyme label="a" type="m">al-om</rhyme>,</l>
        <l id="s4:l2" met="3" type="-+">D&#8217;ooghjes op my <rhyme label="b" type="m">gestelt</rhyme>,</l>
        <l id="s4:l3" met="2" type="-+">Waer dat ick <rhyme label="a" type="m" corresp="#s4:l1">kom</rhyme>,</l>
        <l id="s4:l4" met="3" type="-+">Ick vrees te zijn <rhyme label="b" type="m" corresp="#s4:l2">gemelt</rhyme>,</l>
        <l id="s4:l5" met="3" type="-+">Ghy nijders is mijn <rhyme label="c" type="m">leyt</rhyme>,</l>
        <l id="s4:l6" met="3" type="-+">Mijn pijn, u <rhyme label="c" type="m" corresp="#s4:l5">vrolickheyt</rhyme>,</l>
        <l id="s4:l7" met="3" type="-+">Dat ghy u rust <rhyme label="d" type="m">versuymt</rhyme>,</l>
        <l id="s4:l8" met="3" type="-+">Vertreckt, ay geeft mijn <rhyme label="d" type="m" corresp="#s4:l7">ruymt</rhyme>.</l>
        <l id="s4:l9" met="5" type="-+">Segt waerom dat ghy doch u min <rhyme label="e" type="m">vergeet</rhyme>?</l>
        <l id="s4:l10" met="3" type="-+">En speurt de Minnaers <rhyme label="f" type="m">nae</rhyme>,</l>
        <l id="s4:l11" met="4" type="+-">Of is u het vryen <rhyme label="e" type="m" corresp="#s4:l9">leet</rhyme>?</l>
      </lg>
      <lg id="s5" type="stanza">
        <l id="s5:l1" met="2" type="-+">Wel aen <rhyme label="a" type="m">Goddin</rhyme>,</l>
        <l id="s5:l2" met="3" type="-+">Ick wil niemandt <rhyme label="b" type="m">ontsien</rhyme>,</l>
        <l id="s5:l3" met="2" type="-+">Of ick u <rhyme label="a" type="m" corresp="#s5:l1">Min</rhyme>,</l>
        <l id="s5:l4" met="3" type="-+">Wie sal mijn dat <rhyme label="b" type="m" corresp="#s5:l2">verbien</rhyme>,</l>
        <l id="s5:l5" met="3" type="-+">Al wordt ick hier <rhyme label="c" type="m">omtrent</rhyme>,</l>
        <l id="s5:l6" met="3" type="-+">Van yder een <rhyme label="c" type="m" corresp="#s5:l5">bekent</rhyme>:</l>
        <l id="s5:l7" met="3" type="-+">Wie leefter nouw ter <rhyme label="d" type="m">tijdt</rhyme>,</l>
        <l id="s5:l8" met="3" type="-+">In &#8216;t vryen <rhyme label="d" type="m" corresp="#s5:l7">onbenijdt</rhyme>?</l>
        <l id="s5:l9" met="5" type="-+">Wie leefter er die de Min soo wel <rhyme label="e" type="m">vergaet</rhyme>,</l>
        <l id="s5:l10" met="3" type="-+">Die niet in&#8217;t soet <rhyme label="f" type="m">gevry</rhyme>,</l>
        <l id="s5:l11" met="4" type="+-">Wert beloogen of <rhyme label="e" type="m" corresp="#s5:l9">gehaet</rhyme>?</l>
      </lg>
      <lg id="s6" type="stanza">
        <l id="s6:l1" met="2" type="-+">Geen tongh op <rhyme label="a" type="m">aerdt</rhyme>,</l>
        <l id="s6:l2" met="3" type="-+">Sal mijn u Min <rhyme label="b" type="m">af-raen</rhyme>,</l>
        <l id="s6:l3" met="2" type="-+">Soo lief en <rhyme label="a" type="m" corresp="#s6:l1">waert</rhyme>,</l>
        <l id="s6:l4" met="3" type="-+">Hangh ick mijn Engel <rhyme label="b" type="m" corresp="#s6:l2">aen</rhyme>,</l>
        <l id="s6:l5" met="3" type="-+">Saeghd&#8217; ghy mijn <rhyme label="c" type="m">tweede-ziel</rhyme></l>
        <l id="s6:l6" met="3" type="-+">Waer dat ick <rhyme label="c" type="m" corresp="#s6:l5">neder-kniel</rhyme>,</l>
        <l id="s6:l7" met="3" type="-+">Met d&#8217;ooghjes nat <rhyme label="d" type="m">bedout</rhyme>,</l>
        <l id="s6:l8" met="3" type="-+">&#8216;Ken twijffel niet ghy <rhyme label="d" type="m" corresp="#s6:l7">soudt</rhyme>,</l>
        <l id="s6:l9" met="5" type="-+">Beweeghe soo ghy saeght mijn trou <rhyme label="e" type="m">gemoet</rhyme>,</l>
        <l id="s6:l10" met="3" type="-+">En brande dat mijn <rhyme label="f" type="m">hert</rhyme>,</l>
        <l id="s6:l11" met="4" type="+-">Door u Liefde blaken <rhyme label="e" type="m" corresp="#s6:l9">doet</rhyme>.</l>
      </lg>
      <lg id="s7" type="stanza">
        <l id="s7:l1" met="2" type="-+">Ey Lief rijst <rhyme label="a" type="m">uyt</rhyme>,</l>
        <l id="s7:l2" met="3" type="-+">Rijst uyt u pluymigh <rhyme label="b" type="m">Bedd</rhyme>&#8217;,</l>
        <l id="s7:l3" met="2" type="-+">V deur <rhyme label="a" type="m" corresp="#s7:l1">ontsluyt</rhyme>,</l>
        <l id="s7:l4" met="3" type="-+">Mijn droevigh hert <rhyme label="b" type="m" corresp="#s7:l2">ontset</rhyme>,</l>
        <l id="s7:l5" met="3" type="-+">Siet Phebus Helder <rhyme label="c" type="m">kruyn</rhyme>,</l>
        <l id="s7:l6" met="3" type="-+">Verdrijft de wolcke <rhyme label="c" type="m" corresp="#s7:l5">Bruyn</rhyme>,</l>
        <l id="s7:l7" met="3" type="-+">De stille nacht <rhyme label="d" type="m">vergaet</rhyme>,</l>
        <l id="s7:l8" met="3" type="-+">Ick hoor gewoel op <rhyme label="d" type="m" corresp="#s7:l7">straet</rhyme>,</l>
        <l id="s7:l9" met="5" type="-+">Ick sie de tijdt van mijn vertrek <rhyme label="e" type="m">genaeckt</rhyme>,</l>
        <l id="s7:l10" met="3" type="-+">Vaert wel bedroefde <rhyme label="f" type="m">nacht</rhyme>,</l>
        <l id="s7:l11" met="4" type="+-">Die mijn droefheyt droever <rhyme label="e" type="m" corresp="#s7:l9">maeckt</rhyme>.</l>
      </lg>
      <lg id="s8" type="stanza">
        <l id="s8:l1" met="2" type="-+">Vaert wel <rhyme label="a" type="m">Princes</rhyme>,</l>
        <l id="s8:l2" met="3" type="-+">&#8216;k En kan al wil ick <rhyme label="b" type="m">siet</rhyme>,</l>
        <l id="s8:l3" met="2" type="-+">Mijn ziels <rhyme label="a" type="m" corresp="#s8:l1">Vooghdes</rhyme>,</l>
        <l id="s8:l4" met="3" type="-+">V duer verlaten <rhyme label="b" type="m" corresp="#s8:l2">niet</rhyme>,</l>
        <l id="s8:l5" met="3" type="-+">Ey laet mijn d&#8217;Eer <rhyme label="c" type="m">geschien</rhyme>.</l>
        <l id="s8:l6" met="3" type="-+">Dat ick u maer eens mach <rhyme label="c" type="m" corresp="#s8:l5">sien</rhyme>,</l>
        <l id="s8:l7" met="3" type="-+">Of Hebt ghy liever <rhyme label="d" type="m">dan</rhyme>,</l>
        <l id="s8:l8" met="3" type="-+">Dat ick vertreck wel <rhyme label="d" type="m" corresp="#s8:l7">an</rhyme>,</l>
        <l id="s8:l9" met="5" type="-+">Vaert wel, eer dat den dagh mijn min uyt <rhyme label="e" type="m">brengt</rhyme>,</l>
        <l id="s8:l10" met="3" type="-+">Seecker in&#8216;t vryen <rhyme label="f" type="m">soet</rhyme>,</l>
        <l id="s8:l11" met="4" type="+-">Is de meeste pijn <rhyme label="e" type="m" corresp="#s8:l9">vermenght</rhyme>.</l>
      </lg>
    </lg>
  </text>
</song>