<song>
  <meta>
    <id>13764</id>
    <date>
      <year-start>1643</year-start>
      <year-end>1643</year-end>
    </date>
    <location>
      <orginal-name>haarlem</orginal-name>
      <standard-name>Haarlem, The Netherlands</standard-name>
      <coordinates>
        <lon>52.3885317</lon>
        <lat>4.6388048</lat>
      </coordinates>
    </location>
    <tags>
      <tag standard-name="bruiloftslied" translation="wedding song">bruiloftslied</tag>
    </tags>
    <melody>De uitmuntendste herderin</melody>
    <categories>
      <category translation="cycle of life">levenscyclus</category>
    </categories>
  <author>Anonymous</author></meta>
  <text>
    <lg type="song">
      <lg id="s1" type="stanza">
        <l id="s1:l1" met="3" type="-+">GHy vrienden al te <rhyme label="a" type="f">gader</rhyme>,</l>
        <l id="s1:l2" met="3" type="-+">Die hier vergadert <rhyme label="b" type="m">zijt</rhyme>,</l>
        <l id="s1:l3" met="2" type="-+">Laet ons te <rhyme label="c" type="m">gaer</rhyme>,</l>
        <l id="s1:l4" met="3" type="-+">Gaen wenschen &#8216;t lieve <rhyme label="c" type="m" corresp="#s1:l3">Paer</rhyme>,</l>
        <l id="s1:l5" met="3" type="-+">Geluck te deser <rhyme label="b" type="m" corresp="#s1:l2">tijdt</rhyme>:</l>
        <l id="s1:l6" met="3" type="-+">En dat Godts goetheyts <rhyme label="a" type="f" corresp="#s1:l1">ader</rhyme>.</l>
        <l id="s1:l7" met="3" type="-+">Stort hare gaven <rhyme label="d" type="m">groot</rhyme>,</l>
        <l id="s1:l8" met="2" type="-+">Te samen <rhyme label="e" type="m">uyt</rhyme>,</l>
        <l id="s1:l9" met="3" type="-+">Ons Bruydegom en <rhyme label="e" type="m" corresp="#s1:l8">Bruyt</rhyme></l>
        <l id="s1:l10" met="3" type="-+">Mild&#8217;lick in haren <rhyme label="d" type="m" corresp="#s1:l7">schoot</rhyme>:</l>
        <l id="s1:l11" met="5" type="+-">Soo day sy niet hier op aerd&#8217; en <rhyme label="f" type="f">beginnen</rhyme>,</l>
        <l id="s1:l12" met="3" type="+-">Of dat Godt den <rhyme label="g" type="m">Heer</rhyme></l>
        <l id="s1:l13" met="3" type="-+">Dat seghent meer en <rhyme label="g" type="m" corresp="#s1:l12">meer</rhyme>;</l>
        <l id="s1:l14" met="3" type="+-">Soo dat sy <rhyme label="f" type="f" corresp="#s1:l11">bevinnen</rhyme>,</l>
        <l id="s1:l15" met="3" type="+-">Dat die Godt <rhyme label="f" type="f" corresp="#s1:l11">beminnen</rhyme>,</l>
        <l id="s1:l16" met="4" type="+-">Sijn gunst beneemt <rhyme label="g" type="m" corresp="#s1:l12">nimmermeer</rhyme>.</l>
      </lg>
      <lg id="s2" type="stanza">
        <l id="s2:l1" met="3" type="-+">O Godt wilt steets <rhyme label="a" type="f">gheleyden</rhyme>,</l>
        <l id="s2:l2" met="3" type="-+">Dees nieuw ghe-echte <rhyme label="b" type="m">lien</rhyme>,</l>
        <l id="s2:l3" met="2" type="-+">Dat haer <rhyme label="c" type="m">ghemoet</rhyme></l>
        <l id="s2:l4" met="3" type="-+">Niet staegh aen &#8216;t aerdsche <rhyme label="c" type="m" corresp="#s2:l3">goet</rhyme></l>
        <l id="s2:l5" met="3" type="-+">En hangt, maer opwaert <rhyme label="b" type="m" corresp="#s2:l2">sien</rhyme>;</l>
        <l id="s2:l6" met="3" type="-+">Gheeft dat sy met haer <rhyme label="a" type="f" corresp="#s2:l1">beyden</rhyme></l>
        <l id="s2:l7" met="3" type="-+">In vrede leven <rhyme label="d" type="m">soet</rhyme>,</l>
        <l id="s2:l8" met="2" type="-+">Dat haet, noch <rhyme label="e" type="m">nijt</rhyme>,</l>
        <l id="s2:l9" met="3" type="-+">Of d&#8217;oude grijsen <rhyme label="e" type="m" corresp="#s2:l8">tijdt</rhyme>,</l>
        <l id="s2:l10" met="3" type="-+">Haer liefde scheyden <rhyme label="d" type="m" corresp="#s2:l7">doet</rhyme>.</l>
        <l id="s2:l11" met="5" type="+-">Maer dat haer liefd&#8217; hier op aerd noyt machen <rhyme label="f" type="f">enden</rhyme>,</l>
        <l id="s2:l12" met="3" type="+-">Dat sy met haer <rhyme label="g" type="m">tween</rhyme></l>
        <l id="s2:l13" met="3" type="-+">Steedts zijn en blijven <rhyme label="g" type="m" corresp="#s2:l12">een</rhyme>:</l>
        <l id="s2:l14" met="3" type="+-">Wilt u gunst noyt <rhyme label="f" type="f" corresp="#s2:l11">wenden</rhyme>,</l>
        <l id="s2:l15" met="3" type="+-">Maer u seghen <rhyme label="f" type="f" corresp="#s2:l11">sende</rhyme></l>
        <l id="s2:l16" met="4" type="+-">Aen dees twee, op ons <rhyme label="g" type="m" corresp="#s2:l12">ghebe&#8217;en</rhyme>.</l>
      </lg>
      <lg id="s3" type="stanza">
        <l id="s3:l1" met="3" type="-+">Wel nu de tijdt komt <rhyme label="a" type="f">naken</rhyme>,</l>
        <l id="s3:l2" met="3" type="-+">Heer Bruygom, van u <rhyme label="b" type="m">lust</rhyme>,</l>
        <l id="s3:l3" met="2" type="-+">Dus &#8216;k scheyer <rhyme label="c" type="m">uyt</rhyme>,</l>
        <l id="s3:l4" met="3" type="-+">Want &#8216;k sie wel dat de <rhyme label="c" type="m" corresp="#s3:l3">Bruyt</rhyme></l>
        <l id="s3:l5" met="3" type="-+">Was garen in de <rhyme label="b" type="m" corresp="#s3:l2">rust</rhyme>,</l>
        <l id="s3:l6" met="3" type="-+">Ick sal een eynde <rhyme label="a" type="f" corresp="#s3:l1">maken</rhyme>,</l>
        <l id="s3:l7" met="3" type="-+">Maeckt ghy dat ghy <rhyme label="d" type="m">begint</rhyme>.</l>
        <l id="s3:l8" met="2" type="-+">Wel nu gae <rhyme label="e" type="m">voort</rhyme>,</l>
        <l id="s3:l9" met="3" type="-+">En brenghtse daerse <rhyme label="e" type="m" corresp="#s3:l8">hoort</rhyme>,</l>
        <l id="s3:l10" met="3" type="-+">Stap wech, niet langh <rhyme label="d" type="m" corresp="#s3:l7">versint</rhyme>.</l>
        <l id="s3:l11" met="5" type="+-">Wech, wech, Speelnootjes, nu laet haer <rhyme label="f" type="f">passeren</rhyme>,</l>
        <l id="s3:l12" met="3" type="+-">Of &#8216;k segh <rhyme label="g" type="m">overluyt</rhyme>,</l>
        <l id="s3:l13" met="3" type="-+">Ghy veynst, ghelijck de <rhyme label="g" type="m" corresp="#s3:l12">Bruyt</rhyme>,</l>
        <l id="s3:l14" met="3" type="+-">&#8216;K weet &#8216;t is haer <rhyme label="f" type="f" corresp="#s3:l11">begeeren</rhyme>,</l>
        <l id="s3:l15" met="3" type="+-">&#8216;T gheen ghy soeckt te <rhyme label="f" type="f" corresp="#s3:l11">keeren</rhyme>,</l>
        <l id="s3:l16" met="4" type="+-">Nu Vrouw-Bruyt is &#8216;t veynsen <rhyme label="g" type="m" corresp="#s3:l12">uyt</rhyme>.</l>
      </lg>
    </lg>
  </text>
</song>