<song>
  <meta>
    <id>13767</id>
    <date>
      <year-start>1643</year-start>
      <year-end>1643</year-end>
    </date>
    <location>
      <orginal-name>haarlem</orginal-name>
      <standard-name>Haarlem, The Netherlands</standard-name>
      <coordinates>
        <lon>52.3885317</lon>
        <lat>4.6388048</lat>
      </coordinates>
    </location>
    <tags>
      <tag standard-name="liefdeslied" translation="love song">liefdeslied</tag>
      <tag standard-name="klaaglied" translation="lamentation">klaaglied</tag>
    </tags>
    <melody>Sarabande Pinel</melody>
    <categories>
      <category translation="love and sex">liefde en seks</category>
      <category translation="emotions">emoties</category>
    </categories>
  <author>Anonymous</author></meta>
  <text>
    <lg type="song">
      <lg id="s1" type="stanza">
        <l id="s1:l1" met="4" type="-+">&#8217;T Schijnt dat mijn zieltje sijn adem wil <rhyme label="a" type="f">geven</rhyme>,</l>
        <l id="s1:l2" met="4" type="-+">Door &#8216;t genieten van bittere <rhyme label="b" type="m">smaet</rhyme>:</l>
        <l id="s1:l3" met="4" type="-+">Want hoe ick sucht of klaegh al mijn <rhyme label="a" type="f" corresp="#s1:l1">leven</rhyme>,</l>
        <l id="s1:l4" met="4" type="-+">En soeck te krijgen een vrolijck <rhyme label="b" type="m" corresp="#s1:l2">gelaet</rhyme>,</l>
        <l id="s1:l5" met="4" type="-+">Van mijn Nimphje door veel <rhyme label="c" type="m">soetigheydt</rhyme>,</l>
        <l id="s1:l6" met="4" type="-+">Soo set&#8217;s een Trony als yemandt die <rhyme label="c" type="m" corresp="#s1:l5">schreydt</rhyme>:</l>
        <l id="s1:l7" met="4" type="-+">Wie kan dus leven in vreughden op <rhyme label="d" type="m">aerdt</rhyme>,</l>
        <l id="s1:l8" met="4" type="-+">Door dese wreetheyt die geen Liefde <rhyme label="d" type="m" corresp="#s1:l7">baert</rhyme>?</l>
      </lg>
      <lg id="s2" type="stanza">
        <l id="s2:l1" met="4" type="-+">Geef ick een lonckjen om daer voor te <rhyme label="a" type="f">krijgen</rhyme>,</l>
        <l id="s2:l2" met="4" type="-+">&#8216;tGeene mocht strecken tot lieflick <rhyme label="b" type="m">vermaeck</rhyme>:</l>
        <l id="s2:l3" met="4" type="-+">Sy sluyt haer oogen en doet niet als <rhyme label="a" type="f" corresp="#s2:l1">swijgen</rhyme>,</l>
        <l id="s2:l4" met="4" type="-+">Kijven en gnorren, als ickse <rhyme label="b" type="m" corresp="#s2:l2">genaeck</rhyme>,</l>
        <l id="s2:l5" met="4" type="-+">Om eens te kussen, de Lipjes en <rhyme label="c" type="m">Mondt</rhyme>,</l>
        <l id="s2:l6" met="4" type="-+">Met vinnigh krabben, betaelt sy <rhyme label="c" type="m" corresp="#s2:l5">terstont</rhyme>,</l>
        <l id="s2:l7" met="4" type="-+">&#8216;T is best gescheyden van dit gortigh <rhyme label="d" type="m">dier</rhyme>,</l>
        <l id="s2:l8" met="4" type="-+">Als altijdt hertseer in plaets van <rhyme label="d" type="m" corresp="#s2:l7">playsier</rhyme>.</l>
      </lg>
      <lg id="s3" type="stanza">
        <l id="s3:l1" met="4" type="-+">Ick laet dan varen dit sottelick <rhyme label="a" type="f">minnen</rhyme>,</l>
        <l id="s3:l2" met="4" type="-+">Dat wel voor desen het hooft heeft <rhyme label="b" type="m">verwart</rhyme>,</l>
        <l id="s3:l3" met="4" type="-+">En sal &#8216;t slechts onder mijn kousebant <rhyme label="a" type="f" corresp="#s3:l1">binnen</rhyme>,</l>
        <l id="s3:l4" met="4" type="-+">Soo slaet de swarigheyt niet eens aen &#8216;t <rhyme label="b" type="m" corresp="#s3:l2">hart</rhyme>,</l>
        <l id="s3:l5" met="4" type="-+">Is sy wat spijtigh ick goyt inde <rhyme label="c" type="m">wint</rhyme>,</l>
        <l id="s3:l6" met="4" type="-+">En houdt voor rasen watse meer <rhyme label="c" type="m" corresp="#s3:l5">begint</rhyme>:</l>
        <l id="s3:l7" met="4" type="-+">Dit is dan reys-gelt voor &#8216;t lebbighe <rhyme label="d" type="m">vleys</rhyme>,</l>
        <l id="s3:l8" met="4" type="-+">Een kap met bellen &#8216;t fatsoen nae den <rhyme label="d" type="m" corresp="#s3:l7">eys</rhyme>.</l>
      </lg>
    </lg>
  </text>
</song>