<song>
  <meta>
    <id>13776</id>
    <date>
      <year-start>1643</year-start>
      <year-end>1643</year-end>
    </date>
    <location>
      <orginal-name>haarlem</orginal-name>
      <standard-name>Haarlem, The Netherlands</standard-name>
      <coordinates>
        <lon>52.3885317</lon>
        <lat>4.6388048</lat>
      </coordinates>
    </location>
    <tags>
      <tag standard-name="herderslied" translation="pastoral song">herderslied</tag>
    </tags>
    <melody>Spring op geheel van vreugde zoet</melody>
    <categories>
      <category translation="love and sex">liefde en seks</category>
    </categories>
  <author>Anonymous</author></meta>
  <text>
    <lg type="song">
      <lg id="s1" type="stanza">
        <l id="s1:l1" met="4" type="-+">PHilida, Philida, schoone <rhyme label="a" type="m">Maeght</rhyme>,</l>
        <l id="s1:l2" met="4" type="-+">V soet vernuft mijn soo <rhyme label="a" type="m" corresp="#s1:l1">behaeght</rhyme>,</l>
        <l id="s1:l3" met="4" type="-+">V soet gelaet en <rhyme label="b" type="f">aerdigheden</rhyme>,</l>
        <l id="s1:l4" met="4" type="-+">Wt mijnen sin noyt <rhyme label="c" type="m">Herderin</rhyme>,</l>
        <l id="s1:l5" met="2" type="-+">En wijcken <rhyme label="b" type="f" corresp="#s1:l3">deden</rhyme>.</l>
      </lg>
    </lg>
  </text>
</song>