<song>
  <meta>
    <id>13773</id>
    <date>
      <year-start>1643</year-start>
      <year-end>1643</year-end>
    </date>
    <location>
      <orginal-name>haarlem</orginal-name>
      <standard-name>Haarlem, The Netherlands</standard-name>
      <coordinates>
        <lon>52.3885317</lon>
        <lat>4.6388048</lat>
      </coordinates>
    </location>
    <tags>
      <tag standard-name="herderslied" translation="pastoral song">herderslied</tag>
    </tags>
    <melody>Eerste Carileen</melody>
    <categories>
      <category translation="love and sex">liefde en seks</category>
    </categories>
  <author>Anonymous</author></meta>
  <text>
    <lg type="song">
      <lg id="s1" type="stanza">
        <l id="s1:l1" met="5" type="+-">HErderin indient u lust te <rhyme label="a" type="f">weten</rhyme>,</l>
        <l id="s1:l2" met="4" type="+-">&#8216;K stae alleen tot u <rhyme label="b" type="m">ghebiet</rhyme>,</l>
        <l id="s1:l3" met="5" type="-+">Wel nu dan luystert toe: ick segh &#8216;t was <rhyme label="c" type="m">doe</rhyme></l>
        <l id="s1:l4" met="5" type="-+">Ick eerstmael u by sijn ghenot heel <rhyme label="d" type="m">onverwacht</rhyme>,</l>
        <l id="s1:l5" met="5" type="+-">Heeft de min mijn hert alsoo <rhyme label="a" type="f" corresp="#s1:l1">beseten</rhyme>,</l>
        <l id="s1:l6" met="4" type="+-">Datse my geen rust noyt <rhyme label="b" type="m" corresp="#s1:l2">liet</rhyme>:</l>
        <l id="s1:l7" met="5" type="-+">Als maer u wijs beleyt en <rhyme label="e" type="m">sedigheyt</rhyme>,</l>
        <l id="s1:l8" met="5" type="-+">In woorden, in wercken, my quamen in <rhyme label="d" type="m" corresp="#s1:l4">ghedacht</rhyme>:</l>
        <l id="s1:l9" met="5" type="+-">Maer als ick vande plaetse spreken <rhyme label="f" type="m">moet</rhyme>,</l>
        <l id="s1:l10" met="5" type="-+">O hel soet brande! o ghy nickers <rhyme label="f" type="m" corresp="#s1:l9">soet</rhyme>!</l>
        <l id="s1:l11" met="4" type="-+">Ick voel, &#8216;t ghewoel, u helschen <rhyme label="g" type="m">pijn</rhyme>,</l>
        <l id="s1:l12" met="6" type="-+">&#8216;K meen vreucht, &#8216;t was geneucht in sulck een hel te <rhyme label="g" type="m" corresp="#s1:l11">zijn</rhyme>.</l>
      </lg>
    </lg>
  </text>
</song>