<song>
  <meta>
    <id>13771</id>
    <date>
      <year-start>1643</year-start>
      <year-end>1643</year-end>
    </date>
    <location>
      <orginal-name>haarlem</orginal-name>
      <standard-name>Haarlem, The Netherlands</standard-name>
      <coordinates>
        <lon>52.3885317</lon>
        <lat>4.6388048</lat>
      </coordinates>
    </location>
    <tags>
      <tag standard-name="herderslied" translation="pastoral song">herderslied</tag>
    </tags>
    <melody>Florida zo het wezen mag</melody>
    <categories>
      <category translation="love and sex">liefde en seks</category>
    </categories>
  <author>Anonymous</author></meta>
  <text>
    <lg type="song">
      <lg id="s1" type="stanza">
        <l id="s1:l1" met="4" type="-+">WAer zijt ghy nu mijn <rhyme label="a" type="m">Rosemond</rhyme>?</l>
        <l id="s1:l2" met="4" type="-+">Die ick onlanghs soo vrolijck <rhyme label="a" type="m" corresp="#s1:l1">vond</rhyme>,</l>
        <l id="s1:l3" met="3" type="-+">Haer wolligh vee <rhyme label="b" type="f">gheleyen</rhyme>,</l>
        <l id="s1:l4" met="5" type="-+">My dunckt ick hoor een Echo in de <rhyme label="c" type="m">lucht</rhyme>,</l>
        <l id="s1:l5" met="3" type="-+">Met een eensaem droef <rhyme label="c" type="m" corresp="#s1:l4">ghesucht</rhyme>,</l>
        <l id="s1:l6" met="3" type="-+">Als door de wolcken <rhyme label="b" type="f" corresp="#s1:l3">weyen</rhyme>.</l>
      </lg>
      <lg id="s2" type="stanza">
        <l id="s2:l1" met="4" type="-+">Ach Hemel wat of dit <rhyme label="a" type="m">beduyt</rhyme>!</l>
        <l id="s2:l2" met="4" type="-+">Nu schuyl ick achter &#8216;t jeugdich <rhyme label="a" type="m" corresp="#s2:l1">kruyt</rhyme>,</l>
        <l id="s2:l3" met="3" type="-+">Ick sie een Nimphje <rhyme label="b" type="f">komen</rhyme>:</l>
        <l id="s2:l4" met="5" type="-+">&#8216;Tis Rosemond die flickert als de <rhyme label="c" type="m">Son</rhyme>,</l>
        <l id="s2:l5" met="3" type="-+">Sy singht van <rhyme label="c" type="m" corresp="#s2:l4">Coridon</rhyme>,</l>
        <l id="s2:l6" met="3" type="-+">In &#8216;t lommer van de <rhyme label="b" type="f" corresp="#s2:l3">bomen</rhyme>.</l>
      </lg>
      <lg id="s3" type="stanza">
        <l id="s3:l1" met="4" type="-+">Fy loos ontrouwe Minnaers <rhyme label="a" type="m">hert</rhyme>,</l>
        <l id="s3:l2" met="4" type="-+">Van wien ick nu verlaten <rhyme label="a" type="m" corresp="#s3:l1">wert</rhyme>,</l>
        <l id="s3:l3" met="3" type="-+">Swoerd&#8217; ghy my niet voor <rhyme label="b" type="f">desen</rhyme>,</l>
        <l id="s3:l4" met="5" type="-+">Ick was u wens, u hert en tweede <rhyme label="c" type="m">ziel</rhyme>,</l>
        <l id="s3:l5" met="3" type="-+">Die u alleen <rhyme label="c" type="m" corresp="#s3:l4">beviel</rhyme>,</l>
        <l id="s3:l6" met="3" type="-+">Nu sal &#8216;t Astrea <rhyme label="b" type="f" corresp="#s3:l3">wesen</rhyme>.</l>
      </lg>
      <lg id="s4" type="stanza">
        <l id="s4:l1" met="4" type="-+">Ick sagh u trouwe <rhyme label="a" type="m">dienstbaerheyt</rhyme>,</l>
        <l id="s4:l2" met="4" type="-+">Als ghy mijn vee had <rhyme label="a" type="m" corresp="#s4:l1">uytgheleydt</rhyme>,</l>
        <l id="s4:l3" met="3" type="-+">Na &#8216;t veldt oft in &#8216;t <rhyme label="b" type="f">bosgagie</rhyme>,</l>
        <l id="s4:l4" met="5" type="-+">Bliest ghy terstont maer u harders <rhyme label="c" type="m">fluyt</rhyme>,</l>
        <l id="s4:l5" met="3" type="-+">Wiens helder soet <rhyme label="c" type="m" corresp="#s4:l4">gheluyt</rhyme>,</l>
        <l id="s4:l6" met="3" type="-+">My lockte tot <rhyme label="b" type="f" corresp="#s4:l3">vryagie</rhyme>.</l>
      </lg>
      <lg id="s5" type="stanza">
        <l id="s5:l1" met="4" type="-+">Hoe klaeghd&#8217; ghy dus mijn tweede <rhyme label="a" type="m">ziel</rhyme>?</l>
        <l id="s5:l2" met="4" type="-+">Voor wien ick hier soo nedrigh <rhyme label="a" type="m" corresp="#s5:l1">kniel</rhyme>,</l>
        <l id="s5:l3" met="3" type="-+">Met nat betraende <rhyme label="b" type="f">ooghen</rhyme>,</l>
        <l id="s5:l4" met="5" type="-+">Neen Rosemond so waer u Harder <rhyme label="c" type="m">leeft</rhyme>,</l>
        <l id="s5:l5" met="3" type="-+">En Tyter stralen <rhyme label="c" type="m" corresp="#s5:l4">geeft</rhyme>,</l>
        <l id="s5:l6" met="3" type="-+">Noyt heb ick u <rhyme label="b" type="f" corresp="#s5:l3">bedroghen</rhyme>.</l>
      </lg>
      <lg id="s6" type="stanza">
        <l id="s6:l1" met="4" type="-+">Ontfangt mijn hand, mijn hert, en <rhyme label="a" type="m">trou</rhyme>,</l>
        <l id="s6:l2" met="4" type="-+">Ick kies u tot mij waerde <rhyme label="a" type="m" corresp="#s6:l1">Vrouw</rhyme>,</l>
        <l id="s6:l3" met="3" type="-+">Een kusje tot een <rhyme label="b" type="f">teecken</rhyme>,</l>
        <l id="s6:l4" met="5" type="-+">Den Hemel geeft dat ons verliefde <rhyme label="c" type="m">hert</rhyme>,</l>
        <l id="s6:l5" met="3" type="-+">Noch meer ontsteecken <rhyme label="c" type="m" corresp="#s6:l4">werdt</rhyme>,</l>
        <l id="s6:l6" met="3" type="-+">Wie kan ons Trouw&#8217; <rhyme label="b" type="f" corresp="#s6:l3">verbreken</rhyme>?</l>
      </lg>
    </lg>
  </text>
</song>