<song>
  <meta>
    <id>13778</id>
    <date>
      <year-start>1643</year-start>
      <year-end>1643</year-end>
    </date>
    <location>
      <orginal-name>haarlem</orginal-name>
      <standard-name>Haarlem, The Netherlands</standard-name>
      <coordinates>
        <lon>52.3885317</lon>
        <lat>4.6388048</lat>
      </coordinates>
    </location>
    <tags>
      <tag standard-name="herderslied" translation="pastoral song">herderslied</tag>
    </tags>
    <melody>Schoonste Lerinde</melody>
    <categories>
      <category translation="love and sex">liefde en seks</category>
    </categories>
  <author>Anonymous</author></meta>
  <text>
    <lg type="song">
      <lg id="s1" type="stanza">
        <l id="s1:l1" met="4" type="-+">ICk laet een ander, en spreeck voor &#8216;t <rhyme label="a" type="f">mijnen</rhyme>,</l>
        <l id="s1:l2" met="4" type="-+">Schoon datter veel lichtvaerdigh <rhyme label="b" type="m">zijn</rhyme>,</l>
        <l id="s1:l3" met="4" type="-+">Sal dat Philander, oock mee soo doen <rhyme label="a" type="f" corresp="#s1:l1">schijnen</rhyme>?</l>
        <l id="s1:l4" met="4" type="-+">Neen Herderinne gelooft ghy <rhyme label="b" type="m" corresp="#s1:l2">mijn</rhyme>,</l>
        <l id="s1:l5" met="5" type="-+">Al waert dat ick moest u gesichte <rhyme label="c" type="f">derven</rhyme>,</l>
        <l id="s1:l6" met="6" type="+-">Niet en souw als sterven, mijn gesette <rhyme label="d" type="m">Min</rhyme>,</l>
        <l id="s1:l7" met="5" type="-+">Die &#8216;k u toe-draegh, in &#8216;t minste doen <rhyme label="c" type="f" corresp="#s1:l5">versterven</rhyme>,</l>
        <l id="s1:l8" met="6" type="+-">Als ick maer mocht erven, u gunste <rhyme label="d" type="m" corresp="#s1:l6">Herderin</rhyme>,</l>
        <l id="s1:l9" met="5" type="-+">Die ghy my steets bewijst o soete <rhyme label="e" type="m">Meyt</rhyme>,</l>
        <l id="s1:l10" met="5" type="-+">Door uwe aengebooren <rhyme label="e" type="m" corresp="#s1:l9">vriendelickheyt</rhyme>.</l>
      </lg>
    </lg>
  </text>
</song>