<song>
  <meta>
    <id>13777</id>
    <date>
      <year-start>1643</year-start>
      <year-end>1643</year-end>
    </date>
    <location>
      <orginal-name>haarlem</orginal-name>
      <standard-name>Haarlem, The Netherlands</standard-name>
      <coordinates>
        <lon>52.3885317</lon>
        <lat>4.6388048</lat>
      </coordinates>
    </location>
    <tags>
      <tag standard-name="herderslied" translation="pastoral song">herderslied</tag>
    </tags>
    <melody>C'est trop courir les eaux</melody>
    <categories>
      <category translation="love and sex">liefde en seks</category>
    </categories>
  <author>Anonymous</author></meta>
  <text>
    <lg type="song">
      <lg id="s1" type="stanza">
        <l id="s1:l1" met="3" type="-+">AL moest ick uyt het <rhyme label="a" type="m">oogh</rhyme>,</l>
        <l id="s1:l2" met="3" type="-+">Van die mijn eerst <rhyme label="a" type="m" corresp="#s1:l1">bewoogh</rhyme></l>
        <l id="s1:l3" met="6" type="-+">Tot Min, noch soud ick steets, in liefd&#8217; haer zijn <rhyme label="b" type="m">getrouw</rhyme>&#8217;,</l>
        <l id="s1:l4" met="6" type="-+">Met haer gedachtenis ick my verheugen <rhyme label="b" type="m" corresp="#s1:l3">souw</rhyme>,</l>
      </lg>
    </lg>
  </text>
</song>