<song>
  <meta>
    <id>13786</id>
    <date>
      <year-start>1643</year-start>
      <year-end>1643</year-end>
    </date>
    <location>
      <orginal-name>haarlem</orginal-name>
      <standard-name>Haarlem, The Netherlands</standard-name>
      <coordinates>
        <lon>52.3885317</lon>
        <lat>4.6388048</lat>
      </coordinates>
    </location>
    <tags>
      <tag standard-name="loflied" translation="praise song">loflied</tag>
    </tags>
    <melody>Schoonste Lerinde</melody>
    <categories>
      <category translation="religion">godsdienst</category>
    </categories>
  <author>Anonymous</author></meta>
  <text>
    <lg type="song">
      <lg id="s1" type="stanza">
        <l id="s1:l1" met="2" type="+-">ALle de <rhyme label="a" type="f">Huysen</rhyme>,</l>
        <l id="s1:l2" met="2" type="-+">Iae Princen <rhyme label="b" type="f">Saelen</rhyme>,</l>
        <l id="s1:l3" met="4" type="-+">Sijn niet soo schoon, als &#8216;t geen ick <rhyme label="c" type="m">weet</rhyme>,</l>
        <l id="s1:l4" met="2" type="-+">Want daer geen <rhyme label="a" type="f" corresp="#s1:l1">muysen</rhyme></l>
        <l id="s1:l5" met="2" type="-+">In komen <rhyme label="b" type="f" corresp="#s1:l2">dwalen</rhyme>,</l>
        <l id="s1:l6" met="4" type="-+">Die want, of vloer, tapijt op <rhyme label="c" type="m" corresp="#s1:l3">eet</rhyme>:</l>
        <l id="s1:l7" met="5" type="-+">Daer komt geen Spin, haer webbe-net <rhyme label="d" type="f">aenspannen</rhyme>,</l>
        <l id="s1:l8" met="3" type="+-">Niet als frisse <rhyme label="d" type="f" corresp="#s1:l7">mannen</rhyme>,</l>
        <l id="s1:l9" met="3" type="+-">Raeckt dit schoon <rhyme label="e" type="m">ghebouw</rhyme>:</l>
        <l id="s1:l10" met="5" type="-+">&#8216;t Geen daer in is, wort daer weer <rhyme label="d" type="f" corresp="#s1:l7">uyt-gebannen</rhyme>,</l>
        <l id="s1:l11" met="3" type="+-">Mits sy niet en <rhyme label="d" type="f" corresp="#s1:l7">kannen</rhyme>,</l>
        <l id="s1:l12" met="3" type="+-">(Hoe garen hy <rhyme label="e" type="m" corresp="#s1:l9">souw</rhyme>)</l>
        <l id="s1:l13" met="5" type="+-">Blijven ter plaets, maar moet van daer hy <rhyme label="f" type="m">quam</rhyme>,</l>
        <l id="s1:l14" met="5" type="-+">Al speet het hem, en waer noch eens soo <rhyme label="f" type="m" corresp="#s1:l13">gram</rhyme>.</l>
      </lg>
      <lg id="s2" type="stanza">
        <l id="s2:l1" met="2" type="+-">Meest al de <rhyme label="a" type="f">menschen</rhyme>,</l>
        <l id="s2:l2" met="2" type="-+">En grooten <rhyme label="b" type="f">Vorsten</rhyme>,</l>
        <l id="s2:l3" met="4" type="-+">Hoegh en laegh besien dit <rhyme label="c" type="m">Hof</rhyme>.</l>
        <l id="s2:l4" met="2" type="-+">Wie souw niet <rhyme label="a" type="f" corresp="#s2:l1">wenschen</rhyme>,</l>
        <l id="s2:l5" met="2" type="-+">Iae stadigh <rhyme label="b" type="f" corresp="#s2:l2">dorsten</rhyme>,</l>
        <l id="s2:l6" met="4" type="-+">Nae &#8216;t geen daer soo een staele <rhyme label="c" type="m" corresp="#s2:l3">lof</rhyme>,</l>
        <l id="s2:l7" met="5" type="-+">Wert van gezijt gelegen tusschen <rhyme label="d" type="f">bergen</rhyme>,</l>
        <l id="s2:l8" met="3" type="+-">Die het Snee-wit <rhyme label="d" type="f" corresp="#s2:l7">tergen</rhyme>,</l>
        <l id="s2:l9" met="3" type="+-">Om-heynt met <rhyme label="e" type="m">geboomt</rhyme>,</l>
        <l id="s2:l10" met="5" type="-+">Wiens ruych gewas men eerst wel dien te <rhyme label="d" type="f" corresp="#s2:l7">vergen</rhyme>,</l>
        <l id="s2:l11" met="3" type="+-">Eermen sich kan <rhyme label="d" type="f" corresp="#s2:l7">bergen</rhyme>,</l>
        <l id="s2:l12" met="3" type="+-">Of ter plaetse <rhyme label="e" type="m" corresp="#s2:l9">koomt</rhyme>,</l>
        <l id="s2:l13" met="5" type="+-">Daer sich de aerdt meer wit als swart laet <rhyme label="f" type="m">sien</rhyme>,</l>
        <l id="s2:l14" met="5" type="-+">Een plaets voor jongh, en schuw voor oude <rhyme label="f" type="m" corresp="#s2:l13">Lien</rhyme>.</l>
      </lg>
      <lg id="s3" type="stanza">
        <l id="s3:l1" met="2" type="+-">Achter de <rhyme label="a" type="f">Boomen</rhyme>,</l>
        <l id="s3:l2" met="2" type="-+">Daer kondt ghy <rhyme label="b" type="f">speuren</rhyme>,</l>
        <l id="s3:l3" met="4" type="-+">Het Voor-hof van dit schoon <rhyme label="c" type="m">gebouw</rhyme>,</l>
        <l id="s3:l4" met="2" type="-+">Niemant moet <rhyme label="a" type="f" corresp="#s3:l1">schroomen</rhyme>,</l>
        <l id="s3:l5" met="2" type="-+">Om op te <rhyme label="b" type="f" corresp="#s3:l2">beuren</rhyme>,</l>
        <l id="s3:l6" met="4" type="-+">&#8216;t Geen dat dit Hof beschermt voor <rhyme label="c" type="m" corresp="#s3:l3">kouw</rhyme>,</l>
        <l id="s3:l7" met="5" type="-+">Of de Portier die soud&#8217; u buyten <rhyme label="d" type="f">sluyten</rhyme>:</l>
        <l id="s3:l8" met="3" type="+-">Dat souw niet veel <rhyme label="d" type="f" corresp="#s3:l7">stuyten</rhyme>:</l>
        <l id="s3:l9" met="3" type="+-">Dan wast al <rhyme label="e" type="m">gedaen</rhyme>,</l>
        <l id="s3:l10" met="5" type="-+">Want dit Casteel en heeft niet meer <rhyme label="d" type="f" corresp="#s3:l7">laet-uyten</rhyme>,</l>
        <l id="s3:l11" met="3" type="+-">Dan en baet geen <rhyme label="d" type="f" corresp="#s3:l7">fluyten</rhyme>,</l>
        <l id="s3:l12" met="3" type="+-">Dies tijdt wacker <rhyme label="e" type="m" corresp="#s3:l9">aen</rhyme>:</l>
        <l id="s3:l13" met="5" type="+-">Mits de Poort onwinbaer wort <rhyme label="f" type="m">geacht</rhyme>,</l>
        <l id="s3:l14" met="5" type="-+">Soo de Portier haer voorsiet met goe <rhyme label="f" type="m" corresp="#s3:l13">Wacht</rhyme>.</l>
      </lg>
    </lg>
  </text>
</song>