<song>
  <meta>
    <id>13782</id>
    <date>
      <year-start>1643</year-start>
      <year-end>1643</year-end>
    </date>
    <location>
      <orginal-name>haarlem</orginal-name>
      <standard-name>Haarlem, The Netherlands</standard-name>
      <coordinates>
        <lon>52.3885317</lon>
        <lat>4.6388048</lat>
      </coordinates>
    </location>
    <tags>
      <tag standard-name="herderslied" translation="pastoral song">herderslied</tag>
    </tags>
    <melody />
    <categories>
      <category translation="love and sex">liefde en seks</category>
    </categories>
  <author>Anonymous</author></meta>
  <text>
    <lg type="song">
      <lg id="s1" type="stanza">
        <l id="s1:l1" met="4" type="-+">VAert wel, vaert wel mijn <rhyme label="a" type="f">Herderinne</rhyme>,</l>
        <l id="s1:l2" met="5" type="-+">Vaert wel den Hemel die wil u <rhyme label="b" type="m">behoen</rhyme>,</l>
        <l id="s1:l3" met="4" type="-+">Vaert wel beheerster van mijn <rhyme label="a" type="f" corresp="#s1:l1">sinnen</rhyme>,</l>
        <l id="s1:l4" met="5" type="-+">&#8216;k Sal met gedachten my tot veersjens <rhyme label="b" type="m" corresp="#s1:l2">voen</rhyme>.</l>
      </lg>
    </lg>
  </text>
</song>