<song>
  <meta>
    <id>13788</id>
    <date>
      <year-start>1643</year-start>
      <year-end>1643</year-end>
    </date>
    <location>
      <orginal-name>haarlem</orginal-name>
      <standard-name>Haarlem, The Netherlands</standard-name>
      <coordinates>
        <lon>52.3885317</lon>
        <lat>4.6388048</lat>
      </coordinates>
    </location>
    <tags>
      <tag standard-name="herderslied" translation="pastoral song">Herderslied</tag>
      <tag standard-name="klaaglied" translation="lamentation">klaaglied</tag>
    </tags>
    <melody>Cette cruelle</melody>
    <categories>
      <category translation="emotions">emoties</category>
    </categories>
  <author>Anonymous</author></meta>
  <text>
    <lg type="song">
      <lg id="s1" type="stanza">
        <l id="s1:l1" met="4" type="-+">GRan&#237;da lief, seght eens mijn <rhyme label="a" type="f">waerde</rhyme>,</l>
        <l id="s1:l2" met="4" type="-+">Hoe komt dat ghy steets voor mijn <rhyme label="b" type="m">vlucht</rhyme>?</l>
        <l id="s1:l3" met="4" type="-+">Siet hoe een yeder na sijn <rhyme label="a" type="f" corresp="#s1:l1">waerde</rhyme>,</l>
        <l id="s1:l4" met="4" type="-+">Gestadigh haeckt nae <rhyme label="b" type="m" corresp="#s1:l2">trouws-genucht</rhyme>,</l>
        <l id="s1:l5" met="2" type="-+">En ghy <rhyme label="c" type="f">Princesse</rhyme>,</l>
        <l id="s1:l6" met="3" type="+-">Vliet alleen de <rhyme label="d" type="m">Min</rhyme>,</l>
        <l id="s1:l7" met="2" type="-+">Waerde <rhyme label="c" type="f" corresp="#s1:l5">Vooghdesse</rhyme>,</l>
        <l id="s1:l8" met="3" type="+-">Soete <rhyme label="d" type="m" corresp="#s1:l6">Herderin</rhyme>,</l>
        <l id="s1:l9" met="3" type="-+">Verlaet u stuersse <rhyme label="d" type="m" corresp="#s1:l6">sin</rhyme>.</l>
      </lg>
      <lg id="s2" type="stanza">
        <l id="s2:l1" met="4" type="-+">Siet hoe verheugt zijn al de <rhyme label="a" type="f">knaepjes</rhyme>,</l>
        <l id="s2:l2" met="4" type="-+">Die steets ontfangen Liefs <rhyme label="b" type="m">weder-min</rhyme>,</l>
        <l id="s2:l3" met="4" type="-+">En drijven met vermaeck haer <rhyme label="a" type="f" corresp="#s2:l1">schaepjes</rhyme>,</l>
        <l id="s2:l4" met="4" type="-+">En ick nu dwael alleen <rhyme label="b" type="m" corresp="#s2:l2">Goddin</rhyme>;</l>
        <l id="s2:l5" met="2" type="-+">Siet eens hoe <rhyme label="c" type="f">Cloris</rhyme></l>
        <l id="s2:l6" met="3" type="+-">Sleept met hem ten <rhyme label="d" type="m">dans</rhyme></l>
        <l id="s2:l7" met="2" type="-+">Sijn lieve <rhyme label="c" type="f" corresp="#s2:l5">Doris</rhyme>,</l>
        <l id="s2:l8" met="3" type="+-">Naer Vrouw Maias <rhyme label="d" type="m" corresp="#s2:l6">krans</rhyme>,</l>
        <l id="s2:l9" met="3" type="-+">En Pallas groene <rhyme label="d" type="m" corresp="#s2:l6">lans</rhyme>.</l>
      </lg>
      <lg id="s3" type="stanza">
        <l id="s3:l1" met="4" type="-+">Ey siet de Leeuwerick op de <rhyme label="a" type="f">tackjens</rhyme>,</l>
        <l id="s3:l2" met="4" type="-+">Sijn weder-ga met min <rhyme label="b" type="m">begroet</rhyme>,</l>
        <l id="s3:l3" met="4" type="-+">En hoe de Tortel tam en <rhyme label="a" type="f" corresp="#s3:l1">mackjens</rhyme>,</l>
        <l id="s3:l4" met="4" type="-+">Het Duyfje met sijn minne <rhyme label="b" type="m" corresp="#s3:l2">voet</rhyme>,</l>
        <l id="s3:l5" met="2" type="-+">En al de <rhyme label="c" type="f">Beesjes</rhyme></l>
        <l id="s3:l6" met="3" type="+-">Hippelen soo <rhyme label="d" type="m">soet</rhyme>:</l>
        <l id="s3:l7" met="2" type="-+">Want hare <rhyme label="c" type="f" corresp="#s3:l5">geesjes</rhyme></l>
        <l id="s3:l8" met="3" type="+-">Swemmen in <rhyme label="d" type="m" corresp="#s3:l6">mins-vloet</rhyme>.</l>
        <l id="s3:l9" met="3" type="-+">Het gheen ick derven <rhyme label="d" type="m" corresp="#s3:l6">moet</rhyme>.</l>
      </lg>
      <lg id="s4" type="stanza">
        <l id="s4:l1" met="4" type="-+">En soeckt ghy dan alleen te <rhyme label="a" type="f">vlieden</rhyme>,</l>
        <l id="s4:l2" met="4" type="-+">De min in naere <rhyme label="b" type="m">eensaemheydt</rhyme>,</l>
        <l id="s4:l3" met="4" type="-+">Daer ghy (ghescheyden van de <rhyme label="a" type="f" corresp="#s4:l1">lieden</rhyme>)</l>
        <l id="s4:l4" met="4" type="-+">V groene jeught in dorheydt <rhyme label="b" type="m" corresp="#s4:l2">slijt</rhyme>?</l>
        <l id="s4:l5" met="2" type="-+">Lief laet u <rhyme label="c" type="f">raeden</rhyme>,</l>
        <l id="s4:l6" met="3" type="+-">Waerde <rhyme label="d" type="m">proncksteres</rhyme></l>
        <l id="s4:l7" met="2" type="-+">Neemt in <rhyme label="c" type="f" corresp="#s4:l5">ghenaden</rhyme></l>
        <l id="s4:l8" met="3" type="+-">Vwen slaef, <rhyme label="d" type="m" corresp="#s4:l6">(Vooghdes</rhyme>)</l>
        <l id="s4:l9" met="3" type="-+">En blijft mijn <rhyme label="d" type="m" corresp="#s4:l6">Herderes</rhyme>.</l>
      </lg>
    </lg>
  </text>
</song>