<song>
  <meta>
    <id>13783</id>
    <date>
      <year-start>1643</year-start>
      <year-end>1643</year-end>
    </date>
    <location>
      <orginal-name>haarlem</orginal-name>
      <standard-name>Haarlem, The Netherlands</standard-name>
      <coordinates>
        <lon>52.3885317</lon>
        <lat>4.6388048</lat>
      </coordinates>
    </location>
    <tags>
      <tag standard-name="liefdeslied" translation="love song">liefdeslied</tag>
    </tags>
    <melody>Enfin l'amour est mon vainqueur</melody>
    <categories>
      <category translation="love and sex">liefde en seks</category>
    </categories>
  <author>Anonymous</author></meta>
  <text>
    <lg type="song">
      <lg id="s1" type="stanza">
        <l id="s1:l1" met="4" type="-+">NV laetst mijn zieltje &#8216;t soet <rhyme label="a" type="m">genoot</rhyme>,</l>
        <l id="s1:l2" met="3" type="-+">Van mijn Corinaes <rhyme label="b" type="m">mont</rhyme>,</l>
        <l id="s1:l3" met="2" type="-+">Mits sy mijn <rhyme label="a" type="m" corresp="#s1:l1">boodt</rhyme>,</l>
        <l id="s1:l4" met="3" type="-+">Heel-plaesters tot mijn <rhyme label="b" type="m" corresp="#s1:l2">wondt</rhyme>,</l>
        <l id="s1:l5" met="4" type="-+">&#8216;t Scheen of mijn ziel verhuysen <rhyme label="c" type="m">wou</rhyme>,</l>
        <l id="s1:l6" met="3" type="-+">En woonen by <rhyme label="c" type="m" corresp="#s1:l5">Mevrouw</rhyme>,</l>
        <l id="s1:l7" met="2" type="-+">Doen ick mocht <rhyme label="d" type="f">raken</rhyme></l>
        <l id="s1:l8" met="2" type="-+">Haer lieve <rhyme label="d" type="f" corresp="#s1:l7">kaken</rhyme>,</l>
        <l id="s1:l9" met="3" type="-+">Tot loon van mijn <rhyme label="c" type="m" corresp="#s1:l5">rouw</rhyme>.</l>
      </lg>
      <lg id="s2" type="stanza">
        <l id="s2:l1" met="4" type="-+">O kusjes soet als Nectars <rhyme label="a" type="m">douw</rhyme>,</l>
        <l id="s2:l2" met="3" type="-+">Meer soetheyt niet op <rhyme label="b" type="m">aert</rhyme>,</l>
        <l id="s2:l3" met="2" type="-+">Als &#8216;t geen <rhyme label="a" type="m" corresp="#s2:l1">Me-vrouw</rhyme>,</l>
        <l id="s2:l4" met="3" type="-+">Door kusjes in my <rhyme label="b" type="m" corresp="#s2:l2">baert</rhyme>:</l>
        <l id="s2:l5" met="4" type="-+">Door kusjes sy mijn zieltje <rhyme label="c" type="m">steelt</rhyme>,</l>
        <l id="s2:l6" met="3" type="-+">En steelent aen mijn <rhyme label="c" type="m" corresp="#s2:l5">deelt</rhyme>:</l>
        <l id="s2:l7" met="2" type="-+">Want lieve <rhyme label="d" type="f">kusjes</rhyme>,</l>
        <l id="s2:l8" met="2" type="-+">Door grage <rhyme label="d" type="f" corresp="#s2:l7">lusjes</rhyme>,</l>
        <l id="s2:l9" met="3" type="-+">Al mijn vreughden <rhyme label="c" type="m" corresp="#s2:l5">teelt</rhyme>.</l>
      </lg>
      <lg id="s3" type="stanza">
        <l id="s3:l1" met="4" type="-+">Geen goden Nectar noch <rhyme label="a" type="m">Ambroos</rhyme>,</l>
        <l id="s3:l2" met="3" type="-+">Of Hemels <rhyme label="b" type="m">leckerny</rhyme>,</l>
        <l id="s3:l3" met="2" type="-+">&#8216;k Voor kusjes <rhyme label="a" type="m" corresp="#s3:l1">koos</rhyme>,</l>
        <l id="s3:l4" met="3" type="-+">Iae stelden aen een <rhyme label="b" type="m" corresp="#s3:l2">zy</rhyme>,</l>
        <l id="s3:l5" met="4" type="-+">In dien mijn Iupijn Iuno <rhyme label="c" type="m">boot</rhyme>:</l>
        <l id="s3:l6" met="3" type="-+">Geen rijckdom &#8216;k acht soo <rhyme label="c" type="m" corresp="#s3:l5">groot</rhyme></l>
        <l id="s3:l7" met="2" type="-+">Als mijn <rhyme label="d" type="f">Corinne</rhyme>,</l>
        <l id="s3:l8" met="2" type="-+">Die &#8216;k sal <rhyme label="d" type="f" corresp="#s3:l7">beminnen</rhyme>,</l>
        <l id="s3:l9" met="3" type="-+">Tot ons scheydt de <rhyme label="c" type="m" corresp="#s3:l5">doodt</rhyme>.</l>
      </lg>
    </lg>
  </text>
</song>