<song>
  <meta>
    <id>13799</id>
    <date>
      <year-start>1643</year-start>
      <year-end>1643</year-end>
    </date>
    <location>
      <orginal-name>haarlem</orginal-name>
      <standard-name>Haarlem, The Netherlands</standard-name>
      <coordinates>
        <lon>52.3885317</lon>
        <lat>4.6388048</lat>
      </coordinates>
    </location>
    <tags>
      <tag standard-name="loflied" translation="praise song">loflied</tag>
    </tags>
    <melody>Zal ik nog langer in hete tranen</melody>
    <categories>
      <category translation="religion">godsdienst</category>
    </categories>
  <author>Anonymous</author></meta>
  <text>
    <lg type="song">
      <lg id="s1" type="stanza">
        <l id="s1:l1" met="4" type="-+">WAnneer de Heeren <rhyme label="a" type="f">Musicanten</rhyme>,</l>
        <l id="s1:l2" met="4" type="-+">Met vreugden zijn by een <rhyme label="b" type="m">vergaert</rhyme>,</l>
        <l id="s1:l3" met="4" type="-+">Wie sagh oyt sulcke brave <rhyme label="a" type="f" corresp="#s1:l1">quanten</rhyme>?</l>
        <l id="s1:l4" met="4" type="-+">Soo vrolijck en soo soet van <rhyme label="b" type="m" corresp="#s1:l2">aert</rhyme>,</l>
        <l id="s1:l5" met="4" type="-+">Die haer soo wel// met sangh en <rhyme label="c" type="m">spel</rhyme></l>
        <l id="s1:l6" met="4" type="-+">Vermaken, &#8216;t zy by bier, of <rhyme label="d" type="m">wijn</rhyme>,</l>
        <l id="s1:l7" met="5" type="-+">Wie souw niet garen by de borsten <rhyme label="d" type="m" corresp="#s1:l6">zijn</rhyme>?</l>
      </lg>
      <lg id="s2" type="stanza">
        <l id="s2:l1" met="4" type="-+">Een yder toont een vriend&#8217;lijck <rhyme label="a" type="f">wesen</rhyme>,</l>
        <l id="s2:l2" met="4" type="-+">Men sieter niet dan <rhyme label="b" type="m">vrolijckheydt</rhyme>:</l>
        <l id="s2:l3" met="4" type="-+">Al waermen sieck, men souw <rhyme label="a" type="f" corresp="#s2:l1">ghenesen</rhyme>,</l>
        <l id="s2:l4" met="4" type="-+">Door sulck een groote <rhyme label="b" type="m" corresp="#s2:l2">soetigheydt</rhyme>,</l>
        <l id="s2:l5" met="4" type="-+">Van snaer en fluyt// wiens soet <rhyme label="c" type="m">gheluyt</rhyme>,</l>
        <l id="s2:l6" met="4" type="-+">Verjaghen doet droefheydt en <rhyme label="d" type="m">pijn</rhyme>,</l>
        <l id="s2:l7" met="5" type="-+">Wie souw niet garen by de Borsten <rhyme label="d" type="m" corresp="#s2:l6">zijn</rhyme>?</l>
      </lg>
      <lg id="s3" type="stanza">
        <l id="s3:l1" met="4" type="-+">Wanneer die soete stemmen <rhyme label="a" type="f">klincken</rhyme>,</l>
        <l id="s3:l2" met="4" type="-+">Met d&#8217; instrumenten te <rhyme label="b" type="m">ghelijck</rhyme>:</l>
        <l id="s3:l3" met="4" type="-+">Men kan geen aertsche vreught <rhyme label="a" type="f" corresp="#s3:l1">bedencken</rhyme>,</l>
        <l id="s3:l4" met="4" type="-+">By sulcke Hemelsche <rhyme label="b" type="m" corresp="#s3:l2">Musijck</rhyme>:</l>
        <l id="s3:l5" met="4" type="-+">Al watmen hoort// is soet <rhyme label="c" type="m">accoort</rhyme>,</l>
        <l id="s3:l6" met="4" type="-+">Bedroefder zielen <rhyme label="d" type="m">medecijn</rhyme>.</l>
        <l id="s3:l7" met="5" type="-+">Wie souw niet garen by de Borsten <rhyme label="d" type="m" corresp="#s3:l6">zijn</rhyme>?</l>
      </lg>
      <lg id="s4" type="stanza">
        <l id="s4:l1" met="4" type="-+">Wie souw die vreught niet garen <rhyme label="a" type="f">hooren</rhyme>,</l>
        <l id="s4:l2" met="4" type="-+">Die soo des menschen hert <rhyme label="b" type="m">verheught</rhyme>,</l>
        <l id="s4:l3" met="4" type="-+">Die so vermaeck&#8217;lijck klinckt in <rhyme label="a" type="f" corresp="#s4:l1">d&#8217;ooren</rhyme>,</l>
        <l id="s4:l4" met="4" type="-+">Ten naesten by de Hemels <rhyme label="b" type="m" corresp="#s4:l2">vreught</rhyme>?</l>
        <l id="s4:l5" met="4" type="-+">Elck heeft sijn sin// maer niet te <rhyme label="c" type="m">min</rhyme>,</l>
        <l id="s4:l6" met="4" type="-+">Dit spreeckwoordt blijft altijdt by <rhyme label="d" type="m">mijn</rhyme>,</l>
        <l id="s4:l7" met="5" type="-+">Wie souw niet garen by de Borsten <rhyme label="d" type="m" corresp="#s4:l6">zijn</rhyme>?</l>
      </lg>
      <lg id="s5" type="stanza">
        <l id="s5:l1" met="4" type="-+">Vaert wel ghy uytghelesen <rhyme label="a" type="f">Heeren</rhyme>,</l>
        <l id="s5:l2" met="4" type="-+">Appollos kinderen soet <rhyme label="b" type="m">gheslacht</rhyme>,</l>
        <l id="s5:l3" met="4" type="-+">Die staegh de Musijck houdt in <rhyme label="a" type="f" corresp="#s5:l1">eeren</rhyme>,</l>
        <l id="s5:l4" met="4" type="-+">Die alle truerigheyt <rhyme label="b" type="m" corresp="#s5:l2">veracht</rhyme>,</l>
        <l id="s5:l5" met="4" type="-+">Laet ons in vreught// en ware <rhyme label="c" type="m">deught</rhyme>,</l>
        <l id="s5:l6" met="4" type="-+">Vermijden alle boosen <rhyme label="d" type="m">schijn</rhyme>,</l>
        <l id="s5:l7" met="5" type="-+">Op dat wy eeuwigh mogen vrolijck <rhyme label="d" type="m" corresp="#s5:l6">zijn</rhyme>.</l>
      </lg>
    </lg>
  </text>
</song>