<song>
  <meta>
    <id>13796</id>
    <date>
      <year-start>1643</year-start>
      <year-end>1643</year-end>
    </date>
    <location>
      <orginal-name>haarlem</orginal-name>
      <standard-name>Haarlem, The Netherlands</standard-name>
      <coordinates>
        <lon>52.3885317</lon>
        <lat>4.6388048</lat>
      </coordinates>
    </location>
    <tags>
      <tag standard-name="herderslied" translation="pastoral song">herderslied</tag>
      <tag standard-name="liefdeslied" translation="love song">liefdeslied</tag>
    </tags>
    <melody>Als Garint zijn oogjes open deed</melody>
    <categories>
      <category translation="love and sex">liefde en seks</category>
    </categories>
  <author>Anonymous</author></meta>
  <text>
    <lg type="song">
      <lg id="s1" type="stanza">
        <l id="s1:l1" met="5" type="+-">HErder juyght en maeckt een bly <rhyme label="a" type="m">gheschal</rhyme>,</l>
        <l id="s1:l2" met="5" type="+-">Schatert uyt van vreught, singht en springht, dat het <rhyme label="b" type="m">klingt</rhyme></l>
        <l id="s1:l3" met="2" type="+-">Door het <rhyme label="a" type="m" corresp="#s1:l1">dal</rhyme>,</l>
        <l id="s1:l4" met="5" type="-+">En ghy mijn wolghe Vee zijt mee <rhyme label="c" type="m">verheught</rhyme>,</l>
        <l id="s1:l5" met="3" type="-+">En met u Herder <rhyme label="d" type="m">bly</rhyme>,</l>
        <l id="s1:l6" met="4" type="-+">Komt Beesjes maeckt met my <rhyme label="c" type="m" corresp="#s1:l4">gheneught</rhyme>,</l>
        <l id="s1:l7" met="4" type="+-">Nu ick mijn Nimphje soet <rhyme label="e" type="m">ontmoet</rhyme>.</l>
      </lg>
      <lg id="s2" type="stanza">
        <l id="s2:l1" met="5" type="+-">Ach siet toe! Daer daeltse nae <rhyme label="a" type="m">benee</rhyme>,</l>
        <l id="s2:l2" met="5" type="+-">Vande hooghte af, en sy komt naer hier <rhyme label="b" type="m">toe</rhyme>,</l>
        <l id="s2:l3" met="2" type="+-">Met haer <rhyme label="a" type="m" corresp="#s2:l1">Vee</rhyme>,</l>
        <l id="s2:l4" met="5" type="-+">Nu voetjes rept u wat, op dat ick <rhyme label="c" type="m">ras</rhyme></l>
        <l id="s2:l5" met="3" type="-+">Mijn Nimphje komt <rhyme label="d" type="m">ontrent</rhyme>,</l>
        <l id="s2:l6" met="4" type="-+">&#8216;t Sa Beesjens lustigh rent door &#8216;t <rhyme label="c" type="m" corresp="#s2:l4">gras</rhyme>,</l>
        <l id="s2:l7" met="4" type="+-">Nu ick Lerinde soet <rhyme label="e" type="m">ontmoet</rhyme>.</l>
      </lg>
      <lg id="s3" type="stanza">
        <l id="s3:l1" met="5" type="+-">Wel mijn Lief dus eenich hier in &#8216;t <rhyme label="a" type="m">wout</rhyme>,</l>
        <l id="s3:l2" met="5" type="+-">Daer de Satiers stout sich verschuylt, en de <rhyme label="b" type="m">wolf</rhyme></l>
        <l id="s3:l3" met="2" type="+-">Hem <rhyme label="a" type="m" corresp="#s3:l1">onthout</rhyme>,</l>
        <l id="s3:l4" met="5" type="-+">En zijt ghy niet bevreest geweest, dat <rhyme label="c" type="m">een</rhyme></l>
        <l id="s3:l5" met="3" type="-+">Mocht van dit geyle <rhyme label="d" type="m">goet</rhyme></l>
        <l id="s3:l6" met="4" type="-+">V hebben hier ontmoet <rhyme label="c" type="m" corresp="#s3:l4">alleen</rhyme>,</l>
        <l id="s3:l7" met="4" type="+-">En wie doch holp u dan daer <rhyme label="e" type="m">van</rhyme>?</l>
      </lg>
      <lg id="s4" type="stanza">
        <l id="s4:l1" met="5" type="+-">Neen seyde Lerind &#8216;k was niet <rhyme label="a" type="m">beschroomt</rhyme>:</l>
        <l id="s4:l2" met="5" type="+-">Want &#8216;k en wist niet dat in dit wout <rhyme label="b" type="m">immermeer</rhyme></l>
        <l id="s4:l3" met="2" type="+-">Satier <rhyme label="a" type="m" corresp="#s4:l1">koomt</rhyme>,</l>
        <l id="s4:l4" met="5" type="-+">Dus soo ghy dan bemindt Lerind, soo <rhyme label="c" type="m">laet</rhyme></l>
        <l id="s4:l5" met="3" type="-+">Mijn niet alleenigh <rhyme label="d" type="m">zijn</rhyme>:</l>
        <l id="s4:l6" met="4" type="-+">Maer komt, en ghy met my dan <rhyme label="c" type="m" corresp="#s4:l4">gaet</rhyme>,</l>
        <l id="s4:l7" met="4" type="+-">En hoed&#8217; my, en mijn vee oock <rhyme label="e" type="m">mee</rhyme>.</l>
      </lg>
      <lg id="s5" type="stanza">
        <l id="s5:l1" met="5" type="+-">Komt dan Lief en gaet met Cloris <rhyme label="a" type="m">mee</rhyme>,</l>
        <l id="s5:l2" met="5" type="+-">Nu geen Satier komt u omtrent, noch <rhyme label="b" type="m">wolf</rhyme>,</l>
        <l id="s5:l3" met="2" type="+-">Oock u <rhyme label="a" type="m" corresp="#s5:l1">Vee</rhyme>,</l>
        <l id="s5:l4" met="5" type="-+">Of dees mijn Herders staf, die gaf haer <rhyme label="c" type="m">straf</rhyme></l>
        <l id="s5:l5" met="3" type="-+">Van haer <rhyme label="d" type="m">vermetelheydt</rhyme>,</l>
        <l id="s5:l6" met="4" type="-+">Geen tijts toe val ons scheyt, als &#8216;t <rhyme label="c" type="m" corresp="#s5:l4">graf</rhyme>:</l>
        <l id="s5:l7" met="4" type="+-">Want Cloris vast bemindt <rhyme label="e" type="m">Lerind</rhyme>.</l>
      </lg>
      <lg id="s6" type="stanza">
        <l id="s6:l1" met="5" type="+-">Velt-godin roemwaerde schoone <rhyme label="a" type="m">Maegt</rhyme>.</l>
        <l id="s6:l2" met="5" type="+-">Ciersel van ons tijt, diens vernuft Cloris <rhyme label="b" type="m">gheest</rhyme>,</l>
        <l id="s6:l3" met="2" type="+-">Soo <rhyme label="a" type="m" corresp="#s6:l1">behaeght</rhyme>,</l>
        <l id="s6:l4" met="5" type="-+">Dat nimmer uyt mijn sin, u min en <rhyme label="c" type="m">kan</rhyme>:</l>
        <l id="s6:l5" met="3" type="-+">Maer groeyt steets met mijn <rhyme label="d" type="m">jeught</rhyme>,</l>
        <l id="s6:l6" met="4" type="-+">En voedt mijn ziel met vreught, waer <rhyme label="c" type="m" corresp="#s6:l4">van</rhyme>:</l>
        <l id="s6:l7" met="4" type="+-">Soo ick het soet eens derf, ick <rhyme label="e" type="m">sterf</rhyme>.</l>
      </lg>
    </lg>
  </text>
</song>