<song>
  <meta>
    <id>13795</id>
    <date>
      <year-start>1643</year-start>
      <year-end>1643</year-end>
    </date>
    <location>
      <orginal-name>haarlem</orginal-name>
      <standard-name>Haarlem, The Netherlands</standard-name>
      <coordinates>
        <lon>52.3885317</lon>
        <lat>4.6388048</lat>
      </coordinates>
    </location>
    <tags>
      <tag standard-name="liefdeslied" translation="love song">liefdeslied</tag>
    </tags>
    <melody>O kerstnacht schoner dan de dagen</melody>
    <categories>
      <category translation="love and sex">liefde en seks</category>
    </categories>
  <author>Anonymous</author></meta>
  <text>
    <lg type="song">
      <lg id="s1" type="stanza">
        <l id="s1:l1" met="4" type="-+">O! Kusjens die mijn Lief <rhyme label="a" type="f">ontslippen</rhyme>,</l>
        <l id="s1:l2" met="4" type="-+">Hoe vruchtbaer doud&#8217; ghy op mijn <rhyme label="a" type="f" corresp="#s1:l1">lippen</rhyme>,</l>
        <l id="s1:l3" met="4" type="-+">En teelt mijn ziel vol soete <rhyme label="b" type="m">lust</rhyme>,</l>
        <l id="s1:l4" met="4" type="-+">Dien ick ghevoel ten Hemel <rhyme label="c" type="f">sweven</rhyme>:</l>
        <l id="s1:l5" met="4" type="-+">Corinne schept my een nieuw <rhyme label="c" type="f" corresp="#s1:l4">leven</rhyme>,</l>
        <l id="s1:l6" met="4" type="-+">Als sy my met haer lipjens <rhyme label="b" type="m" corresp="#s1:l3">kust</rhyme>.</l>
      </lg>
      <lg id="s2" type="stanza">
        <l id="s2:l1" met="4" type="-+">O! ooghjes als twee gulde <rhyme label="a" type="f">Sonnen</rhyme>,</l>
        <l id="s2:l2" met="4" type="-+">Die eerst mijn hert en ziel <rhyme label="a" type="f" corresp="#s2:l1">verwonnen</rhyme>,</l>
        <l id="s2:l3" met="4" type="-+">Vw&#8217; glans verdooft het Hemels <rhyme label="b" type="m">licht</rhyme>:</l>
        <l id="s2:l4" met="4" type="-+">De min komt uyt den Hemel <rhyme label="c" type="f">dalen</rhyme>,</l>
        <l id="s2:l5" met="4" type="-+">Om hem te baeck&#8217;ren in u <rhyme label="c" type="f" corresp="#s2:l4">stralen</rhyme>,</l>
        <l id="s2:l6" met="4" type="-+">En leeft en sweeft in &#8216;t soet <rhyme label="b" type="m" corresp="#s2:l3">ghesicht</rhyme>.</l>
      </lg>
      <lg id="s3" type="stanza">
        <l id="s3:l1" met="4" type="-+">O! wangetjens, wiens soete <rhyme label="a" type="f">bloosjes</rhyme>,</l>
        <l id="s3:l2" met="4" type="-+">Als nieuw en eerst ontloocken <rhyme label="a" type="f" corresp="#s3:l1">roosjes</rhyme>,</l>
        <l id="s3:l3" met="4" type="-+">Verheughen yders hel <rhyme label="b" type="m">ghesicht</rhyme>,</l>
        <l id="s3:l4" met="4" type="-+">Die vaeck met purpren douw <rhyme label="c" type="f">beladen</rhyme>,</l>
        <l id="s3:l5" met="4" type="-+">Van traentjes daer in dan komt <rhyme label="c" type="f" corresp="#s3:l4">baden</rhyme>,</l>
        <l id="s3:l6" met="4" type="-+">Het vlugh en dart&#8217;le Venus <rhyme label="b" type="m" corresp="#s3:l3">wicht</rhyme>.</l>
      </lg>
      <lg id="s4" type="stanza">
        <l id="s4:l1" met="4" type="-+">O! soete rond ghekrulde <rhyme label="a" type="f">tuytjes</rhyme>,</l>
        <l id="s4:l2" met="4" type="-+">Daer Venus weel&#8217;ghe <rhyme label="a" type="f" corresp="#s4:l1">Minne-guytjes</rhyme>,</l>
        <l id="s4:l3" met="4" type="-+">Haer in verstricken naer <rhyme label="b" type="m">ghewoont</rhyme>:</l>
        <l id="s4:l4" met="4" type="-+">Die sy voor Venus krans <rhyme label="c" type="f">beminnen</rhyme>,</l>
        <l id="s4:l5" met="4" type="-+">Die Iunoos kroon in glans <rhyme label="c" type="f" corresp="#s4:l4">verwinnen</rhyme>,</l>
        <l id="s4:l6" met="4" type="-+">Het welck Corinnaes wesen <rhyme label="b" type="m" corresp="#s4:l3">kroont</rhyme>.</l>
      </lg>
      <lg id="s5" type="stanza">
        <l id="s5:l1" met="4" type="-+">O! lipjes laet de Bytjens <rhyme label="a" type="f">tuyghen</rhyme>,</l>
        <l id="s5:l2" met="4" type="-+">Wat honigh dauw sy uyt u <rhyme label="a" type="f" corresp="#s5:l1">suyghen</rhyme>,</l>
        <l id="s5:l3" met="4" type="-+">O! neen ten is gheen honigh <rhyme label="b" type="m">dauw</rhyme>,</l>
        <l id="s5:l4" met="4" type="-+">&#8216;t Zijn rantjens vande Nectar <rhyme label="c" type="f">stromen</rhyme>,</l>
        <l id="s5:l5" met="4" type="-+">Daer haer de Goden laven <rhyme label="c" type="f" corresp="#s5:l4">komen</rhyme>:</l>
        <l id="s5:l6" met="4" type="-+">Wanneer sy zijn door vreughde <rhyme label="b" type="m" corresp="#s5:l3">flauw</rhyme>.</l>
      </lg>
      <lg id="s6" type="stanza">
        <l id="s6:l1" met="4" type="-+">Ghy zijt een Pallas in uw&#8217; <rhyme label="a" type="f">reden</rhyme>,</l>
        <l id="s6:l2" met="4" type="-+">Een Iunio in uw&#8217; fiere <rhyme label="a" type="f" corresp="#s6:l1">leden</rhyme>,</l>
        <l id="s6:l3" met="4" type="-+">Een Venus in u soet <rhyme label="b" type="m">ghelaet</rhyme>:</l>
        <l id="s6:l4" met="4" type="-+">Ick stae als Paris suff van <rhyme label="c" type="f">sinnen</rhyme>,</l>
        <l id="s6:l5" met="4" type="-+">En deel mijn hert aen u <rhyme label="c" type="f" corresp="#s6:l4">Corinne</rhyme>,</l>
        <l id="s6:l6" met="4" type="-+">Die allen lof te boven <rhyme label="b" type="m" corresp="#s6:l3">gaet</rhyme>,</l>
      </lg>
    </lg>
  </text>
</song>