<song>
  <meta>
    <id>13803</id>
    <date>
      <year-start>1643</year-start>
      <year-end>1643</year-end>
    </date>
    <location>
      <orginal-name>haarlem</orginal-name>
      <standard-name>Haarlem, The Netherlands</standard-name>
      <coordinates>
        <lon>52.3885317</lon>
        <lat>4.6388048</lat>
      </coordinates>
    </location>
    <tags>
      <tag standard-name="liefdeslied" translation="love song">liefdeslied</tag>
    </tags>
    <melody>Schoonste nimf van het woud</melody>
    <categories>
      <category translation="love and sex">liefde en seks</category>
    </categories>
  <author>Anonymous</author></meta>
  <text>
    <lg type="song">
      <lg id="s1" type="stanza">
        <l id="s1:l1" met="4" type="+-">ACh verherde <rhyme label="a" type="m">Herderin</rhyme>,</l>
        <l id="s1:l2" met="2" type="+-">Die mijn <rhyme label="a" type="m" corresp="#s1:l1">Min</rhyme>,</l>
        <l id="s1:l3" met="4" type="+-">Niet en acht, jae schijnt te <rhyme label="b" type="f">gecken</rhyme>,</l>
        <l id="s1:l4" met="4" type="+-">Met al&#8217;t geen mijn ziel u <rhyme label="c" type="m">doet</rhyme>,</l>
        <l id="s1:l5" met="2" type="+-">Dies hy <rhyme label="c" type="m" corresp="#s1:l4">moet</rhyme>,</l>
        <l id="s1:l6" met="4" type="+-">Wt sijn oude wooningh <rhyme label="b" type="f" corresp="#s1:l3">trecken</rhyme>.</l>
      </lg>
      <lg id="s2" type="stanza">
        <l id="s2:l1" met="4" type="+-">Is u harde Vorst <rhyme label="a" type="m">Metael</rhyme>,</l>
        <l id="s2:l2" met="2" type="+-">Of van <rhyme label="a" type="m" corresp="#s2:l1">stael</rhyme>,</l>
        <l id="s2:l3" met="4" type="+-">Op-gesmeet van Vulcaens <rhyme label="b" type="f">hande</rhyme>,</l>
        <l id="s2:l4" met="4" type="+-">Of u poesselicke <rhyme label="c" type="m">vleys</rhyme>,</l>
        <l id="s2:l5" met="2" type="+-">Kout als <rhyme label="c" type="m" corresp="#s2:l4">Ys</rhyme>,</l>
        <l id="s2:l6" met="4" type="+-">Dat van hette niet kan <rhyme label="b" type="f" corresp="#s2:l3">branden</rhyme>.</l>
      </lg>
      <lg id="s3" type="stanza">
        <l id="s3:l1" met="4" type="+-">Zijt ghy dan alleen <rhyme label="a" type="m">Goddin</rhyme>,</l>
        <l id="s3:l2" met="2" type="+-">Die de <rhyme label="a" type="m" corresp="#s3:l1">min</rhyme></l>
        <l id="s3:l3" met="4" type="+-">Soeckt te haten buyten <rhyme label="b" type="f">reden</rhyme>?</l>
        <l id="s3:l4" met="4" type="+-">Of is uwe wensch mijn <rhyme label="c" type="m">doodt</rhyme>?</l>
        <l id="s3:l5" met="2" type="+-">Laet u <rhyme label="c" type="m" corresp="#s3:l4">schoot</rhyme></l>
        <l id="s3:l6" met="4" type="+-">Zijn mijn graf, ick ben te <rhyme label="b" type="f" corresp="#s3:l3">vreden</rhyme>?</l>
      </lg>
      <lg id="s4" type="stanza">
        <l id="s4:l1" met="4" type="+-">Soo sal mijn verliefde <rhyme label="a" type="m">hert</rhyme>,</l>
        <l id="s4:l2" met="2" type="+-">In sijn <rhyme label="a" type="m" corresp="#s4:l1">smert</rhyme>,</l>
        <l id="s4:l3" met="4" type="+-">Nae druckx-lijdingh troostingh <rhyme label="b" type="f">vinde</rhyme>,</l>
        <l id="s4:l4" met="4" type="+-">Mits mijn doodt ghenieten <rhyme label="c" type="m">mocht</rhyme>,</l>
        <l id="s4:l5" met="2" type="+-">&#8216;t Gheen ick <rhyme label="c" type="m" corresp="#s4:l4">socht</rhyme>,</l>
        <l id="s4:l6" met="4" type="+-">Aen die geen die ick <rhyme label="b" type="f" corresp="#s4:l3">beminde</rhyme>.</l>
      </lg>
    </lg>
  </text>
</song>