<song>
  <meta>
    <id>13802</id>
    <date>
      <year-start>1643</year-start>
      <year-end>1643</year-end>
    </date>
    <location>
      <orginal-name>haarlem</orginal-name>
      <standard-name>Haarlem, The Netherlands</standard-name>
      <coordinates>
        <lon>52.3885317</lon>
        <lat>4.6388048</lat>
      </coordinates>
    </location>
    <tags>
      <tag standard-name="liefdeslied" translation="love song">liefdeslied</tag>
    </tags>
    <melody>Rozemond die lag gedoken</melody>
    <categories>
      <category translation="love and sex">liefde en seks</category>
    </categories>
  <author>Anonymous</author></meta>
  <text>
    <lg type="song">
      <lg id="s1" type="stanza">
        <l id="s1:l1" met="4" type="+-">Als wy naer de elsse <rhyme label="a" type="f">boomen</rhyme>,</l>
        <l id="s1:l2" met="4" type="+-">Langhs het water-kantjen <rhyme label="b" type="m">heen</rhyme>,</l>
        <l id="s1:l3" met="4" type="+-">(Daer de soete waters <rhyme label="a" type="f" corresp="#s1:l1">stroomen</rhyme>)</l>
        <l id="s1:l4" met="4" type="+-">Met ons Beydtjes gingen <rhyme label="b" type="m" corresp="#s1:l2">treen</rhyme>,</l>
        <l id="s1:l5" met="4" type="+-">Daer sich geen Zatir <rhyme label="c" type="m">verstout</rhyme>,</l>
        <l id="s1:l6" met="4" type="+-">Te vertoonen in het <rhyme label="c" type="m" corresp="#s1:l5">Wout</rhyme>.</l>
      </lg>
      <lg id="s2" type="stanza">
        <l id="s2:l1" met="4" type="+-">Sal de tijdt niet eens weer <rhyme label="a" type="f">komen</rhyme>,</l>
        <l id="s2:l2" met="4" type="+-">Dat ick u schaer-laken <rhyme label="b" type="m">rock</rhyme>,</l>
        <l id="s2:l3" met="4" type="+-">&#8216;t Wijl ghy soet lach in uw <rhyme label="a" type="f" corresp="#s2:l1">droomen</rhyme>,</l>
        <l id="s2:l4" met="4" type="+-">Ghingh op-lichten, (doch uyt <rhyme label="b" type="m" corresp="#s2:l2">jock</rhyme>,)</l>
        <l id="s2:l5" met="4" type="+-">Daer ghy eerst wat quaedt om <rhyme label="c" type="m">waert</rhyme>,</l>
        <l id="s2:l6" met="4" type="+-">Doch de twist was haest <rhyme label="c" type="m" corresp="#s2:l5">gespaert</rhyme>?</l>
      </lg>
      <lg id="s3" type="stanza">
        <l id="s3:l1" met="4" type="+-">&#8217;k Hoop, en wensch soo langh te <rhyme label="a" type="f">leven</rhyme>,</l>
        <l id="s3:l2" met="4" type="+-">Dat ick Rosemondes <rhyme label="b" type="m">mont</rhyme>,</l>
        <l id="s3:l3" met="4" type="+-">Sal soo menigh kusje <rhyme label="a" type="f" corresp="#s3:l1">geven</rhyme>,</l>
        <l id="s3:l4" met="4" type="+-">Als mijn ziel eerst vreughden <rhyme label="b" type="m" corresp="#s3:l2">vont</rhyme>,</l>
        <l id="s3:l5" met="4" type="+-">In &#8216;t om-helsen mijns <rhyme label="c" type="m">Goddin</rhyme>,</l>
        <l id="s3:l6" met="4" type="+-">Tot voldoeningh van de <rhyme label="c" type="m" corresp="#s3:l5">Min</rhyme>.</l>
      </lg>
    </lg>
  </text>
</song>