<song>
  <meta>
    <id>13804</id>
    <date>
      <year-start>1643</year-start>
      <year-end>1643</year-end>
    </date>
    <location>
      <orginal-name>haarlem</orginal-name>
      <standard-name>Haarlem, The Netherlands</standard-name>
      <coordinates>
        <lon>52.3885317</lon>
        <lat>4.6388048</lat>
      </coordinates>
    </location>
    <tags>
      <tag standard-name="nieuwjaarslied" translation="new year's song">nieuwjaarslied</tag>
    </tags>
    <melody>Kan ik er dan geen troost verwerven</melody>
    <categories>
      <category translation="seasons and annual events">jaarkring</category>
    </categories>
  <author>Anonymous</author></meta>
  <text>
    <lg type="song">
      <lg id="s1" type="stanza">
        <l id="s1:l1" met="4" type="-+">WAt isser broosser als ons <rhyme label="a" type="f">leven</rhyme>?</l>
        <l id="s1:l2" met="4" type="-+">Wat isser vluggher als de <rhyme label="b" type="m">tijdt</rhyme>?</l>
        <l id="s1:l3" met="4" type="-+">Die ons al slapend&#8217; gaet <rhyme label="a" type="f" corresp="#s1:l1">begheven</rhyme>,</l>
        <l id="s1:l4" met="4" type="-+">Die wy al speelend&#8217; worden <rhyme label="b" type="m" corresp="#s1:l2">quijt</rhyme>:</l>
        <l id="s1:l5" met="4" type="-+">&#8216;t Een jaer gaet voor, en &#8216;t ander <rhyme label="c" type="m">naer</rhyme>,</l>
        <l id="s1:l6" met="4" type="-+">Laet ons den tijdt wel nemen <rhyme label="c" type="m" corresp="#s1:l5">waer</rhyme>,</l>
        <l id="s1:l7" met="4" type="-+">En leven so men sterven <rhyme label="d" type="m">wil</rhyme>,</l>
        <l id="s1:l8" met="4" type="-+">Of ons de doodt eens <rhyme label="d" type="m" corresp="#s1:l7">overvil</rhyme>.</l>
      </lg>
      <lg id="s2" type="stanza">
        <l id="s2:l1" met="4" type="-+">Grijsen gewieckten <rhyme label="a" type="f">zeysen-dragher</rhyme>,</l>
        <l id="s2:l2" met="4" type="-+">Die nimmermeer en siet te <rhyme label="b" type="m">rugh</rhyme>,</l>
        <l id="s2:l3" met="4" type="-+">d&#8217; Ouderdom maeckt u niet te <rhyme label="a" type="f" corresp="#s2:l1">tragher</rhyme>:</l>
        <l id="s2:l4" met="4" type="-+">Maer blijft in &#8216;t lopen even <rhyme label="b" type="m" corresp="#s2:l2">vlugh</rhyme>,</l>
        <l id="s2:l5" met="4" type="-+">Met snelle wiecken ghy vaeck <rhyme label="c" type="m">ontvlieght</rhyme>,</l>
        <l id="s2:l6" met="4" type="-+">Den dommen mensch, die sich <rhyme label="c" type="m" corresp="#s2:l5">bedrieght</rhyme>,</l>
        <l id="s2:l7" met="4" type="-+">Die sijnen schoonen tijt <rhyme label="d" type="m">vergist</rhyme>:</l>
        <l id="s2:l8" met="4" type="-+">Iae menichmael onnut <rhyme label="d" type="m" corresp="#s2:l7">verquist</rhyme>.</l>
      </lg>
      <lg id="s3" type="stanza">
        <l id="s3:l1" met="4" type="-+">O yd&#8217;le mensch! waer zijn u <rhyme label="a" type="f">sinnen</rhyme>?</l>
        <l id="s3:l2" met="4" type="-+">Dat ghy u selven soo <rhyme label="b" type="m">vergaept</rhyme>:</l>
        <l id="s3:l3" met="4" type="-+">Wilt met het nieuwe jaer <rhyme label="a" type="f" corresp="#s3:l1">beginnen</rhyme>,</l>
        <l id="s3:l4" met="4" type="-+">Niet langher inde sonden <rhyme label="b" type="m" corresp="#s3:l2">slaept</rhyme>:</l>
        <l id="s3:l5" met="4" type="-+">Tracht nae de eeuw&#8217;ghe <rhyme label="c" type="m">saligheyt</rhyme>,</l>
        <l id="s3:l6" met="4" type="-+">Die ons door Christum is <rhyme label="c" type="m" corresp="#s3:l5">bereyt</rhyme>:</l>
        <l id="s3:l7" met="4" type="-+">Neemt dan de tijdt van heden <rhyme label="d" type="m">waer</rhyme>,</l>
        <l id="s3:l8" met="4" type="-+">Toont u boetvaerdigh in &#8216;t <rhyme label="d" type="m" corresp="#s3:l7">Nieuwe-jaer</rhyme>.</l>
      </lg>
    </lg>
  </text>
</song>