<song>
  <meta>
    <id>13807</id>
    <date>
      <year-start>1643</year-start>
      <year-end>1643</year-end>
    </date>
    <location>
      <orginal-name>haarlem</orginal-name>
      <standard-name>Haarlem, The Netherlands</standard-name>
      <coordinates>
        <lon>52.3885317</lon>
        <lat>4.6388048</lat>
      </coordinates>
    </location>
    <tags>
      <tag standard-name="liefdeslied" translation="love song">liefdeslied</tag>
    </tags>
    <melody>O kerstnacht schoner dan de dagen</melody>
    <categories>
      <category translation="love and sex">liefde en seks</category>
    </categories>
  <author>Anonymous</author></meta>
  <text>
    <lg type="song">
      <lg id="s1" type="stanza">
        <l id="s1:l1" met="4" type="-+">O Clarimeen wie kan <rhyme label="a" type="f">uytbeelden</rhyme>,</l>
        <l id="s1:l2" met="4" type="-+">De gaven die natuer <rhyme label="a" type="f" corresp="#s1:l1">medeelden</rhyme>?</l>
        <l id="s1:l3" met="4" type="-+">V lichaem soo in als <rhyme label="b" type="m">volmaeckt</rhyme>,</l>
        <l id="s1:l4" met="4" type="-+">De schoonheyt staer-ooght op u <rhyme label="c" type="f">schoonheyt</rhyme>,</l>
        <l id="s1:l5" met="4" type="-+">Verwondert sich van &#8216;t gheen ten toon <rhyme label="c" type="f" corresp="#s1:l4">leydt</rhyme>,</l>
        <l id="s1:l6" met="4" type="-+">En voelt sich selfs van u <rhyme label="b" type="m" corresp="#s1:l3">gheraekt</rhyme>.</l>
      </lg>
      <lg id="s2" type="stanza">
        <l id="s2:l1" met="4" type="-+">V voorhooft met natuers <rhyme label="a" type="f">blancketsel</rhyme>,</l>
        <l id="s2:l2" met="4" type="-+">Waer aen men siet noch dat, noch <rhyme label="a" type="f" corresp="#s2:l1">letsel</rhyme>:</l>
        <l id="s2:l3" met="4" type="-+">En ooghjens bruynder als een <rhyme label="b" type="m">git</rhyme>,</l>
        <l id="s2:l4" met="4" type="-+">Omcingelt met twee swarte <rhyme label="c" type="f">booghjens</rhyme>,</l>
        <l id="s2:l5" met="4" type="-+">Die niet te laegh, of niet te <rhyme label="c" type="f" corresp="#s2:l4">hooghjens</rhyme>,</l>
        <l id="s2:l6" met="4" type="-+">Verciert het suyver Maeghden <rhyme label="b" type="m" corresp="#s2:l3">wit</rhyme>.</l>
      </lg>
      <lg id="s3" type="stanza">
        <l id="s3:l1" met="4" type="-+">V kaeckjens zijn twee schoone <rhyme label="a" type="f">Roosen</rhyme>,</l>
        <l id="s3:l2" met="4" type="-+">Die door natuer veel schoonder <rhyme label="a" type="f" corresp="#s3:l1">bloosen</rhyme>,</l>
        <l id="s3:l3" met="4" type="-+">Als &#8216;t incarnaet, of &#8216;t <rhyme label="b" type="m">fermillion</rhyme>,</l>
        <l id="s3:l4" met="4" type="-+">&#8216;t Gheen pronckt op Parlamoere <rhyme label="c" type="f">plaeten</rhyme>,</l>
        <l id="s3:l5" met="4" type="-+">Natura soeckt aen u te <rhyme label="c" type="f" corresp="#s3:l4">laten</rhyme>,</l>
        <l id="s3:l6" met="4" type="-+">&#8216;t Gheen hy aen and&#8217;re niet wil <rhyme label="b" type="m" corresp="#s3:l3">doen</rhyme>.</l>
      </lg>
      <lg id="s4" type="stanza">
        <l id="s4:l1" met="4" type="-+">O soete mont! waer uyt de <rhyme label="a" type="f">woorden</rhyme></l>
        <l id="s4:l2" met="4" type="-+">Gaen in mijn ziel, die mijn <rhyme label="a" type="f" corresp="#s4:l1">bekoorden</rhyme>,</l>
        <l id="s4:l3" met="4" type="-+">O Maeght verciert met stijl van <rhyme label="b" type="m">re&#8217;en</rhyme>:</l>
        <l id="s4:l4" met="4" type="-+">Van u de soete woorden <rhyme label="c" type="f">vloeyen</rhyme>,</l>
        <l id="s4:l5" met="4" type="-+">Die mijn ziel klemt, en schijnt te <rhyme label="c" type="f" corresp="#s4:l4">boeyen</rhyme>:</l>
        <l id="s4:l6" met="4" type="-+">Dies ghy van my wort <rhyme label="b" type="m" corresp="#s4:l3">aenghebe&#8217;en</rhyme>.</l>
      </lg>
      <lg id="s5" type="stanza">
        <l id="s5:l1" met="4" type="-+">V wesen deftigh doet <rhyme label="a" type="f">bekooren</rhyme>,</l>
        <l id="s5:l2" met="4" type="-+">Die u maer siet, schijnt hy <rhyme label="a" type="f" corresp="#s5:l1">ghebooren</rhyme></l>
        <l id="s5:l3" met="4" type="-+">Zijt (mijn beminde <rhyme label="b" type="m">Clarimene</rhyme>)</l>
        <l id="s5:l4" met="4" type="-+">Tot een uytstel vande <rhyme label="c" type="f">Maeghden</rhyme>,</l>
        <l id="s5:l5" met="4" type="-+">En quelster van die u <rhyme label="c" type="f" corresp="#s5:l4">behaeghde</rhyme>,</l>
        <l id="s5:l6" met="4" type="-+">Vermits het beste woort is <rhyme label="b" type="m" corresp="#s5:l3">neen</rhyme>.</l>
      </lg>
      <lg id="s6" type="stanza">
        <l id="s6:l1" met="4" type="-+">O! Peerel van ons tijdt, <rhyme label="a" type="f">Beminde</rhyme></l>
        <l id="s6:l2" met="4" type="-+">Laet af u strafheyt ghy sult <rhyme label="a" type="f" corresp="#s6:l1">vinde</rhyme></l>
        <l id="s6:l3" met="4" type="-+">Een die u niet verlaten <rhyme label="b" type="m">sal</rhyme>:</l>
        <l id="s6:l4" met="4" type="-+">Maer u trouheyt sal <rhyme label="c" type="f">bewijsen</rhyme>,</l>
        <l id="s6:l5" met="4" type="-+">Veel meerder liefd&#8217; al d&#8217;oud&#8217; <rhyme label="c" type="f" corresp="#s6:l4">Anchijse</rhyme>,</l>
        <l id="s6:l6" met="4" type="-+">Kreegh van sijn Soon in Troyaes <rhyme label="b" type="m" corresp="#s6:l3">wal</rhyme>.</l>
      </lg>
    </lg>
  </text>
</song>