<song>
  <meta>
    <id>13806</id>
    <date>
      <year-start>1643</year-start>
      <year-end>1643</year-end>
    </date>
    <location>
      <orginal-name>haarlem</orginal-name>
      <standard-name>Haarlem, The Netherlands</standard-name>
      <coordinates>
        <lon>52.3885317</lon>
        <lat>4.6388048</lat>
      </coordinates>
    </location>
    <tags>
      <tag standard-name="drinklied" translation="drinking song">drinklied</tag>
      <tag standard-name="studentenlied" translation="student song">studentenlied</tag>
    </tags>
    <melody>Pots honderdduizend slapperment</melody>
    <categories>
      <category translation="groups">groepen</category>
      <category translation="amusement">vermaak</category>
    </categories>
  <author>Anonymous</author></meta>
  <text>
    <lg type="song">
      <lg id="s1" type="stanza">
        <l id="s1:l1" met="4" type="+-">Nuper in <rhyme label="a" type="m">hospitio</rhyme>,</l>
        <l id="s1:l2" met="3" type="-+">Daer ick en kan&#8217;ken <rhyme label="b" type="m">dronck</rhyme>,</l>
        <l id="s1:l3" met="4" type="+-">Vnico <rhyme label="a" type="m" corresp="#s1:l1">consortio</rhyme>,</l>
        <l id="s1:l4" met="3" type="-+">Daer sat een Meysken <rhyme label="b" type="m" corresp="#s1:l2">jonck</rhyme>,</l>
        <l id="s1:l5" met="4" type="+-">Dulce melos <rhyme label="c" type="m">modulans</rhyme>,</l>
        <l id="s1:l6" met="3" type="-+">&#8216;t Welck door de kamer <rhyme label="d" type="m">klanck</rhyme>,</l>
        <l id="s1:l7" met="4" type="+-">Postea quid <rhyme label="c" type="m" corresp="#s1:l5">meditans</rhyme>,</l>
        <l id="s1:l8" met="3" type="-+">Doe was het desen <rhyme label="d" type="m" corresp="#s1:l6">sanck</rhyme>.</l>
      </lg>
      <lg id="s2" type="stanza">
        <l id="s2:l1" met="4" type="+-">Adis <rhyme label="a" type="m">diversoria</rhyme>,</l>
        <l id="s2:l2" met="3" type="-+">Te maecken goede <rhyme label="b" type="m">cier</rhyme>,</l>
        <l id="s2:l3" met="4" type="+-">Nulla tibi <rhyme label="a" type="m" corresp="#s2:l1">gloria</rhyme>,</l>
        <l id="s2:l4" met="3" type="-+">Alleen by &#8216;t versche <rhyme label="b" type="m" corresp="#s2:l2">Bier</rhyme>.</l>
        <l id="s2:l5" met="4" type="+-">Mox vocatur <rhyme label="c" type="m">hospita</rhyme>,</l>
        <l id="s2:l6" met="3" type="-+">Men vraechter nae <rhyme label="d" type="m">Taback</rhyme>,</l>
        <l id="s2:l7" met="4" type="+-">Datur nova <rhyme label="c" type="m" corresp="#s2:l5">fistula</rhyme>.</l>
        <l id="s2:l8" met="3" type="-+">Alles tot u <rhyme label="d" type="m" corresp="#s2:l6">gemack</rhyme>.</l>
      </lg>
      <lg id="s3" type="stanza">
        <l id="s3:l1" met="4" type="+-">Isthaec herba <rhyme label="a" type="m">scinditur</rhyme>,</l>
        <l id="s3:l2" met="3" type="-+">En over &#8216;t vuyr <rhyme label="b" type="m">ghedrooght</rhyme>:</l>
        <l id="s3:l3" met="4" type="+-">Fistulaeque <rhyme label="a" type="m" corresp="#s3:l1">infunditur</rhyme>,</l>
        <l id="s3:l4" met="3" type="-+">Op dat ghy &#8216;t suyghen <rhyme label="b" type="m" corresp="#s3:l2">mooght</rhyme>,</l>
        <l id="s3:l5" met="4" type="+-">Igne Mox <rhyme label="c" type="m">accenditur</rhyme>,</l>
        <l id="s3:l6" met="3" type="-+">Is dat niet wel <rhyme label="d" type="m">ghedaen</rhyme>?</l>
        <l id="s3:l7" met="4" type="+-">Fumus inde <rhyme label="c" type="m" corresp="#s3:l5">trahitur</rhyme>.</l>
        <l id="s3:l8" met="3" type="-+">Daer gaet het smoocken <rhyme label="d" type="m" corresp="#s3:l6">aen</rhyme>.</l>
      </lg>
      <lg id="s4" type="stanza">
        <l id="s4:l1" met="4" type="+-">Inde squalor <rhyme label="a" type="m">lividus</rhyme>,</l>
        <l id="s4:l2" met="3" type="-+">Beslaet een groote <rhyme label="b" type="m">stee</rhyme>,</l>
        <l id="s4:l3" met="4" type="+-">Volat velut <rhyme label="a" type="m" corresp="#s4:l1">fluvius</rhyme>,</l>
        <l id="s4:l4" met="3" type="-+">En maeckt een groote <rhyme label="b" type="m" corresp="#s4:l2">zee</rhyme>,</l>
        <l id="s4:l5" met="4" type="+-">Bibunt circum <rhyme label="c" type="m">circa</rhyme>,</l>
        <l id="s4:l6" met="3" type="-+">Seer frisch een mael <rhyme label="d" type="m">herom</rhyme>,</l>
        <l id="s4:l7" met="4" type="+-">Quid evenit <rhyme label="c" type="m" corresp="#s4:l5">postea</rhyme>?</l>
        <l id="s4:l8" met="3" type="-+">Sy werden dol en <rhyme label="d" type="m" corresp="#s4:l6">stom</rhyme>.</l>
      </lg>
      <lg id="s5" type="stanza">
        <l id="s5:l1" met="4" type="+-">Ibi venit <rhyme label="a" type="m">mulier</rhyme>,</l>
        <l id="s5:l2" met="3" type="-+">En soeckt haer lieve <rhyme label="b" type="m">man</rhyme>,</l>
        <l id="s5:l3" met="4" type="+-">Intuens <rhyme label="a" type="m" corresp="#s5:l1">acerbiter</rhyme>,</l>
        <l id="s5:l4" met="3" type="-+">En vint hem by de <rhyme label="b" type="m" corresp="#s5:l2">kan</rhyme>,</l>
        <l id="s5:l5" met="4" type="+-">Dicit cum <rhyme label="c" type="m">suspirio</rhyme>,</l>
        <l id="s5:l6" met="3" type="-+">Lief &#8216;t kan alsoo niet <rhyme label="d" type="m">gaen</rhyme>.</l>
        <l id="s5:l7" met="4" type="+-">Ipse cum <rhyme label="c" type="m" corresp="#s5:l5">delirio</rhyme>,</l>
        <l id="s5:l8" met="3" type="-+">Dit is seer wel <rhyme label="d" type="m" corresp="#s5:l6">ghedaen</rhyme>.</l>
      </lg>
      <lg id="s6" type="stanza">
        <l id="s6:l1" met="4" type="+-">Altera ibi <rhyme label="a" type="m">veniens</rhyme>,</l>
        <l id="s6:l2" met="3" type="-+">Maeckt daer een groot <rhyme label="b" type="m">getier</rhyme>,</l>
        <l id="s6:l3" met="4" type="+-">Saepe verbis <rhyme label="a" type="m" corresp="#s6:l1">rediens</rhyme>.</l>
        <l id="s6:l4" met="3" type="-+">Wat duyvel doet ghy <rhyme label="b" type="m" corresp="#s6:l2">hier</rhyme>?</l>
        <l id="s6:l5" met="4" type="+-">Interim valde <rhyme label="c" type="m">litigans</rhyme>,</l>
        <l id="s6:l6" met="3" type="-+">Ontstaet een groot <rhyme label="d" type="m">ghedruys</rhyme>.</l>
        <l id="s6:l7" met="4" type="+-">Alta voce <rhyme label="c" type="m" corresp="#s6:l5">clamitans</rhyme>,</l>
        <l id="s6:l8" met="3" type="-+">Flucx Iasper mee naer <rhyme label="d" type="m" corresp="#s6:l6">huys</rhyme>.</l>
      </lg>
    </lg>
  </text>
</song>