<song>
  <meta>
    <id>13810</id>
    <date>
      <year-start>1643</year-start>
      <year-end>1643</year-end>
    </date>
    <location>
      <orginal-name>haarlem</orginal-name>
      <standard-name>Haarlem, The Netherlands</standard-name>
      <coordinates>
        <lon>52.3885317</lon>
        <lat>4.6388048</lat>
      </coordinates>
    </location>
    <tags>
      <tag standard-name="loflied" translation="praise song">loflied</tag>
    </tags>
    <melody>Polyphemus aan de stranden</melody>
    <categories>
      <category translation="religion">godsdienst</category>
    </categories>
  <author>Anonymous</author></meta>
  <text>
    <lg type="song">
      <lg id="s1" type="stanza">
        <l id="s1:l1" met="4" type="+-">WAeckt nu op ghy doffe <rhyme label="a" type="f">sinnen</rhyme></l>
        <l id="s1:l2" met="2" type="+-">Wilt niet <rhyme label="a" type="f" corresp="#s1:l1">minnen</rhyme></l>
        <l id="s1:l3" met="4" type="+-">Treurigheydt en flauwe <rhyme label="b" type="m">lust</rhyme>,</l>
        <l id="s1:l4" met="4" type="+-">Maer laet varen dese <rhyme label="c" type="f">dingen</rhyme></l>
        <l id="s1:l5" met="2" type="+-">
          <rhyme label="c" type="f" corresp="#s1:l4">Sonderlingen</rhyme>
        </l>
        <l id="s1:l6" met="4" type="+-">Die de ziel altijdt <rhyme label="b" type="m" corresp="#s1:l3">ontrust</rhyme>.</l>
      </lg>
      <lg id="s2" type="stanza">
        <l id="s2:l1" met="4" type="+-">Medecijn sal ick u <rhyme label="a" type="f">gheven</rhyme></l>
        <l id="s2:l2" met="2" type="+-">In dit <rhyme label="a" type="f" corresp="#s2:l1">leven</rhyme>,</l>
        <l id="s2:l3" met="4" type="+-">Die heel lieflijck is <rhyme label="b" type="m">bereyt</rhyme>,</l>
        <l id="s2:l4" met="4" type="+-">Van veel swart en witte <rhyme label="c" type="f">noten</rhyme>,</l>
        <l id="s2:l5" met="2" type="+-"><rhyme label="c" type="f" corresp="#s2:l4">Overgoten</rhyme>,</l>
        <l id="s2:l6" met="4" type="+-">Met een sap vol <rhyme label="b" type="m" corresp="#s2:l3">soetigheyt</rhyme>.</l>
      </lg>
      <lg id="s3" type="stanza">
        <l id="s3:l1" met="4" type="+-">&#8217;t Is een dranckje om te <rhyme label="a" type="f">gorg&#8217;len</rhyme>,</l>
        <l id="s3:l2" met="2" type="+-">Als de <rhyme label="a" type="f" corresp="#s3:l1">org&#8217;len</rhyme></l>
        <l id="s3:l3" met="4" type="+-">Met de keel door lieve <rhyme label="b" type="m">wint</rhyme>,</l>
        <l id="s3:l4" met="4" type="+-">&#8216;t Ghene maeckt een soet <rhyme label="c" type="f">gherommel</rhyme>,</l>
        <l id="s3:l5" met="2" type="+-">En <rhyme label="c" type="f" corresp="#s3:l4">ghedommel</rhyme>,</l>
        <l id="s3:l6" met="4" type="+-">In het oor van diese <rhyme label="b" type="m" corresp="#s3:l3">mint</rhyme>.</l>
      </lg>
      <lg id="s4" type="stanza">
        <l id="s4:l1" met="4" type="+-">Droeve herten doet het <rhyme label="a" type="f">quelen</rhyme>,</l>
        <l id="s4:l2" met="2" type="+-">Ende <rhyme label="a" type="f" corresp="#s4:l1">spelen</rhyme>:</l>
        <l id="s4:l3" met="4" type="+-">Iae &#8216;t verdrijft een swaren <rhyme label="b" type="m">geest</rhyme>,</l>
        <l id="s4:l4" met="4" type="+-">Sonder pijn, of sonder <rhyme label="c" type="f">knaghen</rhyme>,</l>
        <l id="s4:l5" met="2" type="+-">Alle <rhyme label="c" type="f" corresp="#s4:l4">daghen</rhyme>,</l>
        <l id="s4:l6" met="4" type="+-">&#8216;t Is een goet dat haest <rhyme label="b" type="m" corresp="#s4:l3">gheneest</rhyme>.</l>
      </lg>
      <lg id="s5" type="stanza">
        <l id="s5:l1" met="4" type="+-">Wilt dan dese konst niet <rhyme label="a" type="f">laten</rhyme>,</l>
        <l id="s5:l2" met="2" type="+-">Ofte <rhyme label="a" type="f" corresp="#s5:l1">haten</rhyme>:</l>
        <l id="s5:l3" met="4" type="+-">Maer ghestadigh volghen <rhyme label="b" type="m">na</rhyme>,</l>
        <l id="s5:l4" met="4" type="+-">Tot ghy van der aerd&#8217; moet <rhyme label="c" type="f">scheyden</rhyme>,</l>
        <l id="s5:l5" met="2" type="+-">En <rhyme label="c" type="f" corresp="#s5:l4">verbeyden</rhyme>,</l>
        <l id="s5:l6" met="4" type="+-">&#8216;t Hemelsche <rhyme label="b" type="m" corresp="#s5:l3">Alleluja</rhyme>.</l>
      </lg>
    </lg>
  </text>
</song>