<song>
  <meta>
    <id>13811</id>
    <date>
      <year-start>1643</year-start>
      <year-end>1643</year-end>
    </date>
    <location>
      <orginal-name>haarlem</orginal-name>
      <standard-name>Haarlem, The Netherlands</standard-name>
      <coordinates>
        <lon>52.3885317</lon>
        <lat>4.6388048</lat>
      </coordinates>
    </location>
    <tags>
      <tag standard-name="herderslied" translation="pastoral song">herderslied</tag>
    </tags>
    <melody>Waar schuilt mijn nimfje in het groen</melody>
    <categories>
      <category translation="love and sex">liefde en seks</category>
    </categories>
  <author>Anonymous</author></meta>
  <text>
    <lg type="song">
      <lg id="s1" type="stanza">
        <l id="s1:l1" met="3" type="-+">WAer schuylt mijn Nimphjen in &#8216;t <rhyme label="a" type="m">groen</rhyme>,</l>
        <l id="s1:l2" met="4" type="+-">Die ick nu langh heb&#8217; <rhyme label="b" type="m">ghesocht</rhyme>,</l>
        <l id="s1:l3" met="3" type="-+">Sy heeft haer Schaepjes te <rhyme label="a" type="m" corresp="#s1:l1">voe&#8217;en</rhyme>,</l>
        <l id="s1:l4" met="4" type="+-">Huydemorghen hier <rhyme label="b" type="m" corresp="#s1:l2">ghebrocht</rhyme>,</l>
        <l id="s1:l5" met="4" type="+-">Ey, ey kom, Schaepjes <rhyme label="c" type="m">dom</rhyme>,</l>
        <l id="s1:l6" met="2" type="+-">Keert <rhyme label="c" type="m" corresp="#s1:l5">we&#8217;erom</rhyme>,</l>
        <l id="s1:l7" met="3" type="-+">Op dat ick vind&#8217; mijn <rhyme label="c" type="m" corresp="#s1:l5">blom</rhyme>.</l>
      </lg>
      <lg id="s2" type="stanza">
        <l id="s2:l1" met="3" type="-+">Ick sit hier lichtelijck <rhyme label="a" type="m">neer</rhyme>,</l>
        <l id="s2:l2" met="4" type="+-">En ick brengh mijn fluytje <rhyme label="b" type="m">voort</rhyme>,</l>
        <l id="s2:l3" met="3" type="-+">Dat klinkt in &#8216;t Bosje soo <rhyme label="a" type="m" corresp="#s2:l1">veer</rhyme>,</l>
        <l id="s2:l4" met="4" type="+-">Iae misschien &#8216;t mijn Nimphjen <rhyme label="b" type="m" corresp="#s2:l2">hoort</rhyme>,</l>
        <l id="s2:l5" met="4" type="+-">Amaril staet wat <rhyme label="c" type="m">stil</rhyme>,</l>
        <l id="s2:l6" met="2" type="+-">Of &#8216;t <rhyme label="c" type="m" corresp="#s2:l5">ghevil</rhyme>,</l>
        <l id="s2:l7" met="3" type="-+">Dat ick u vondt nae <rhyme label="c" type="m" corresp="#s2:l5">wil</rhyme>.</l>
      </lg>
      <lg id="s3" type="stanza">
        <l id="s3:l1" met="3" type="-+">Ick siese ginder soo &#8216;k <rhyme label="a" type="m">meen</rhyme>,</l>
        <l id="s3:l2" met="4" type="+-">Die daer op den hooren <rhyme label="b" type="m">blaest</rhyme>,</l>
        <l id="s3:l3" met="3" type="-+">Om soo te krijghen by <rhyme label="a" type="m" corresp="#s3:l1">een</rhyme></l>
        <l id="s3:l4" met="4" type="+-">Al haer Vee dat graeghjes <rhyme label="b" type="m" corresp="#s3:l2">graest</rhyme>,</l>
        <l id="s3:l5" met="4" type="+-">Sy komt aen// &#8216;k wil op <rhyme label="c" type="m">staen</rhyme>,</l>
        <l id="s3:l6" met="2" type="+-">Tot haer <rhyme label="c" type="m" corresp="#s3:l5">gaen</rhyme>,</l>
        <l id="s3:l7" met="3" type="-+">Nu leyt al mijn <rhyme label="c" type="m" corresp="#s3:l5">ghetraen</rhyme>.</l>
      </lg>
      <lg id="s4" type="stanza">
        <l id="s4:l1" met="3" type="-+">Ick groet u hier in het <rhyme label="a" type="m">dal</rhyme>,</l>
        <l id="s4:l2" met="4" type="+-">Ach mijn tweede ziel! mijn <rhyme label="b" type="m">hert</rhyme>,</l>
        <l id="s4:l3" met="3" type="-+">Ick heb&#8217; in &#8216;t Bosch over <rhyme label="a" type="m" corresp="#s4:l1">al</rhyme></l>
        <l id="s4:l4" met="4" type="+-">V ghesocht met groote <rhyme label="b" type="m" corresp="#s4:l2">smert</rhyme>,</l>
        <l id="s4:l5" met="4" type="+-">Dus vriendin// die ick <rhyme label="c" type="m">min</rhyme>,</l>
        <l id="s4:l6" met="2" type="+-">Ist u <rhyme label="c" type="m" corresp="#s4:l5">sin</rhyme>,</l>
        <l id="s4:l7" met="3" type="-+">&#8216;k Gheleyd&#8217; mijn <rhyme label="c" type="m" corresp="#s4:l5">Herderin</rhyme>.</l>
      </lg>
      <lg id="s5" type="stanza">
        <l id="s5:l1" met="3" type="-+">Of is mijn Nimphje <rhyme label="a" type="m">belust</rhyme>,</l>
        <l id="s5:l2" met="4" type="+-">Dat wy aen de water <rhyme label="b" type="m">kant</rhyme>,</l>
        <l id="s5:l3" met="3" type="-+">Een weynigh nemen de <rhyme label="a" type="m" corresp="#s5:l1">rust</rhyme>,</l>
        <l id="s5:l4" met="4" type="+-">Daer de wilchjes staen <rhyme label="b" type="m" corresp="#s5:l2">gheplant</rhyme></l>
        <l id="s5:l5" met="4" type="+-">Aen de bron// daer de <rhyme label="c" type="m">Son</rhyme>,</l>
        <l id="s5:l6" met="2" type="+-">
          <rhyme label="c" type="m" corresp="#s5:l5">Coridon</rhyme>
        </l>
        <l id="s5:l7" met="3" type="-+">Noyt heet besteecken <rhyme label="c" type="m" corresp="#s5:l5">kon</rhyme>.</l>
      </lg>
      <lg id="s6" type="stanza">
        <l id="s6:l1" met="3" type="-+">Laet ons daer vlechten een <rhyme label="a" type="m">krans</rhyme>,</l>
        <l id="s6:l2" met="4" type="+-">Op mijn lieve Nimphjes <rhyme label="b" type="m">hooft</rhyme>,</l>
        <l id="s6:l3" met="3" type="-+">Wiens schoone maeghd&#8217;lijcke <rhyme label="a" type="m" corresp="#s6:l1">glans</rhyme></l>
        <l id="s6:l4" met="4" type="+-">Is ghebonden en <rhyme label="b" type="m" corresp="#s6:l2">verlooft</rhyme>,</l>
        <l id="s6:l5" met="4" type="+-">Aen mijn trouw// en ick <rhyme label="c" type="m">houw</rhyme>:</l>
        <l id="s6:l6" met="2" type="+-">Dat mee <rhyme label="c" type="m" corresp="#s6:l5">Vrouw</rhyme>,</l>
        <l id="s6:l7" met="3" type="-+">Gheen liever minnen <rhyme label="c" type="m" corresp="#s6:l5">souw</rhyme>.</l>
      </lg>
      <lg id="s7" type="stanza">
        <l id="s7:l1" met="3" type="-+">O! bloemtjes roosverwigh <rhyme label="a" type="m">root</rhyme>,</l>
        <l id="s7:l2" met="4" type="+-">Hemels-blaeuw, <rhyme label="b" type="m">albastert-wit</rhyme>:</l>
        <l id="s7:l3" met="3" type="-+">Nu wordje schielick <rhyme label="a" type="m" corresp="#s7:l1">ontbloot</rhyme>,</l>
        <l id="s7:l4" met="4" type="+-">Vande steeltjes daer j&#8217; op <rhyme label="b" type="m" corresp="#s7:l2">sit</rhyme>,</l>
        <l id="s7:l5" met="4" type="+-">En beduyt// &#8216;t maeghde <rhyme label="c" type="m">kruyt</rhyme>,</l>
        <l id="s7:l6" met="2" type="+-">Dat daer <rhyme label="c" type="m" corresp="#s7:l5">spruyt</rhyme>,</l>
        <l id="s7:l7" met="3" type="-+">Tot ciersel van mijn <rhyme label="c" type="m" corresp="#s7:l5">Bruydt</rhyme>.</l>
      </lg>
    </lg>
  </text>
</song>