<song>
  <meta>
    <id>13814</id>
    <date>
      <year-start>1643</year-start>
      <year-end>1643</year-end>
    </date>
    <location>
      <orginal-name>haarlem</orginal-name>
      <standard-name>Haarlem, The Netherlands</standard-name>
      <coordinates>
        <lon>52.3885317</lon>
        <lat>4.6388048</lat>
      </coordinates>
    </location>
    <tags />
    <melody />
  <author>Anonymous</author></meta>
  <text>
    <lg type="song">
      <lg id="s1" type="stanza">
        <l id="s1:l1" met="5" type="-+">EEns eer de Son des smorghens vroegh <rhyme label="a" type="m">begon</rhyme></l>
        <l id="s1:l2" met="5" type="-+">Te steecken op, in &#8216;t kriecken van den <rhyme label="b" type="m">dagh</rhyme>,</l>
        <l id="s1:l3" met="5" type="-+">Terwijl den dauw noch op de blaetjes <rhyme label="b" type="m" corresp="#s1:l2">lagh</rhyme>,</l>
        <l id="s1:l4" met="5" type="-+">Rees ick van &#8216;t bedt, door dien ick <rhyme label="c" type="m">altemet</rhyme>,</l>
        <l id="s1:l5" met="5" type="-+">Veel meer vermaeck in &#8216;t wandelen <rhyme label="d" type="m">raep</rhyme>,</l>
        <l id="s1:l6" met="5" type="-+">Als menich mensch in d&#8217; over soete <rhyme label="d" type="m" corresp="#s1:l5">slaep</rhyme>,</l>
        <l id="s1:l7" met="4" type="-+">Ick maeckte mijn vaerdigh, aensiende het <rhyme label="e" type="m">weer</rhyme>,</l>
        <l id="s1:l8" met="4" type="-+">Wel wandelens waerdigh, dus gingh ick soo <rhyme label="e" type="m" corresp="#s1:l7">veer</rhyme>,</l>
        <l id="s1:l9" met="4" type="-+">Dat ick ben ghekomen in &#8216;t Bos, en ick <rhyme label="f" type="m">trat</rhyme></l>
        <l id="s1:l10" met="4" type="-+">Ter syen de boomen, in &#8216;t waghenaers <rhyme label="f" type="m" corresp="#s1:l9">pat</rhyme>.</l>
      </lg>
      <lg id="s2" type="stanza">
        <l id="s2:l1" met="5" type="-+">Als nu mijn oogh vast gins en weder <rhyme label="a" type="m">vloogh</rhyme>,</l>
        <l id="s2:l2" met="5" type="-+">Sagh ick van veer een Nimphje voor my <rhyme label="b" type="m">gaen</rhyme>,</l>
        <l id="s2:l3" met="5" type="-+">Nu voetjes voort dacht ick wat stijver <rhyme label="b" type="m" corresp="#s2:l2">aen</rhyme>:</l>
        <l id="s2:l4" met="5" type="-+">Maer als ick nou, haer schoonheyt speuren <rhyme label="c" type="m">sou</rhyme>,</l>
        <l id="s2:l5" met="5" type="-+">Sagh ick terstont onder &#8216;t bedeckte <rhyme label="d" type="m">kleedt</rhyme>,</l>
        <l id="s2:l6" met="5" type="-+">Die my wel eer de meeste droefheydt <rhyme label="d" type="m" corresp="#s2:l5">deedt</rhyme>,</l>
        <l id="s2:l7" met="4" type="-+">Dies scheen ick te swijmen, en sprack ha <rhyme label="e" type="m">Goddin</rhyme>!</l>
        <l id="s2:l8" met="4" type="-+">Wat Engel is by my dat ick u hier <rhyme label="e" type="m" corresp="#s2:l7">vin</rhyme>?</l>
        <l id="s2:l9" met="4" type="-+">Wat maeckt ghy alleynigh dus veer buyten <rhyme label="f" type="m">Stee</rhyme>?</l>
        <l id="s2:l10" met="4" type="-+">Met spraeck sy een weynich wat dat ick daer <rhyme label="f" type="m" corresp="#s2:l9">dee</rhyme>.</l>
      </lg>
      <lg id="s3" type="stanza">
        <l id="s3:l1" met="5" type="-+">Doch na veel re&#8217;en, en woorden tusschen <rhyme label="a" type="m">twe&#8217;en</rhyme>,</l>
        <l id="s3:l2" met="5" type="-+">Ginghen wy voort op d&#8217; hooghe berghen <rhyme label="b" type="m">top</rhyme>,</l>
        <l id="s3:l3" met="5" type="-+">Daer hief mijn Lief haer helder keeltjen <rhyme label="b" type="m" corresp="#s3:l2">op</rhyme>,</l>
        <l id="s3:l4" met="5" type="-+">Dat soet gheluyt, van &#8216;t singhen en de <rhyme label="c" type="m">fluyt</rhyme>,</l>
        <l id="s3:l5" met="5" type="-+">Klonck over &#8216;t Velt soo dat den Echo <rhyme label="d" type="m">strack</rhyme>,</l>
        <l id="s3:l6" met="5" type="-+">Tot meer vermaeck de woorden weder <rhyme label="d" type="m" corresp="#s3:l5">sprack</rhyme>:</l>
        <l id="s3:l7" met="4" type="-+">De Son rees wat hoogher, de Velden en &#8216;t <rhyme label="e" type="m">lof</rhyme></l>
        <l id="s3:l8" met="4" type="-+">Die werden vast droogher, dus daelden wy <rhyme label="e" type="m" corresp="#s3:l7">of</rhyme>,</l>
        <l id="s3:l9" met="4" type="-+">Sy klaeghden haer voetjes die deden haer <rhyme label="f" type="m">wee</rhyme>,</l>
        <l id="s3:l10" met="4" type="-+">Dus ginghen wy soetjes, al sachjes nae &#8216;t <rhyme label="f" type="m" corresp="#s3:l9">stee</rhyme>.</l>
      </lg>
    </lg>
  </text>
</song>