<song>
  <meta>
    <id>15184</id>
    <date>
      <year-start>1903</year-start>
      <year-end>1908</year-end>
    </date>
    <tags />
    <melody>Allen die willen naar Island gaan</melody>
  <author>Anonymous</author></meta>
  <text>
    <lg type="song">
      <lg id="s1" type="stanza">
        <l id="s1:l1">Alle die willen naer Island gaen,</l>
        <l id="s1:l2">om kabeljauw te vangen</l>
        <l id="s1:l3">en te visschen met verlangen,</l>
        <l id="s1:l4">naer Iseland, naer Iseland toe,</l>
        <l id="s1:l5">tot driendertig reyzen, zy zyn nog niet mo&#234;.</l>
      </lg>
      <lg id="s2" type="stanza">
        <l id="s2:l1">Als den tyd van de foye komt aen,</l>
        <l id="s2:l2">wy dansen met behagen</l>
        <l id="s2:l3">en me weten van geen klagen.</l>
        <l id="s2:l4">Maer komt den tyd van naer zee te gaen,</l>
        <l id="s2:l5">iedereen is al met een zoo zwaer hoofd bela&#234;n.</l>
      </lg>
      <lg id="s3" type="stanza">
        <l id="s3:l1">Alser de wind van het noorden waeyt,</l>
        <l id="s3:l2">wy gaen naer de herberge</l>
        <l id="s3:l3">en wy drinken zonder erge.</l>
        <l id="s3:l4">Wy drinken daer al op ons gemak,</l>
        <l id="s3:l5">tot dat den lesten stuyver is uyt onzen zak.</l>
      </lg>
      <lg id="s4" type="stanza">
        <l id="s4:l1">Alser de wind van het oosten waeyt,</l>
        <l id="s4:l2">den schipper, bly van herten,</l>
        <l id="s4:l3">zegt: &#8216;wat willen wy laveren?</l>
        <l id="s4:l4">'t zal beter zyn, ja 't zal beter zyn</l>
        <l id="s4:l5">te loopen voor de wind regt de Canele in.&#8217;</l>
      </lg>
      <lg id="s5" type="stanza">
        <l id="s5:l1">Langs de Leezaers en de Schorels voorby;</l>
        <l id="s5:l2">van daer al naer Cap Claire,</l>
        <l id="s5:l3">die niet weet, hy zal wel leeren.</l>
        <l id="s5:l4">Toen komter by onzen stiereman,</l>
        <l id="s5:l5">en hy geeft ons de coers regte naar Iseland.</l>
      </lg>
      <lg id="s6" type="stanza">
        <l id="s6:l1">Dan loopen wy 't eyland Kookol voorby,</l>
        <l id="s6:l2">al naer de Vogelscharen,</l>
        <l id="s6:l3">dat kan ieder openbaren;</l>
        <l id="s6:l4">en van daer naer den hoek Bredefiort,</l>
        <l id="s6:l5">daer smeten wy de kollen al buyten bord.</l>
      </lg>
    </lg>
  </text>
</song>