<song>
  <meta>
    <id>15325</id>
    <date>
      <year-start>1903</year-start>
      <year-end>1908</year-end>
    </date>
    <tags />
    <melody>Anne-Marietje mijn lief kind</melody>
  <author>Anonymous</author></meta>
  <text>
    <lg type="song">
      <lg id="s1" type="stanza">
        <l id="s1:l1">&#8216;Anne-Marietje, mijn lief kind,</l>
        <l id="s1:l2">waartoe zijt gij gezind?</l>
        <l id="s1:l3">'k Zal u in een klooster besteden</l>
        <l id="s1:l4">voor den tijd al van twee jaar,</l>
        <l id="s1:l5">dan zult gij wezen klaar</l>
        <l id="s1:l6">een nonnetje voorwaar.&#8217;</l>
      </lg>
      <lg id="s2" type="stanza">
        <l id="s2:l1">- &#8216;Ma m&#232;re, is dat uwen eesch?</l>
        <l id="s2:l2">Ik en heb geen nonnevleesch,</l>
        <l id="s2:l3">het hangt van achter aan mijn hiele;</l>
        <l id="s2:l4">maar 'k wil een frisschen jongman,</l>
        <l id="s2:l5">die mij gauw door de trouw</l>
        <l id="s2:l6">wil maken zijne vrouw.&#8217;</l>
      </lg>
      <lg id="s3" type="stanza">
        <l id="s3:l1">- &#8216;Dochter, wacht u daar wat van,</l>
        <l id="s3:l2">want u en dient geen man.</l>
        <l id="s3:l3">Dat het uw papa moest weten,</l>
        <l id="s3:l4">hij waar al zoo zeer gestoord</l>
        <l id="s3:l5">als hij hoort dat zijn dochter kleen</l>
        <l id="s3:l6">geen nonnetje wil zijn.&#8217;</l>
      </lg>
      <lg id="s4" type="stanza">
        <l id="s4:l1">Anne-Marietje met loosheid</l>
        <l id="s4:l2">heeft haar te bed geleid.</l>
        <l id="s4:l3">Z' heeft den doktor dan doen komen</l>
        <l id="s4:l4">om te weten wat haar let.</l>
        <l id="s4:l5">Lisebeth, hare moeder teer,</l>
        <l id="s4:l6">die weende daar zoo zeer.</l>
      </lg>
      <lg id="s5" type="stanza">
        <l id="s5:l1">De doktor gaf goeden raad</l>
        <l id="s5:l2">en halam metter daad:</l>
        <l id="s5:l3">&#8216;Haal daartoe wat maagdepalm</l>
        <l id="s5:l4">en daarbij wat liefdekruid;</l>
        <l id="s5:l5">strooi dit al onder een,</l>
        <l id="s5:l6">vergaan zal haar geween.&#8217;</l>
      </lg>
      <lg id="s6" type="stanza">
        <l id="s6:l1">Ma m&#232;re heeft dit dra verstaan,</l>
        <l id="s6:l2">zij heeft den doktor laten gaan;</l>
        <l id="s6:l3">zij heeft haar dochter gaan besteden</l>
        <l id="s6:l4">in het order van Ariaan,</l>
        <l id="s6:l5">daar voorwaar onbelaan</l>
        <l id="s6:l6">vier schoen voor 't bedde staan.</l>
      </lg>
    </lg>
  </text>
</song>