<song>
  <meta>
    <id>15474</id>
    <date>
      <year-start>1903</year-start>
      <year-end>1908</year-end>
    </date>
    <tags />
    <melody>Branle ma&#238;tresse</melody>
  <author>Anonymous</author></meta>
  <text>
    <lg type="song">
      <lg id="s1" type="stanza">
        <l id="s1:l1">Christus is ons verresen,</l>
        <l id="s1:l2">o menschen zijt verheucht,</l>
        <l id="s1:l3">en wilt nu vrolick wesen</l>
        <l id="s1:l4">inwendich, so ghy meucht;</l>
        <l id="s1:l5">deur hem zijn wy ghenesen</l>
        <l id="s1:l6">van sonden en ondeucht.</l>
      </lg>
      <lg id="s2" type="stanza">
        <l id="s2:l1">Adam den eersten vader,</l>
        <l id="s2:l2">deur d'onghehoorsaemheyt</l>
        <l id="s2:l3">verleyt door den verrader,</l>
        <l id="s2:l4">t' serpent vol nijdicheyt,</l>
        <l id="s2:l5">die bracht ons altegader</l>
        <l id="s2:l6">in groot' allendicheyt.</l>
      </lg>
      <lg id="s3" type="stanza">
        <l id="s3:l1">Maer Christus onsen Heere</l>
        <l id="s3:l2">ghehoorsaem tot der doot,</l>
        <l id="s3:l3">heeft sijne leden teere</l>
        <l id="s3:l4">beswaert met pijnen groot;</l>
        <l id="s3:l5">ontfanght dan dese leere,</l>
        <l id="s3:l6">loopt tot hem in den noot.</l>
      </lg>
      <lg id="s4" type="stanza">
        <l id="s4:l1">Over de doot als heden</l>
        <l id="s4:l2">heeft hy ghetriumpheert,</l>
        <l id="s4:l3">die helle daer beneden</l>
        <l id="s4:l4">oock me ghespolieert:</l>
        <l id="s4:l5">dus hy tot alle steden</l>
        <l id="s4:l6">wort gheglorificeert.</l>
      </lg>
      <lg id="s5" type="stanza">
        <l id="s5:l1">Vroech voor den daghe schoone</l>
        <l id="s5:l2">vander doot opghestaen,</l>
        <l id="s5:l3">is hy met blijden toone</l>
        <l id="s5:l4">tot zijn moeder ghegaen;</l>
        <l id="s5:l5">hy vandt der maechden croone</l>
        <l id="s5:l6">met bitterheyt bevaen.</l>
      </lg>
      <lg id="s6" type="stanza">
        <l id="s6:l1">Hy sprack: &#8216;wilt niet meer treuren,</l>
        <l id="s6:l2">o moeder, my aensiet;</l>
        <l id="s6:l3">u hert dat schijnt te scheuren</l>
        <l id="s6:l4">deur alle dit verdriet;</l>
        <l id="s6:l5">het moest met my gebeuren</l>
        <l id="s6:l6">ghelyck het is gheschiet.&#8217;</l>
      </lg>
      <lg id="s7" type="stanza">
        <l id="s7:l1">Noch heeft hy menichmale</l>
        <l id="s7:l2">de sijne gh'openbaert,</l>
        <l id="s7:l3">als doen sy in een sale</l>
        <l id="s7:l4">saten by een vergaert,</l>
        <l id="s7:l5">met ghesloten portale,</l>
        <l id="s7:l6">deur vreese seer beswaert.</l>
      </lg>
      <lg id="s8" type="stanza">
        <l id="s8:l1">Hy sprack met blyden sede</l>
        <l id="s8:l2">tot hun opt selve pas:</l>
        <l id="s8:l3">&#8216;ick gheve u myn vrede&#8217;.</l>
        <l id="s8:l4">D'Apostelen seer ras</l>
        <l id="s8:l5">gheloofden daer ter stede,</l>
        <l id="s8:l6">dat hy verresen was.</l>
      </lg>
      <lg id="s9" type="stanza">
        <l id="s9:l1">Ist, dat wy gheestelijcke</l>
        <l id="s9:l2">met hem verresen zijn,</l>
        <l id="s9:l3">soo laet ons alghelijcke</l>
        <l id="s9:l4">soucken en smaken fijn</l>
        <l id="s9:l5">Godt in syn hemelrijcke,</l>
        <l id="s9:l6">en niet des weerelts schijn.</l>
      </lg>
    </lg>
  </text>
</song>