<song>
  <meta>
    <id>15493</id>
    <date>
      <year-start>1903</year-start>
      <year-end>1908</year-end>
    </date>
    <tags />
    <melody>De vogeltjes in de muiten</melody>
  <author>Anonymous</author></meta>
  <text>
    <lg type="song">
      <lg id="s1" type="stanza">
        <l id="s1:l1">&#8216;Comt al van Zuyden en van Oosten,</l>
        <l id="s1:l2">die met sonden zijn belaen;</l>
        <l id="s1:l3">ick sal u wel vertroosten,</l>
        <l id="s1:l4">met mijn vleesch sal ick u versaen;</l>
        <l id="s1:l5">ick ben de fonteyne verheven,</l>
        <l id="s1:l6">die dorst heeft, die come naer;</l>
        <l id="s1:l7">die daer wt drinckt, sal eewich leven,&#8217;</l>
        <l id="s1:l8">spreect Christus int openbaer.</l>
      </lg>
      <lg id="s2" type="stanza">
        <l id="s2:l1">&#8216;Ick en ben hier niet gecomen,</l>
        <l id="s2:l2">o mensche, zijt dies wel vroet,</l>
        <l id="s2:l3">dat ick u soude verdoemen,</l>
        <l id="s2:l4">maer verlossen al met mijn bloet;</l>
        <l id="s2:l5">ick begheer in u herte te weunen,</l>
        <l id="s2:l6">daer moet geen ander in;</l>
        <l id="s2:l7">alleen moet ghy op my steunen,</l>
        <l id="s2:l8">oft ghy en comt niet daer ick bin.</l>
      </lg>
      <lg id="s3" type="stanza">
        <l id="s3:l1">&#8216;Ick ben de wijnstock wtgesproten,&#8217;</l>
        <l id="s3:l2">spreect Christus, &#8216;verstaet mijn woort;</l>
        <l id="s3:l3">blijft vast in my gesloten,</l>
        <l id="s3:l4">ghy sult brengen goede vruchten voort;</l>
        <l id="s3:l5">maer laet ghy u verleyden,</l>
        <l id="s3:l6">dat ghy menschen troost aensiet,</l>
        <l id="s3:l7">ghy wort van den wijnstock gescheyden,</l>
        <l id="s3:l8">al u vruchten sullen doogen niet.&#8217;</l>
      </lg>
      <lg id="s4" type="stanza">
        <l id="s4:l1">Hebt lief, mijn wtvercoren,</l>
        <l id="s4:l2">die u ter werelt doen quaet;</l>
        <l id="s4:l3">die u boosheyt leggen vooren,</l>
        <l id="s4:l4">bidt daer voor, 't is Christus raet;</l>
        <l id="s4:l5">want hij heeft selve gesproken</l>
        <l id="s4:l6">aen den cruyce met luyder stem:</l>
        <l id="s4:l7">&#8216;och Vader, latet niet zijn gewroken,</l>
        <l id="s4:l8">ick bidde vergevet hen!</l>
      </lg>
      <lg id="s5" type="stanza">
        <l id="s5:l1">&#8216;En vreest niet al te samen;</l>
        <l id="s5:l2">mijn woort voor de werelt belijt,</l>
        <l id="s5:l3">of ic sal u beschamen</l>
        <l id="s5:l4">voor mijnen Vader gebenedijt;</l>
        <l id="s5:l5">aldus en wilt niet vreesen,</l>
        <l id="s5:l6">maer strijt met herten vro;</l>
        <l id="s5:l7">laet den knecht gelijck den meester wesen,</l>
        <l id="s5:l8">het belieft den Vader alsoo.</l>
      </lg>
      <lg id="s6" type="stanza">
        <l id="s6:l1">&#8216;Ick ben een goet herder wt der maten,</l>
        <l id="s6:l2">ic ga mijn schaepkens veur;</l>
        <l id="s6:l3">ick begeer mijn leven daer voor te laten,</l>
        <l id="s6:l4">ick ben de rechter deur;</l>
        <l id="s6:l5">en laet u niet verleyden</l>
        <l id="s6:l6">van die daer buyten der deuren passeert:</l>
        <l id="s6:l7">het zijn dieven en moordenaers beyde,&#8217;</l>
        <l id="s6:l8">spreect Christus, so hy ons leert.</l>
      </lg>
      <lg id="s7" type="stanza">
        <l id="s7:l1">Niemant en comt tot den Vader</l>
        <l id="s7:l2">dan door den Sone Gods alleen;</l>
        <l id="s7:l3">hy bidt voor ons allegader,</l>
        <l id="s7:l4">weest doch met Christo te vreen;</l>
        <l id="s7:l5">wilt vast op hem betrouwen,</l>
        <l id="s7:l6">hy is de verworpen steen;</l>
        <l id="s7:l7">doet ghy t'niet, het sal u berouwen</l>
        <l id="s7:l8">als ghy van hier sult scheen.&#8217;</l>
      </lg>
      <lg id="s8" type="stanza">
        <l id="s8:l1">Prince Godt, aensiet ons ellenden,</l>
        <l id="s8:l2">hier in dit aertsche dal,</l>
        <l id="s8:l3">wilt uwen Geest hier neder senden,</l>
        <l id="s8:l4">die ons vertroosten sal;</l>
        <l id="s8:l5">so mogen wy u de eere geven</l>
        <l id="s8:l6">al inden hemelschen troon</l>
        <l id="s8:l7">door Christum; hy is ons leven,</l>
        <l id="s8:l8">wy verwachten van hem de croon.</l>
      </lg>
    </lg>
  </text>
</song>