<song>
  <meta>
    <id>155015</id>
    <date>
      <year-start>1748</year-start>
      <year-end>1748</year-end>
    </date>
    <location>
      <orginal-name>'s-gravenhage</orginal-name>
      <standard-name>The Hague, The Netherlands</standard-name>
      <coordinates>
        <lon>52.0799838</lon>
        <lat>4.3113461</lat>
      </coordinates>
    </location>
    <tags />
    <melody>O dag o dag o blijde dag</melody>
  <author>F. Pitton</author></meta>
  <text>
    <lg type="song">
      <lg id="s1" type="stanza">
        <l id="s1:l1" met="4" type="-+">O dag, O dag, O blyden <rhyme label="a" type="m">dag</rhyme>,</l>
        <l id="s1:l2" met="4" type="-+">te Regt men die soo noemen <rhyme label="a" type="m" corresp="#s1:l1">magh</rhyme>,</l>
        <l id="s1:l3" met="4" type="-+">wyl dat op nu Oranjes <rhyme label="b" type="m">Stam</rhyme>,</l>
        <l id="s1:l4" met="3" type="-+">de waardigheyd <rhyme label="b" type="m" corresp="#s1:l3">bekwam</rhyme>,</l>
        <l id="s1:l5" met="4" type="-+">van het gebied en <rhyme label="c" type="m">oppermagt</rhyme>;</l>
        <l id="s1:l6" met="4" type="-+">op syn voor Ouders wys, met <rhyme label="c" type="m" corresp="#s1:l5">kragt</rhyme>,</l>
        <l id="s1:l7" met="4" type="-+">over, over ons <rhyme label="d" type="m">Nederland</rhyme>,</l>
        <l id="s1:l8" met="3" type="-+">te voeren met <rhyme label="d" type="m" corresp="#s1:l7">verstand</rhyme>.</l>
      </lg>
      <lg id="s2" type="stanza">
        <l id="s2:l1" met="4" type="-+">Dees Wenschen wy uw veel <rhyme label="a" type="m">geluk</rhyme>,</l>
        <l id="s2:l2" met="4" type="-+">En hoopen dat nooit ramp of <rhyme label="a" type="m" corresp="#s2:l1">druk</rhyme>,</l>
        <l id="s2:l3" met="4" type="-+">Aen uw O Prins, ontmoeten <rhyme label="b" type="m">sal</rhyme>,</l>
        <l id="s2:l4" met="3" type="-+">Het sy in wat <rhyme label="b" type="m" corresp="#s2:l3">geval</rhyme>;</l>
        <l id="s2:l5" met="4" type="-+">Maar dat veel Eer Gods zegen <rhyme label="c" type="m">goedt</rhyme></l>
        <l id="s2:l6" met="4" type="-+">Uw rykelyk altyd <rhyme label="c" type="m" corresp="#s2:l5">ontmoedt</rhyme>,</l>
        <l id="s2:l7" met="4" type="-+">Voor al, als gy voor Land, en <rhyme label="d" type="m">Kerk</rhyme>,</l>
        <l id="s2:l8" met="3" type="-+">Sult moeten stryden <rhyme label="d" type="m" corresp="#s2:l7">sterk</rhyme>.</l>
      </lg>
      <lg id="s3" type="stanza">
        <l id="s3:l1" met="4" type="-+">Verheugt uw vry nu menschen <rhyme label="a" type="m">al</rhyme>,</l>
        <l id="s3:l2" met="4" type="-+">Soo groot, als klyn, op 't aerdsche <rhyme label="a" type="m" corresp="#s3:l1">dal</rhyme>,</l>
        <l id="s3:l3" met="4" type="-+">Wyl uw verlangen is <rhyme label="b" type="m">volbragt</rhyme>,</l>
        <l id="s3:l4" met="3" type="-+">Waar na gy hebt <rhyme label="b" type="m" corresp="#s3:l3">getragt</rhyme>,</l>
        <l id="s3:l5" met="4" type="-+">Looft God en bid hem tot <rhyme label="c" type="m">besluyt</rhyme>,</l>
        <l id="s3:l6" met="4" type="-+">Dat aen die Prins een Mannen <rhyme label="c" type="m" corresp="#s3:l5">Spruit</rhyme>,</l>
        <l id="s3:l7" met="4" type="-+">Van God aen hem geschonken <rhyme label="d" type="m">wert</rhyme>,</l>
        <l id="s3:l8" met="3" type="-+">Eer dat beswykt syn <rhyme label="d" type="m" corresp="#s3:l7">hert</rhyme>.</l>
      </lg>
      <lg id="s4" type="stanza">
        <l id="s4:l1" met="4" type="-+">Op dat dus soo Oranjes <rhyme label="a" type="m">Naam</rhyme>,</l>
        <l id="s4:l2" met="4" type="-+">Als door de wieken van de <rhyme label="a" type="m" corresp="#s4:l1">Faam</rhyme>,</l>
        <l id="s4:l3" met="4" type="-+">Der ganscher werelt wert <rhyme label="b" type="m">gemeen</rhyme>,</l>
        <l id="s4:l4" met="3" type="-+">Tot vreugt van ider <rhyme label="b" type="m" corresp="#s4:l3">Een</rhyme>,</l>
        <l id="s4:l5" met="4" type="-+">En dat men schier, niet anders <rhyme label="c" type="m">hoort</rhyme>,</l>
        <l id="s4:l6" met="4" type="-+">Als jonge Prins, teelt verders <rhyme label="c" type="m" corresp="#s4:l5">voort</rhyme>,</l>
        <l id="s4:l7" met="4" type="-+">Mannen, Mannen, waar door <rhyme label="d" type="m">Neerlandt</rhyme>,</l>
        <l id="s4:l8" met="3" type="-+">Verder wert <rhyme label="d" type="m" corresp="#s4:l7">voortgeplandt</rhyme>.</l>
      </lg>
    </lg>
  </text>
</song>