<song>
  <meta>
    <id>15502</id>
    <date>
      <year-start>1903</year-start>
      <year-end>1908</year-end>
    </date>
    <tags />
    <melody>Kom verwonder u</melody>
  <author>Anonymous</author></meta>
  <text>
    <lg type="song">
      <lg id="s1" type="stanza">
        <l id="s1:l1">Comt verwondert u hier, menschen,</l>
        <l id="s1:l2">siet, hoe dat u Godt bemindt;</l>
        <l id="s1:l3">siet vervult der zielen wenschen,</l>
        <l id="s1:l4">siet dit nieuw gheboren kindt;</l>
        <l id="s1:l5">siet, die 't woordt is, sonder spreken;</l>
        <l id="s1:l6">siet, die vorst is, sonder pracht;</l>
        <l id="s1:l7">siet; die 't al is, in ghebreken;</l>
        <l id="s1:l8">siet, die 't licht is, inder nacht;</l>
        <l id="s1:l9">siet, die 't goet is, dat soo soet is,</l>
        <l id="s1:l10">wordt verstooten, wordt veracht.</l>
      </lg>
      <lg id="s2" type="stanza">
        <l id="s2:l1">Siet, hoe datmen met hem handelt,</l>
        <l id="s2:l2">hoemen hem in doecxkens bindt,</l>
        <l id="s2:l3">die met sijne godtheyt wandelt</l>
        <l id="s2:l4">op de vleughels vande windt;</l>
        <l id="s2:l5">siet, hoe light hy hier in lijden,</l>
        <l id="s2:l6">sonder teecken van verstant,</l>
        <l id="s2:l7">die den hemel moet verblijden,</l>
        <l id="s2:l8">die de croon der wijsheyt spant.</l>
        <l id="s2:l9">Siet, hoe teere is den Heere,</l>
        <l id="s2:l10">die 't al draeght in sijne hant.</l>
      </lg>
      <lg id="s3" type="stanza">
        <l id="s3:l1">Die den hemel heeft gheschapen,</l>
        <l id="s3:l2">en verciert het firmament,</l>
        <l id="s3:l3">moet hier in eene cribbe slapen</l>
        <l id="s3:l4">wordt in hoy en stroy ghement;</l>
        <l id="s3:l5">die de schoone seraphienen</l>
        <l id="s3:l6">altijdt heeft tot sijn ghebodt,</l>
        <l id="s3:l7">laet hem hier van beesten dienen,</l>
        <l id="s3:l8">laet hem steken in dit kot,</l>
        <l id="s3:l9">in dees' hoecxkens, in dees' doecxkens,</l>
        <l id="s3:l10">in dit huysken sonder slot.</l>
      </lg>
      <lg id="s4" type="stanza">
        <l id="s4:l1">O Heer Iesu, Godt en mensche,</l>
        <l id="s4:l2">die aenveert hebt desen staet,</l>
        <l id="s4:l3">gheeft my dat ick door u wensche,</l>
        <l id="s4:l4">gheeft my door u kindtsheyt raet;</l>
        <l id="s4:l5">sterckt my door u teere handen,</l>
        <l id="s4:l6">maeckt my door u kleynheyt groot,</l>
        <l id="s4:l7">maeckt my vry door uwe banden,</l>
        <l id="s4:l8">maeckt my rijck door uwen noot,</l>
        <l id="s4:l9">maeckt my blijde door u lijden,</l>
        <l id="s4:l10">maeckt my levend' door u doot.</l>
      </lg>
    </lg>
  </text>
</song>