<song>
  <meta>
    <id>15542</id>
    <date>
      <year-start>1903</year-start>
      <year-end>1908</year-end>
    </date>
    <tags />
    <melody>De drie koningsdochtertjes</melody>
  <author>Anonymous</author></meta>
  <text>
    <lg type="song">
      <lg id="s1" type="stanza">
        <l id="s1:l1">En daar vlogen drij vogelkens over den Rijn,</l>
        <l id="s1:l2">en daar stierven drij koningsdochterkens fijn.</l>
      </lg>
      <lg id="s2" type="stanza">
        <l id="s2:l1">En de eerste die stierf er des morgens vroeg,</l>
        <l id="s2:l2">wanneer dat God den dag opjoeg.</l>
      </lg>
      <lg id="s3" type="stanza">
        <l id="s3:l1">En de tweede die stierf er des avonds laat,</l>
        <l id="s3:l2">en de derde die stierf er korts daarnaar.</l>
      </lg>
      <lg id="s4" type="stanza">
        <l id="s4:l1">&#8216;Wat zal mijne moeder droevig zijn,</l>
        <l id="s4:l2">dat wij alle drij gestorven zijn.&#8217;</l>
      </lg>
      <lg id="s5" type="stanza">
        <l id="s5:l1">Daar liggen drij wegen van plezier:</l>
        <l id="s5:l2">ziet dat ge daar den rechten van kiest!</l>
      </lg>
      <lg id="s6" type="stanza">
        <l id="s6:l1">En ze zijn er den smallen weg ingegaan;</l>
        <l id="s6:l2">v&#243;&#243;r de hemelsche deur zijn zij gaan staan:</l>
      </lg>
      <lg id="s7" type="stanza">
        <l id="s7:l1">&#8216;Doet open, doet open de hemelsche deur!</l>
        <l id="s7:l2">daar staan drij koningsdochterkens veur!&#8217;</l>
      </lg>
      <lg id="s8" type="stanza">
        <l id="s8:l1">En de hemelsche deur werd opengedaan,</l>
        <l id="s8:l2">en daar zijn er twee van binnengegaan.</l>
      </lg>
      <lg id="s9" type="stanza">
        <l id="s9:l1">En de derde die moest er blijven staan!</l>
        <l id="s9:l2">en de derde die moest er blijven staan!</l>
      </lg>
      <lg id="s10" type="stanza">
        <l id="s10:l1">&#8216;Ach! Heere, ach! Heere, wat heb ik misdaan,</l>
        <l id="s10:l2">dat ik met mijn zusters niet mede mag gaan?&#8217;</l>
      </lg>
      <lg id="s11" type="stanza">
        <l id="s11:l1">- &#8216;Hadt gij alle dagen naar de kerke gegaan,</l>
        <l id="s11:l2">in plaats van op uw slaapkamer te staan.</l>
      </lg>
      <lg id="s12" type="stanza">
        <l id="s12:l1">&#8216;Uwe haarkens overwonden met zijden lint,</l>
        <l id="s12:l2">en de strikskens rond uw beenen gewind.</l>
      </lg>
      <lg id="s13" type="stanza">
        <l id="s13:l1">&#8216;En God is met dansen noch springen gediend,</l>
        <l id="s13:l2">en hij is naar geen hooveerdij gezind.</l>
      </lg>
      <lg id="s14" type="stanza">
        <l id="s14:l1">&#8216;Hier liggen drij wegen voor het plezier:</l>
        <l id="s14:l2">ziet dat gij daar den slinken van kiest!&#8217;</l>
      </lg>
      <lg id="s15" type="stanza">
        <l id="s15:l1">En zij is den breeden weg ingegaan;</l>
        <l id="s15:l2">v&#243;&#243;r de helledeure is zij gaan staan:</l>
      </lg>
      <lg id="s16" type="stanza">
        <l id="s16:l1">&#8216;Doet open, doet open de helledeur!</l>
        <l id="s16:l2">daar staat een koningsdochterken veur!&#8217;</l>
      </lg>
      <lg id="s17" type="stanza">
        <l id="s17:l1">En de helledeur werd opengedaan,</l>
        <l id="s17:l2">en zij is er ook al binnengegaan.</l>
      </lg>
      <lg id="s18" type="stanza">
        <l id="s18:l1">En de eerste die zette haar eenen stoel,</l>
        <l id="s18:l2">en de tweede die wierp er een kussen naar toe;</l>
      </lg>
      <lg id="s19" type="stanza">
        <l id="s19:l1">En de derde die maakte haar eenen drank,</l>
        <l id="s19:l2">van solfer en pek dooreen gebrand.</l>
      </lg>
      <lg id="s20" type="stanza">
        <l id="s20:l1">En zij zette den kroes aan haren mond,</l>
        <l id="s20:l2">en zij dronk het uit tot op den grond.</l>
      </lg>
      <lg id="s21" type="stanza">
        <l id="s21:l1">En de vierde vroeg: &#8216;Wilt gij nog wat?&#8217; - &#8216;Neen, mijnheer!</l>
        <l id="s21:l2">ik heb genoeg, want daar doet mijn jong hert zoo zeer!&#8217;</l>
      </lg>
      <lg id="s22" type="stanza">
        <l id="s22:l1">- &#8216;Doet uw jong hert daarvan zoo zeer,</l>
        <l id="s22:l2">gij zult er nog willen tienmaal meer!&#8217;</l>
      </lg>
      <lg id="s23" type="stanza">
        <l id="s23:l1">En hoe dieper dat zij in de helle zonk,</l>
        <l id="s23:l2">en hoe bitterder dat er haar klagen klonk.</l>
      </lg>
      <lg id="s24" type="stanza">
        <l id="s24:l1">En zij kijkte de vensters uit</l>
        <l id="s24:l2">recht naar haar vaders huis.</l>
      </lg>
    </lg>
  </text>
</song>