<song>
  <meta>
    <id>15554</id>
    <date>
      <year-start>1903</year-start>
      <year-end>1908</year-end>
    </date>
    <tags />
    <melody>Daar waren drie jonge maagden</melody>
  <author>Anonymous</author></meta>
  <text>
    <lg type="song">
      <lg id="s1" type="stanza">
        <l id="s1:l1">Daar waren drie jonge maagden,</l>
        <l id="s1:l2">te Gent, in Vlaanderland,</l>
        <l id="s1:l3">ik hoorde haar droevig klagen,</l>
        <l id="s1:l4">hoe dat zij stonden verslagen,</l>
        <l id="s1:l5">dat de jongmans gingen van kant</l>
        <l id="s1:l6">en zij bleven vol minnebrand.</l>
      </lg>
      <lg id="s2" type="stanza">
        <l id="s2:l1">Haar namen zijn niet vergeten,</l>
        <l id="s2:l2">'t was Grietje; en Jacomijn</l>
        <l id="s2:l3">en Betje. Zij spraken met reden:</l>
        <l id="s2:l4">&#8216;ik wil er mij gaan verkleden,</l>
        <l id="s2:l5">gelijk een jongman fijn,</l>
        <l id="s2:l6">want ik wil soldaat mee zijn.&#8217;</l>
      </lg>
      <lg id="s3" type="stanza">
        <l id="s3:l1">- &#8216;Wel meisjes, dat's wel verzonnen,&#8217;</l>
        <l id="s3:l2">sprak Grietje, &#8216;dat is goed:</l>
        <l id="s3:l3">kom laten wij kleeren gaan halen,</l>
        <l id="s3:l4">ik wil ze wel dubbel betalen,</l>
        <l id="s3:l5">en gaan wij op staande voet,</l>
        <l id="s3:l6">hier bij een kaptein met spoed.&#8217;</l>
      </lg>
      <lg id="s4" type="stanza">
        <l id="s4:l1">Zij scheerden elkander de haren,</l>
        <l id="s4:l2">en een hoedje werd opgezet;</l>
        <l id="s4:l3">zij kleeden haar zonder minken,</l>
        <l id="s4:l4">en gingen een pintje drinken;</l>
        <l id="s4:l5">de kleeren pasten haar net,</l>
        <l id="s4:l6">want zij waren heel tout &#224; fait.</l>
      </lg>
      <lg id="s5" type="stanza">
        <l id="s5:l1">Toen gingen zij zamen treden</l>
        <l id="s5:l2">naar een kapitein, hoort aan;</l>
        <l id="s5:l3">zij zeiden: &#8216;mijnheere geprezen,</l>
        <l id="s5:l4">wij willen drie soldaten wezen,</l>
        <l id="s5:l5">wat geeft gij ons op de hand?</l>
        <l id="s5:l6">wij willen strijden voor het land.&#8217;</l>
      </lg>
      <lg id="s6" type="stanza">
        <l id="s6:l1">De kapitein hoort haar spreken,</l>
        <l id="s6:l2">vraagt: &#8216;gasten, hoeveel zal 't zijn,</l>
        <l id="s6:l3">dat ik u de hand zal geven?</l>
        <l id="s6:l4">want ik zie ende raad verheven;</l>
        <l id="s6:l5">gij zijt er nog jong bedaard,</l>
        <l id="s6:l6">want gij hebt nog geenen baard.&#8217;</l>
      </lg>
      <lg id="s7" type="stanza">
        <l id="s7:l1">De jongste van hun drie&#235;n,</l>
        <l id="s7:l2">sprak tot den kapitein:</l>
        <l id="s7:l3">&#8216;zij zullen ons niet vervaarden;</l>
        <l id="s7:l4">al hebben wij geen baarden,</l>
        <l id="s7:l5">tot strijden zijn wij gezind,</l>
        <l id="s7:l6">want Oranje is onze vrind.&#8217;</l>
      </lg>
      <lg id="s8" type="stanza">
        <l id="s8:l1">Den kapitein hoort haar spreken,</l>
        <l id="s8:l2">hij gaf haar een goed bescheid:</l>
        <l id="s8:l3">&#8216;acht ducatons zal ik langen,</l>
        <l id="s8:l4">wilt ge die op hand ontvangen?&#8217;</l>
        <l id="s8:l5">Zij zeiden: &#8216;ja kom aan,</l>
        <l id="s8:l6">want wij willen eens drinken gaan.&#8217;</l>
      </lg>
      <lg id="s9" type="stanza">
        <l id="s9:l1">Zij kregen het geld in tassen,</l>
        <l id="s9:l2">zij gingen bij dag en nacht,</l>
        <l id="s9:l3">met de soldaten krioelen;</l>
        <l id="s9:l4">zij lieten in Venus doelen</l>
        <l id="s9:l5">haar schieten met groote kracht,</l>
        <l id="s9:l6">tot haar geld was doorgebragt.</l>
      </lg>
      <lg id="s10" type="stanza">
        <l id="s10:l1">De kapitein kwam het te hooren,</l>
        <l id="s10:l2">al van zijnen sergeant,</l>
        <l id="s10:l3">dat het drie vrijsters waren,</l>
        <l id="s10:l4">dat bragt hem in bezwaren;</l>
        <l id="s10:l5">hij sprak: &#8216;hoe ben ik gebrast,</l>
        <l id="s10:l6">wilt ze doen zetten vast.&#8217;</l>
      </lg>
      <lg id="s11" type="stanza">
        <l id="s11:l1">Zij werden terstond gevangen,</l>
        <l id="s11:l2">gebragt voor de krijgsraad;</l>
        <l id="s11:l3">daar zag men haar schreijen, tieren,</l>
        <l id="s11:l4">voor alle de officieren,</l>
        <l id="s11:l5">die lachten met groot geluid</l>
        <l id="s11:l6">en wezen haar vonnis uit.</l>
      </lg>
      <lg id="s12" type="stanza">
        <l id="s12:l1">Als dat ze moesten rijden</l>
        <l id="s12:l2">zes uren op 't houten paard,</l>
        <l id="s12:l3">tot spiegel der jongvrouwen,</l>
        <l id="s12:l4">die haar kwamen aanschouwen;</l>
        <l id="s12:l5">zij riepen gen&#226;, met kracht,</l>
        <l id="s12:l6">maar zij werden braaf uitgelacht.</l>
      </lg>
      <lg id="s13" type="stanza">
        <l id="s13:l1">Oorlof, gij dochters verheven,</l>
        <l id="s13:l2">die gaarne hadden een man,</l>
        <l id="s13:l3">wilt voor den dienst u mijden,</l>
        <l id="s13:l4">dan zult ge op geen ezel rijden,</l>
        <l id="s13:l5">als deze drie maagdekens jent</l>
        <l id="s13:l6">deden binnen de stad Gent.</l>
      </lg>
    </lg>
  </text>
</song>