<song>
  <meta>
    <id>15560</id>
    <date>
      <year-start>1903</year-start>
      <year-end>1908</year-end>
    </date>
    <tags />
    <melody />
  <author>Anonymous</author></meta>
  <text>
    <lg type="song">
      <lg id="s1" type="stanza">
        <l id="s1:l1">Daar was er een oolijken schachelaar,</l>
        <l id="s1:l2">hij schachelde een koning zijn dochter,</l>
        <l id="s1:l3">hij schachelde ze hier, hij schachelde ze daar,</l>
        <l id="s1:l4">dat hij ze zoo duur verkochte.</l>
      </lg>
      <lg id="s2" type="stanza">
        <l id="s2:l1">Hij verkocht ze zoo duur om geenen geld,</l>
        <l id="s2:l2">hij woog ze tegen zilvere schalen;</l>
        <l id="s2:l3">door haar rijkdom en haar schoonheid</l>
        <l id="s2:l4">zoo werd zij geheeten mooi Aale.</l>
      </lg>
      <lg id="s3" type="stanza">
        <l id="s3:l1">Zij ging er al voor zijn moeder staan:</l>
        <l id="s3:l2">&#8216;och moeder,&#8217; zeide ze, &#8216;landsvrouwe,</l>
        <l id="s3:l3">wanneer zalder Alewijn, uw eenigste zoon,</l>
        <l id="s3:l4">wanneer zal hij mij waarlijk trouwen?&#8217;</l>
      </lg>
      <lg id="s4" type="stanza">
        <l id="s4:l1">- &#8216;Mooi Adeltje, dat en weet ik niet,</l>
        <l id="s4:l2">'k zal hem alzoo waarlijk wel vragen;</l>
        <l id="s4:l3">ik zag er van mijn dagen nooit blijder maagd</l>
        <l id="s4:l4">als ghij daar staan in zijn behagen.&#8217;</l>
      </lg>
      <lg id="s5" type="stanza">
        <l id="s5:l1">Zij ging al voor haar zone staan:</l>
        <l id="s5:l2">&#8216;koning Alewijn,&#8217; zeide ze, &#8216;heere,</l>
        <l id="s5:l3">hoe lange zal mooi Aaltje, dat schoone wijf,</l>
        <l id="s5:l4">hoe lange zal zij noch leven in oneere?&#8217;</l>
      </lg>
      <lg id="s6" type="stanza">
        <l id="s6:l1">- &#8216;O moeder, dat en weet ik niet,</l>
        <l id="s6:l2">zoudt gij mij dat zoo waarlijk raden?</l>
        <l id="s6:l3">zij zeggen, dat mooi Aaltje een vondeling is,</l>
        <l id="s6:l4">God ken haar vrienden en magen.</l>
      </lg>
      <lg id="s7" type="stanza">
        <l id="s7:l1">&#8216;Gister avond was ik noch over den Rijn,</l>
        <l id="s7:l2">daar reed ik alzoo waarlijk met rouwe;</l>
        <l id="s7:l3">nu zalder mooi Aaltje dat schoone wijf</l>
        <l id="s7:l4">haar hartje breken al van rouwe.&#8217;</l>
      </lg>
      <lg id="s8" type="stanza">
        <l id="s8:l1">Zij ging er al voor zijn moeder staan:</l>
        <l id="s8:l2">&#8216;och moeder,&#8217; zeide ze, &#8216;lam der vrouwen,</l>
        <l id="s8:l3">mag ik er wel na dat bruidshuis gaan,</l>
        <l id="s8:l4">want uw eenige zoontje zal trouwen?&#8217;</l>
      </lg>
      <lg id="s9" type="stanza">
        <l id="s9:l1">- &#8216;Als gij der toch na dat bruidshuis gaat,</l>
        <l id="s9:l2">zoo gaat er met goeder manieren,</l>
        <l id="s9:l3">en neemt er jouw zeven zonen voor jou</l>
        <l id="s9:l4">en achter veertien kamenieren.&#8217;</l>
      </lg>
      <lg id="s10" type="stanza">
        <l id="s10:l1">Mooi Adeltje omtrent half wegen kwam,</l>
        <l id="s10:l2">koning Alewijn kwam haar tegen:</l>
        <l id="s10:l3">&#8216;zel jij der nou na dat bruidshuis gaan,</l>
        <l id="s10:l4">wat zelje mijn jonge bruid ter eeren geven?&#8217;</l>
      </lg>
      <lg id="s11" type="stanza">
        <l id="s11:l1">- &#8216;Jouw bruid die zal hebben goeds genoeg,</l>
        <l id="s11:l2">koning Alewijn,&#8217; zeide ze, &#8216;heere!</l>
        <l id="s11:l3">mijn oude kousjes en mijn versleten schoen,</l>
        <l id="s11:l4">die mag ze wel dragen met eeren.&#8217;</l>
      </lg>
      <lg id="s12" type="stanza">
        <l id="s12:l1">- &#8216;Jouw oude koussen die en wil ik niet,</l>
        <l id="s12:l2">mooi Adeltje,&#8217; zeide hij, &#8216;vrouwe!</l>
        <l id="s12:l3">jij moest haar geven noch beter goed,</l>
        <l id="s12:l4">wou jij de vriendschap met haar houen.&#8217;</l>
      </lg>
      <lg id="s13" type="stanza">
        <l id="s13:l1">- &#8216;Jouw bruid die zal hebben goeds genoeg,</l>
        <l id="s13:l2">koning Alewijn,&#8217; zeide ze, &#8216;heere!</l>
        <l id="s13:l3">ik heb noch zeven zonen van jou en mijn,</l>
        <l id="s13:l4">die mogen haar dienen al haar leven.&#8217;</l>
      </lg>
      <lg id="s14" type="stanza">
        <l id="s14:l1">- &#8216;Jouw zeven zonen die krijgt zij wel,</l>
        <l id="s14:l2">mooi Adeltje,&#8217; zeide hij, &#8216;vrouwe!</l>
        <l id="s14:l3">jij moest haar geven jouw voorgespan,</l>
        <l id="s14:l4">wou jij de vriendschap met haar houen.&#8217;</l>
      </lg>
      <lg id="s15" type="stanza">
        <l id="s15:l1">- &#8216;Mijn voorgespan dat krijgt jij niet,</l>
        <l id="s15:l2">koning Alewijn,&#8217; zeide ze, &#8216;heere!</l>
        <l id="s15:l3">daar waren der twee op mijn vadertjes hof,</l>
        <l id="s15:l4">ik en mijn zuster elk eene.&#8217;</l>
      </lg>
      <lg id="s16" type="stanza">
        <l id="s16:l1">- &#8216;En zijt jij dan een konings kind,</l>
        <l id="s16:l2">mooi Adeltje,&#8217; zeide hij, &#8216;vrouwe!</l>
        <l id="s16:l3">hadje mijn dat zoo waarlijk gezeid,</l>
        <l id="s16:l4">ik had u zelver willen trouwen.&#8217;</l>
      </lg>
      <lg id="s17" type="stanza">
        <l id="s17:l1">Doe mooi Adeltje op dat bruidshuis kwam,</l>
        <l id="s17:l2">de heeren boden haar eens te drinken;</l>
        <l id="s17:l3">zij liet er alzoo menigen traan</l>
        <l id="s17:l4">al in de gouden wijnschaal zinken.</l>
      </lg>
      <lg id="s18" type="stanza">
        <l id="s18:l1">De bruid al tegen den bruidegom sprak:</l>
        <l id="s18:l2">&#8216;koning Alewijn,&#8217; zeide ze, &#8216;heere!</l>
        <l id="s18:l3">wat mag er dat voor een bedroefde vrouw zijn,</l>
        <l id="s18:l4">die daar zoo deerlijk gaat zitten weenen?&#8217;</l>
      </lg>
      <lg id="s19" type="stanza">
        <l id="s19:l1">- &#8216;Wat dat er dat voor een bedroefde vrouw is?</l>
        <l id="s19:l2">'t bennen van ons nichten en van ons neven;</l>
        <l id="s19:l3">zij komen daar gereisd uit een vreemd land,</l>
        <l id="s19:l4">zij zullen groote giften aan u geven.&#8217;</l>
      </lg>
      <lg id="s20" type="stanza">
        <l id="s20:l1">- &#8216;'t Bennen van ons nichten, van ons neven niet,</l>
        <l id="s20:l2">koning Alewijn,&#8217; zeide ze, &#8216;heere!</l>
        <l id="s20:l3">'t is der mooi Adeltje, de jongste zuster van mijn,</l>
        <l id="s20:l4">die jij benomen hebt haar eere.&#8217;</l>
      </lg>
      <lg id="s21" type="stanza">
        <l id="s21:l1">Zij nam er de kroon al van haar hoofd,</l>
        <l id="s21:l2">het kroontje was roode van goude:</l>
        <l id="s21:l3">&#8216;hou daar, mooi Adeltje, jongste zuster van mijn,</l>
        <l id="s21:l4">je bruidegom sel jij der behouden.</l>
      </lg>
      <lg id="s22" type="stanza">
        <l id="s22:l1">&#8216;Knecht, zadelt mij mijn beste paard</l>
        <l id="s22:l2">van vieren of van vijven!</l>
        <l id="s22:l3">ik kwam er rijden met zoo grooten eerwaard,</l>
        <l id="s22:l4">met schanden moet ik wederom rijden.&#8217;</l>
      </lg>
    </lg>
  </text>
</song>