<song>
  <meta>
    <id>15569</id>
    <date>
      <year-start>1903</year-start>
      <year-end>1908</year-end>
    </date>
    <tags />
    <melody>Daar zou er een maagdje vroeg opstaan</melody>
  <author>Anonymous</author></meta>
  <text>
    <lg type="song">
      <lg id="s1" type="stanza">
        <l id="s1:l1">Daar zou 'er een magetje vroeg opstaan,</l>
        <l id="s1:l2">om haar zoete lief te zoeken gaan,</l>
        <l id="s1:l3">en zy zogten onder de linden,</l>
        <l id="s1:l4">maar kon daar haar liefje niet vinden.</l>
      </lg>
      <lg id="s2" type="stanza">
        <l id="s2:l1">Met kwam daar een heer aan gaan,</l>
        <l id="s2:l2">die zey: &#8216;kind wat hoeft gy hier alleen te staan,</l>
        <l id="s2:l3">of teld gy de groene boomen</l>
        <l id="s2:l4">en al de geele goude roozen.&#8217;</l>
      </lg>
      <lg id="s3" type="stanza">
        <l id="s3:l1">- &#8216;Ik tel de groene boomen niet,</l>
        <l id="s3:l2">en pluk ook alle gouden roozen niet:</l>
        <l id="s3:l3">ik heb 'er myn lief verlooren,</l>
        <l id="s3:l4">en kan 'er geen tyding van hem hooren.&#8217;</l>
      </lg>
      <lg id="s4" type="stanza">
        <l id="s4:l1">- &#8216;Hebt gy 'er jou lief verlooren,</l>
        <l id="s4:l2">kanje ook geen tyding van hem hooren,</l>
        <l id="s4:l3">hy is 'er op Zeelands douwe</l>
        <l id="s4:l4">en verkeerd met een andere schoon vrouwe.&#8217;</l>
      </lg>
      <lg id="s5" type="stanza">
        <l id="s5:l1">- &#8216;Is hy 'er op Zeelands douwe,</l>
        <l id="s5:l2">verkeerd hy daer met schoone vrouwe,</l>
        <l id="s5:l3">zo mag den hemel zyn leidsman zyn,</l>
        <l id="s5:l4">met alle mooije meisjes die by hem zyn.&#8217;</l>
      </lg>
      <lg id="s6" type="stanza">
        <l id="s6:l1">Wat trok hy uit zyn mouwen?</l>
        <l id="s6:l2">een ketting rood van gouwen:</l>
        <l id="s6:l3">&#8216;die (zal) ik u schoon kind schenken</l>
        <l id="s6:l4">wild op u lief niet meer denken.&#8217;</l>
      </lg>
      <lg id="s7" type="stanza">
        <l id="s7:l1">- &#8216;Alwaar de ketting nog eens zo lang,</l>
        <l id="s7:l2">dat sy van de hemel op de aarde hang,</l>
        <l id="s7:l3">veel liever wil ik ze verliezen</l>
        <l id="s7:l4">eer ik een ander liefje wil kiezen.&#8217;</l>
      </lg>
      <lg id="s8" type="stanza">
        <l id="s8:l1">Doe ontroerden de heer zijn bloed:</l>
        <l id="s8:l2">&#8216;schoon kind, zie wel voor u wat gy doet;</l>
        <l id="s8:l3">gij bent 'er myn regte huysvrouwe</l>
        <l id="s8:l4">en ik wilder geen ander trouwe.&#8217;</l>
      </lg>
    </lg>
  </text>
</song>