<song>
  <meta>
    <id>15568</id>
    <date>
      <year-start>1903</year-start>
      <year-end>1908</year-end>
    </date>
    <tags />
    <melody />
  <author>Anonymous</author></meta>
  <text>
    <lg type="song">
      <lg id="s1" type="stanza">
        <l id="s1:l1">Daar zou er een jager uit jagen gaan,</l>
        <l id="s1:l2">uit jagen zou er hij gaan.</l>
        <l id="s1:l3">uit jagen zou er hij gaan.</l>
        <l id="s1:l4">Wat vond hij op zijne wegen?</l>
        <l id="s1:l5">een aardig lief meisje ter degen;</l>
        <l id="s1:l6">zij was er zoo aangedaan.</l>
        <l id="s1:l7">zij was er zoo aangedaan.</l>
      </lg>
      <lg id="s2" type="stanza">
        <l id="s2:l1">&#8216;Ik groet u, mijn schoone engelin,</l>
        <l id="s2:l2">mogt ik er eens bij u zijn!</l>
        <l id="s2:l3">mogt ik er eens bij u zijn!</l>
        <l id="s2:l4">Mogt ik er eens bij u slapen,</l>
        <l id="s2:l5">u, aardig, lief meisje genaken,</l>
        <l id="s2:l6">genezen was al mijn pijn.&#8217;</l>
        <l id="s2:l7">genezen was al mijn pijn.&#8217;</l>
      </lg>
      <lg id="s3" type="stanza">
        <l id="s3:l1">- &#8216;Bij mij te slapen dat kan niet zijn,</l>
        <l id="s3:l2">sprak dit aardig lief meisje tot mijn;</l>
        <l id="s3:l3">sprak dit aardig lief meisje tot mijn;</l>
        <l id="s3:l4">maar kom van avond of bij nachten,</l>
        <l id="s3:l5">dan zal ik u bij mijn wachten,</l>
        <l id="s3:l6">dan zal ik u laten bij mijn.&#8217;</l>
        <l id="s3:l7">dan zal ik u laten bij mijn.&#8217;</l>
      </lg>
      <lg id="s4" type="stanza">
        <l id="s4:l1">De dag verscheen en de avond kwam aan,</l>
        <l id="s4:l2">dat de jager uit jagen zou gaan.</l>
        <l id="s4:l3">dat de jager uit jagen zou gaan.</l>
        <l id="s4:l4">Hij blaasde op zijn waldhoorn,</l>
        <l id="s4:l5">dat het lieve meisje bekoorde;</l>
        <l id="s4:l6">zij liet er de jager in.</l>
        <l id="s4:l7">zij liet er de jager in.</l>
      </lg>
      <lg id="s5" type="stanza">
        <l id="s5:l1">De moeder die sliep, en de vader die riep:</l>
        <l id="s5:l2">&#8216;waar mag toch ons dochtertje zijn?</l>
        <l id="s5:l3">&#8216;waar mag toch ons dochtertje zijn?</l>
        <l id="s5:l4">&#8216;Wat mag toch ons dochtertje maken?</l>
        <l id="s5:l5">Ik hoor er de bedsteeplank kraken,</l>
        <l id="s5:l6">daar moet er een bij haar zijn.&#8217;</l>
        <l id="s5:l7">daar moet er een bij haar zijn.&#8217;</l>
      </lg>
      <lg id="s6" type="stanza">
        <l id="s6:l1">De vader stond op, en de moeder stond op,</l>
        <l id="s6:l2">en bennen naar boven gegaan.</l>
        <l id="s6:l3">en bennen naar boven gegaan.</l>
        <l id="s6:l4">Daar lagen zij arm in arm:</l>
        <l id="s6:l5">zoo lief, en zoo zacht, en zoo warm,</l>
        <l id="s6:l6">zoo lekkertjes bij elkaar.</l>
        <l id="s6:l7">zoo lekkertjes bij elkaar.</l>
      </lg>
      <lg id="s7" type="stanza">
        <l id="s7:l1">&#8216;Ach moeder, vergeef mij deze keer,</l>
        <l id="s7:l2">ach vader, ik zat in nood;</l>
        <l id="s7:l3">ach vader, ik zat in nood;</l>
        <l id="s7:l4">dat de jager bij mij ligt te slapen,</l>
        <l id="s7:l5">dat geven toch huwelijkszaken;</l>
        <l id="s7:l6">hij mint mij tot in den dood.&#8217;</l>
        <l id="s7:l7">hij mint mij tot in den dood.&#8217;</l>
      </lg>
    </lg>
  </text>
</song>