<song>
  <meta>
    <id>15563</id>
    <date>
      <year-start>1903</year-start>
      <year-end>1908</year-end>
    </date>
    <tags />
    <melody>Daar was laatst een meisje loos</melody>
  <author>Anonymous</author></meta>
  <text>
    <lg type="song">
      <lg id="s1" type="stanza">
        <l id="s1:l1">Daar was laatst een meisje loos,</l>
        <l id="s1:l2">die wou gaan varen voor matroos.</l>
      </lg>
      <lg id="s2" type="stanza">
        <l id="s2:l1">Zij nam dienst voor zeven jaar,</l>
        <l id="s2:l2">omdat zij vreesde geen gevaar.</l>
      </lg>
      <lg id="s3" type="stanza">
        <l id="s3:l1">Toen bragt zij haar goed aan boord,</l>
        <l id="s3:l2">gelijk er een brave matroos behoort.</l>
      </lg>
      <lg id="s4" type="stanza">
        <l id="s4:l1">Zij moest klimmen in de mast,</l>
        <l id="s4:l2">maken de zeilen met touwtjes vast.</l>
      </lg>
      <lg id="s5" type="stanza">
        <l id="s5:l1">Doch door het stormen van het weer</l>
        <l id="s5:l2">sloegen de zeilen van boven neer.</l>
      </lg>
      <lg id="s6" type="stanza">
        <l id="s6:l1">Nu werd zij gebonden voor de mast</l>
        <l id="s6:l2">met haar handen en voeten vast.</l>
      </lg>
      <lg id="s7" type="stanza">
        <l id="s7:l1">Zij riep: kapteintje, sla mij niet,</l>
        <l id="s7:l2">ik ben uw liefje, gelijk gij ziet.</l>
      </lg>
      <lg id="s8" type="stanza">
        <l id="s8:l1">Maar eer het scheepje was aan wal,</l>
        <l id="s8:l2">was er het jonge matroosje al.</l>
      </lg>
      <lg id="s9" type="stanza">
        <l id="s9:l1">Toen zij nu weer kwam in de stad,</l>
        <l id="s9:l2">waar zij nog eene moeder had,</l>
      </lg>
      <lg id="s10" type="stanza">
        <l id="s10:l1">Riep zij: moeder, wordt niet boos,</l>
        <l id="s10:l2">ik heb gevaren voor jong matroos.</l>
      </lg>
      <lg id="s11" type="stanza">
        <l id="s11:l1">Bij een, die mij opregt bemind,</l>
        <l id="s11:l2">heb ik dit klein onnoozel kind.</l>
      </lg>
      <lg id="s12" type="stanza">
        <l id="s12:l1">Maar eer het weder Pinkster is,</l>
        <l id="s12:l2">word ik zijn vrouwtje, dat is gewis.</l>
      </lg>
    </lg>
  </text>
</song>