<song>
  <meta>
    <id>15564</id>
    <date>
      <year-start>1903</year-start>
      <year-end>1908</year-end>
    </date>
    <tags />
    <melody>Daar zat een uil en spon</melody>
  <author>Anonymous</author></meta>
  <text>
    <lg type="song">
      <lg id="s1" type="stanza">
        <l id="s1:l1">Daar zat nen uil en spon, spon, spon,</l>
        <l id="s1:l2">daar zat nen uil en spon,</l>
        <l id="s1:l3">al op e zilvren w&#228;geltje,</l>
        <l id="s1:l4">- faderide r&#228;geltje -</l>
        <l id="s1:l5">al op e zilvren w&#228;geltje,</l>
        <l id="s1:l6">waar hij zijn kost op ... won.</l>
      </lg>
      <lg id="s2" type="stanza">
        <l id="s2:l1">En de meid die keerde das haus wieder aus,</l>
        <l id="s2:l2">en de meid die keerde das haus,</l>
        <l id="s2:l3">en wat vond zij onder dat bessemke</l>
        <l id="s2:l4">- faladiridam bessemke -</l>
        <l id="s2:l5">en wat vond zij onder dat bessemke?</l>
        <l id="s2:l6">een penning met een ... kruis.</l>
      </lg>
      <lg id="s3" type="stanza">
        <l id="s3:l1">En de vrouw die pakte het brand in de hand,</l>
        <l id="s3:l2">en de vrouw die pakte het brand,</l>
        <l id="s3:l3">en ze sloeg die arme dienstmeid,</l>
        <l id="s3:l4">- faladiridam dienstmeid -</l>
        <l id="s3:l5">en ze sloeg die arme dienstmeid</l>
        <l id="s3:l6">den penning uit haar ... hand.</l>
      </lg>
    </lg>
  </text>
</song>