<song>
  <meta>
    <id>15573</id>
    <date>
      <year-start>1903</year-start>
      <year-end>1908</year-end>
    </date>
    <tags />
    <melody>Een meisje moest om water gaan</melody>
  <author>Anonymous</author></meta>
  <text>
    <lg type="song">
      <lg id="s1" type="stanza">
        <l id="s1:l1">Daer ginck een meyt om water uyt,</l>
        <l id="s1:l2">om water wel alsoo laet,</l>
        <l id="s1:l3">en alse t'halver weghe quam,</l>
        <l id="s1:l4">brack se haren water stoop:</l>
        <l id="s1:l5">&#8216;ey, daer sijnder nogh meer te coop.&#8217;</l>
      </lg>
      <lg id="s2" type="stanza">
        <l id="s2:l1">En als de meyt aen thuys quam</l>
        <l id="s2:l2">de basinne die sagh soo suer:</l>
        <l id="s2:l3">&#8216;ist om dat ick gebroken heb,</l>
        <l id="s2:l4">gebroken uw water stoop?</l>
        <l id="s2:l5">ey, daer sijnder nogh meer te coop.&#8217;</l>
      </lg>
      <lg id="s3" type="stanza">
        <l id="s3:l1">De meyt die sey: &#8216;basinne,</l>
        <l id="s3:l2">basinne, gheeft my mijn huer,</l>
        <l id="s3:l3">die ick den gantschen winter lanck</l>
        <l id="s3:l4">gewonnen heb alsoo suer;</l>
        <l id="s3:l5">ey, basinne, gheeft my mijn huer.&#8217;</l>
      </lg>
      <lg id="s4" type="stanza">
        <l id="s4:l1">- &#8216;Wat huer moet ick u gheven?</l>
        <l id="s4:l2">wat huer moet ghy hebben dan?</l>
        <l id="s4:l3">ghy die den gansche winter lanck</l>
        <l id="s4:l4">geslapen hebt by mynen man;</l>
        <l id="s4:l5">ey, wat huer moet ghy hebben dan?&#8217;</l>
      </lg>
      <lg id="s5" type="stanza">
        <l id="s5:l1">De meyt, die sey: &#8216;basinne,</l>
        <l id="s5:l2">basinne, wat dat ghy seght:</l>
        <l id="s5:l3">als uwe man niet thuys en is,</l>
        <l id="s5:l4">slaept ghy by den mulder sijn knecht;</l>
        <l id="s5:l5">ey, basinne, wat dat ghy seght!&#8217;</l>
      </lg>
      <lg id="s6" type="stanza">
        <l id="s6:l1">De basinne die sey: &#8216;klappeye,</l>
        <l id="s6:l2">klappeye, en klapt niet meer,</l>
        <l id="s6:l3">want door het klappeyen van onse twee,</l>
        <l id="s6:l4">verliesen wy beyden ons eer;</l>
        <l id="s6:l5">ey, klappeye, en klapt niet meer.&#8217;</l>
      </lg>
    </lg>
  </text>
</song>