<song>
  <meta>
    <id>15599</id>
    <date>
      <year-start>1903</year-start>
      <year-end>1908</year-end>
    </date>
    <tags />
    <melody>Te mei als alle vogels zingen</melody>
  <author>Anonymous</author></meta>
  <text>
    <lg type="song">
      <lg id="s1" type="stanza">
        <l id="s1:l1">Daer was een edel Paltzgravin,</l>
        <l id="s1:l2">den Graef die stond in haren zin;</l>
        <l id="s1:l3">maer die haer deugd benyde,</l>
        <l id="s1:l4">was Golo die, uyt geile min,</l>
        <l id="s1:l5">haer meende te verleyden.</l>
      </lg>
      <lg id="s2" type="stanza">
        <l id="s2:l1">Na veel geweld en tegenstand,</l>
        <l id="s2:l2">gaf z' hem een kaekslag van haer hand;</l>
        <l id="s2:l3">doen wierd zyn bloed ontsteken;</l>
        <l id="s2:l4">hy sprak: &#8216;dees onverdraegbaer schand,</l>
        <l id="s2:l5">ik zweer, ik zal die wreken.&#8217;</l>
      </lg>
      <lg id="s3" type="stanza">
        <l id="s3:l1">Twee snoode dienaren van 't hof</l>
        <l id="s3:l2">verleyde hy en dat zoo grof,</l>
        <l id="s3:l3">om de Gravin te schenden,</l>
        <l id="s3:l4">haer deugd, haer trouw, haer eer en lof</l>
        <l id="s3:l5">te brengen in ellenden.</l>
      </lg>
      <lg id="s4" type="stanza">
        <l id="s4:l1">Daer kwam eenen edelman in;</l>
        <l id="s4:l2">zy leyden hem by de Gravin,</l>
        <l id="s4:l3">in de salet geweken;</l>
        <l id="s4:l4">daer Golo, boos en dol van zin,</l>
        <l id="s4:l5">heeft dezen held doorsteken.</l>
      </lg>
      <lg id="s5" type="stanza">
        <l id="s5:l1">Hy riep getuygen kleyn en groot,</l>
        <l id="s5:l2">en sprak: &#8216;ik stak dien booswicht dood,</l>
        <l id="s5:l3">daer ik hem heb bevonden</l>
        <l id="s5:l4">met de edele Gravinne snood</l>
        <l id="s5:l5">in trouwelooze zonden.&#8217;</l>
      </lg>
      <lg id="s6" type="stanza">
        <l id="s6:l1">Hy schreef den Graef een brief vol rouw,</l>
        <l id="s6:l2">dat zyn huysvrouw de echte trouw</l>
        <l id="s6:l3">verlaten had vol schande.</l>
        <l id="s6:l4">Dan kwam den Graef van 't leger gouw,</l>
        <l id="s6:l5">en wou zyn hof verbranden.</l>
      </lg>
      <lg id="s7" type="stanza">
        <l id="s7:l1">&#8216;Neen,&#8217; sprak hy voort, &#8216;ten kan niet zyn.</l>
        <l id="s7:l2">'t en is misschien maer valschen schyn,</l>
        <l id="s7:l3">door Golo's boos pratyken.&#8217;</l>
        <l id="s7:l4">Daerop sprak Golo g'heel vileyn:</l>
        <l id="s7:l5">&#8216;ik zal het u doen blyken.&#8217;</l>
      </lg>
      <lg id="s8" type="stanza">
        <l id="s8:l1">Hy had een toov'res omgekocht</l>
        <l id="s8:l2">en heeft die by den Graef gebrogt,</l>
        <l id="s8:l3">die daer hem kenbaer maekte</l>
        <l id="s8:l4">hoe de Gravin, tot schand van 't hof,</l>
        <l id="s8:l5">deed grouwelyke zaken.</l>
      </lg>
      <lg id="s9" type="stanza">
        <l id="s9:l1">De toovery den Graef verblind:</l>
        <l id="s9:l2">hy deed zyn vrouw, met haer kleyn kind,</l>
        <l id="s9:l3">naer eenen bosch toe leyden.</l>
        <l id="s9:l4">Hy sprak: &#8216;myn dienaers, g'heel gezwind,</l>
        <l id="s9:l5">vermoord haer aen een zyde.&#8217;</l>
      </lg>
      <lg id="s10" type="stanza">
        <l id="s10:l1">Maer ziet hoe God haer deugd bemind;</l>
        <l id="s10:l2">de knechten spraken g'heel gezwin:</l>
        <l id="s10:l3">&#8216;mevrouw, en wilt niet beven!</l>
        <l id="s10:l4">blyft hier in 't bosch met uw kleyn kind:</l>
        <l id="s10:l5">wy schenken u het leven.&#8217;</l>
      </lg>
      <lg id="s11" type="stanza">
        <l id="s11:l1">Toen docht den Graef: myn vrouw is dood;</l>
        <l id="s11:l2">maer de Gravin, vol druk en nood,</l>
        <l id="s11:l3">scheen in het bosch te sterven,</l>
        <l id="s11:l4">met haer kleyn kindje in den schoot;</l>
        <l id="s11:l5">zy kuste 't menigwerven.</l>
      </lg>
      <lg id="s12" type="stanza">
        <l id="s12:l1">Zy riep: &#8216;ach! God, wilt my bystaen,</l>
        <l id="s12:l2">of myn kind moet van dorst vergaen,</l>
        <l id="s12:l3">myn borsten die verdroogen;</l>
        <l id="s12:l4">ik heb geen zog om 't te verza&#234;n,</l>
        <l id="s12:l5">o Heer! heb toch me&#234;doogen.&#8217;</l>
      </lg>
      <lg id="s13" type="stanza">
        <l id="s13:l1">Onder een boom leyd zy het ne&#234;r;</l>
        <l id="s13:l2">haer hert verging van droefheyd zeer,</l>
        <l id="s13:l3">mits zy niet kon verwerven;</l>
        <l id="s13:l4">zy zeyde: &#8216;adieu! myn kindje te&#234;r:</l>
        <l id="s13:l5">ik kan u niet zien sterven.&#8217;</l>
      </lg>
      <lg id="s14" type="stanza">
        <l id="s14:l1">De eng'len kwamen uyt de locht,</l>
        <l id="s14:l2">hebben haer een bly maer gebrogt:</l>
        <l id="s14:l3">&#8216;Gravinne, wilt opreyzen,</l>
        <l id="s14:l4">uw kind wordt van een hert bezocht,</l>
        <l id="s14:l5">die 't met zyn melk zal spyzen.&#8217;</l>
      </lg>
      <lg id="s15" type="stanza">
        <l id="s15:l1">Zy dankte God met groot eerweerd,</l>
        <l id="s15:l2">en ging by desen wilden hert,</l>
        <l id="s15:l3">waeraen haer kind nog zuygde;</l>
        <l id="s15:l4">zy kuste 't beestje onverveerd,</l>
        <l id="s15:l5">voor hem z' haer nederbuygde.</l>
      </lg>
      <lg id="s16" type="stanza">
        <l id="s16:l1">Als haer kind zyn lust had voldaen,</l>
        <l id="s16:l2">zy sprak het beestje nog eens aen:</l>
        <l id="s16:l3">&#8216;ach! liefste beestje schoone,</l>
        <l id="s16:l4">wyst ons een hol om in te gaen,</l>
        <l id="s16:l5">waer wy te sa&#234;m gaen woonen.&#8217;</l>
      </lg>
      <lg id="s17" type="stanza">
        <l id="s17:l1">Den hert ging voort; zy volgde naer,</l>
        <l id="s17:l2">in eenen kuyl zonder gevaer,</l>
        <l id="s17:l3">zy loofde God vol waerde;</l>
        <l id="s17:l4">zy aten wortels met malka&#234;r</l>
        <l id="s17:l5">en kruyden van der aerde.</l>
      </lg>
      <lg id="s18" type="stanza">
        <l id="s18:l1">Het was op eenen avond laet,</l>
        <l id="s18:l2">den Graef met Golo, zonder baet,</l>
        <l id="s18:l3">gingen van Drogan spreken,</l>
        <l id="s18:l4">den edelman, die hy, met smaed,</l>
        <l id="s18:l5">zoo schandig had doorsteken.</l>
      </lg>
      <lg id="s19" type="stanza">
        <l id="s19:l1">Maer, ziet! terstond het hof van Trier</l>
        <l id="s19:l2">scheen te vergaen in vlam en vier,</l>
        <l id="s19:l3">met felle donderslagen;</l>
        <l id="s19:l4">toen kwam den geest van Drogan hier.</l>
        <l id="s19:l5">Zy vreesden voor Gods plagen.</l>
      </lg>
      <lg id="s20" type="stanza">
        <l id="s20:l1">Den geest die wenkte met zyn hand,</l>
        <l id="s20:l2">en leyd den Graef aen eenen kant</l>
        <l id="s20:l3">daer zyn doodsbeenders lagen;</l>
        <l id="s20:l4">den graef viel neder in het zand,</l>
        <l id="s20:l5">hy riep: &#8216;ik word verslagen.&#8217;</l>
      </lg>
      <lg id="s21" type="stanza">
        <l id="s21:l1">Den geest verdween met groot getier,</l>
        <l id="s21:l2">met donder en met bliksemvier,</l>
        <l id="s21:l3">den Graef lag in onmagte;</l>
        <l id="s21:l4">daer kwam den edeldom, nae manier,</l>
        <l id="s21:l5">zyn droef onheyl verzachten.</l>
      </lg>
      <lg id="s22" type="stanza">
        <l id="s22:l1">Maer God die 't al regtveerdig doet,</l>
        <l id="s22:l2">die zal hun trots en hoog gemoed</l>
        <l id="s22:l3">in eenen dal doen zinken;</l>
        <l id="s22:l4">en de Gravinn' haer deugden goed</l>
        <l id="s22:l5">in held'ren glans doen blinken.</l>
      </lg>
      <lg id="s23" type="stanza">
        <l id="s23:l1">Als de Gravin nu zeven jaer,</l>
        <l id="s23:l2">met haren zoon in 't bosch te ga&#234;r,</l>
        <l id="s23:l3">den Heere had gebeden,</l>
        <l id="s23:l4">toen toonde God in 't openbaer</l>
        <l id="s23:l5">haer deugd en zuyverheden.</l>
      </lg>
      <lg id="s24" type="stanza">
        <l id="s24:l1">Terwyl de Graef was op de jagt,</l>
        <l id="s24:l2">werd hem van Trier een brief gebragt,</l>
        <l id="s24:l3">al door eenen expresse;</l>
        <l id="s24:l4">hoe daer verbrand was met beklagt</l>
        <l id="s24:l5">eene oude tooveresse.</l>
      </lg>
      <lg id="s25" type="stanza">
        <l id="s25:l1">Zy had al stervende beleyd,</l>
        <l id="s25:l2">dat zy door Golo aengeleyd,</l>
        <l id="s25:l3">den Graef hadde bedrogen;</l>
        <l id="s25:l4">het kwaed van de Gravin gezeyd</l>
        <l id="s25:l5">was al te mael gelogen.</l>
      </lg>
      <lg id="s26" type="stanza">
        <l id="s26:l1">Den Graef die schoot in gramschap groot,</l>
        <l id="s26:l2">hy stak desen verrader dood,</l>
        <l id="s26:l3">en d' ander twee gevangen;</l>
        <l id="s26:l4">tot Trier voor 't hof met schande groot</l>
        <l id="s26:l5">hebben z' hun loon ontfangen.</l>
      </lg>
      <lg id="s27" type="stanza">
        <l id="s27:l1">Met ossen van malkaer gerukt,</l>
        <l id="s27:l2">die de Gravin hadden verdrukt.</l>
        <l id="s27:l3">Verraders wilt hier uyt leeren</l>
        <l id="s27:l4">hoe het verraed altyd mislukt</l>
        <l id="s27:l5">door straffe van den Heere.</l>
      </lg>
      <lg id="s28" type="stanza">
        <l id="s28:l1">Den Graef verging in tranen zeer,</l>
        <l id="s28:l2">hy riep: &#8216;ontfermt u myner, Heer,</l>
        <l id="s28:l3">ik heb myn vrouw doen sterven,</l>
        <l id="s28:l4">myn eygen zoon, myn kindje te&#234;r:</l>
        <l id="s28:l5">waer zal ik troost verwerven?&#8217;</l>
      </lg>
      <lg id="s29" type="stanza">
        <l id="s29:l1">Maer God verhoorde zyn geklagt:</l>
        <l id="s29:l2">terwyl den Graef was op de jagt,</l>
        <l id="s29:l3">den edeldom afgeweken,</l>
        <l id="s29:l4">hy zag zyn zoontje onverwacht;</l>
        <l id="s29:l5">zyn hert docht hem te breken.</l>
      </lg>
      <lg id="s30" type="stanza">
        <l id="s30:l1">Hy liep hem na, terwyl hy vlugt,</l>
        <l id="s30:l2">by zyn moeder vol ongenugt,</l>
        <l id="s30:l3">in haren kuyl van binnen.</l>
        <l id="s30:l4">Zy sprak: &#8216;wat hoor ik voor gerugt:</l>
        <l id="s30:l5">wat zal ik gaen beginnen?&#8217;</l>
      </lg>
      <lg id="s31" type="stanza">
        <l id="s31:l1">Den edelen Graef riep overluyd:</l>
        <l id="s31:l2">&#8216;ach! waerde vrouw, ach! komt eens uyt,</l>
        <l id="s31:l3">uyt uwen kuyl van binnen;</l>
        <l id="s31:l4">ik hoor het aen uw zoet geluyd,</l>
        <l id="s31:l5">gy zyt de Palzgravinne.&#8217;</l>
      </lg>
      <lg id="s32" type="stanza">
        <l id="s32:l1">- &#8216;Ik ben te naekt; het doet my leed,</l>
        <l id="s32:l2">anders ik was hiertoe gereed,</l>
        <l id="s32:l3">by u, myn Graef, te treden.&#8217;</l>
        <l id="s32:l4">Hy sprak: &#8216;daer is myn jagerskleed,</l>
        <l id="s32:l5">bedekt daer me&#234; uw leden.&#8217;</l>
      </lg>
      <lg id="s33" type="stanza">
        <l id="s33:l1">Zy kwam te voorschyn met haer kind,</l>
        <l id="s33:l2">het beestje volgde g'heel gezwind,</l>
        <l id="s33:l3">waeraen het had gezogen.</l>
        <l id="s33:l4">Hy sprak: &#8216;o God! 't is onverdiend,</l>
        <l id="s33:l5">dat gy my wilt gedoogen.&#8217;</l>
      </lg>
      <lg id="s34" type="stanza">
        <l id="s34:l1">Hy viel ter aerde voor haer ne&#234;r;</l>
        <l id="s34:l2">hy sprak: &#8216;myn liefste, uit liefde te&#234;r,</l>
        <l id="s34:l3">wilt myn misdaed vergeven.&#8217;</l>
        <l id="s34:l4">Zy sprak: &#8216;sta op, myn Graef, myn heer!</l>
        <l id="s34:l5">gy hebt my nooyt misdreven.&#8217;</l>
      </lg>
      <lg id="s35" type="stanza">
        <l id="s35:l1">&#8216;Zie hier ons zoontje voor u staen.&#8217;</l>
        <l id="s35:l2">Hy zag hem alzoo minzaem aen,</l>
        <l id="s35:l3">hy kuste hem aen zyn wangen:</l>
        <l id="s35:l4">&#8216;kom, lief, laet ons naer 't hof toe gaen,</l>
        <l id="s35:l5">wat doen wy hier zoo lange?&#8217;</l>
      </lg>
      <lg id="s36" type="stanza">
        <l id="s36:l1">Hy stak zyn trompet in 't bosch, waer in</l>
        <l id="s36:l2">zyn magt veranderde bly van zin,</l>
        <l id="s36:l3">en kwamen hun straks tegen.</l>
        <l id="s36:l4">Zy wenschten aen de Palzgravin</l>
        <l id="s36:l5">veel heyl, geluk en zegen.</l>
      </lg>
      <lg id="s37" type="stanza">
        <l id="s37:l1">Nooyt blyder dag heeft Trier gehad:</l>
        <l id="s37:l2">geheel het hof, geheel de stad</l>
        <l id="s37:l3">waren verblyd zoo zeere.</l>
        <l id="s37:l4">Den Graef zyn min en trouw hervat.</l>
        <l id="s37:l5">Looft God den Heer der Heeren!</l>
      </lg>
      <lg id="s38" type="stanza">
        <l id="s38:l1">In de bosschagie in het woud</l>
        <l id="s38:l2">hebben zy een kapel gebouwd;</l>
        <l id="s38:l3">tot eeuwige memorie</l>
        <l id="s38:l4">blinkt Genoveva in het goud.</l>
        <l id="s38:l5">Dit is eene ware historie.</l>
      </lg>
    </lg>
  </text>
</song>