<song>
  <meta>
    <id>15604</id>
    <date>
      <year-start>1903</year-start>
      <year-end>1908</year-end>
    </date>
    <tags />
    <melody>Er zat een vrouw maged op haar kasteel</melody>
  <author>Anonymous</author></meta>
  <text>
    <lg type="song">
      <lg id="s1" type="stanza">
        <l id="s1:l1">Daer was een meisjen in haer kasteel,</l>
        <l id="s1:l2">die zag zoo droevig in die oostzee.</l>
        <l id="s1:l3">Wat zag zy aengevaren?</l>
        <l id="s1:l4">een wit satijne borzeken fijn,</l>
        <l id="s1:l5">dat in die oostzee was klare.</l>
      </lg>
      <lg id="s2" type="stanza">
        <l id="s2:l1">&#8216;Och vader, brengt my daer eenen man,</l>
        <l id="s2:l2">die zeer wel duiken en zwemmen kan,</l>
        <l id="s2:l3">die er kan duiken tot &#237;n den gronde;</l>
        <l id="s2:l4">dat hy my haelt dat borzeken fijn</l>
        <l id="s2:l5">die in de oostzee is klare.&#8217;</l>
      </lg>
      <lg id="s3" type="stanza">
        <l id="s3:l1">De vader bragt haer daer eenen man,</l>
        <l id="s3:l2">die zeer wel duiken en zwemmen kan,</l>
        <l id="s3:l3">die er kan duiken tot in den gronde;</l>
        <l id="s3:l4">hy haelt haer daer dat borzeken fijn,</l>
        <l id="s3:l5">die in die oostzee was klare.</l>
      </lg>
      <lg id="s4" type="stanza">
        <l id="s4:l1">Doen zy dat borzeken ontvangen had</l>
        <l id="s4:l2">en doen zy dat zeer wel bezach,</l>
        <l id="s4:l3">wat stond er in te lezen?</l>
        <l id="s4:l4">dat zy zeven jaren en eenen dag</l>
        <l id="s4:l5">in de wildernis moest leven.</l>
      </lg>
      <lg id="s5" type="stanza">
        <l id="s5:l1">&#8216;Och vader, bouwt my daer een huis</l>
        <l id="s5:l2">al met het teeken van 't heilig kruis,</l>
        <l id="s5:l3">een huis al met een celle,</l>
        <l id="s5:l4">waer ik alle urekens van de nacht</l>
        <l id="s5:l5">kan kleppen de lazerusche belle.&#8217;</l>
      </lg>
      <lg id="s6" type="stanza">
        <l id="s6:l1">De vader bouwt er haer daer een huis</l>
        <l id="s6:l2">al met het teeken van 't heilig kruis,</l>
        <l id="s6:l3">een huis al met een celle,</l>
        <l id="s6:l4">waer dat z' alle urekens van de nacht</l>
        <l id="s6:l5">kan kleppen de lazerusche belle.</l>
      </lg>
      <lg id="s7" type="stanza">
        <l id="s7:l1">Na zeven jaren en eenen dag,</l>
        <l id="s7:l2">dat zy noch maen noch zon en zag,</l>
        <l id="s7:l3">dan door een spleteken van ter zyden,</l>
        <l id="s7:l4">zag z' haren minnaer komen terug</l>
        <l id="s7:l5">op een konings-peerdeken ryden.</l>
      </lg>
    </lg>
  </text>
</song>