<song>
  <meta>
    <id>15628</id>
    <date>
      <year-start>1903</year-start>
      <year-end>1908</year-end>
    </date>
    <tags />
    <melody />
  <author>Anonymous</author></meta>
  <text>
    <lg type="song">
      <lg id="s1" type="stanza">
        <l id="s1:l1">&#8216;Danst, danst, kweselken,</l>
        <l id="s1:l2">ik zal u geven een peerd;&#8217;</l>
        <l id="s1:l3">daar sprak dat loddelyk kweselken:</l>
        <l id="s1:l4">&#8216;dat is het dansen niet waerd;</l>
        <l id="s1:l5">ik en kan niet dansen,</l>
        <l id="s1:l6">ik en kan niet springen,</l>
        <l id="s1:l7">dansen is onzen regel niet,</l>
        <l id="s1:l8">nonnen en paters dansen niet.&#8217;</l>
      </lg>
      <lg id="s2" type="stanza">
        <l id="s2:l1">- &#8216;Danst, danst, kweselken,</l>
        <l id="s2:l2">ik zal u geven een koe;&#8217;</l>
        <l id="s2:l3">daer sprak dat loddelyk kweselken:</l>
        <l id="s2:l4">&#8216;ik ben het dansen moe;</l>
        <l id="s2:l5">ik en kan niet dansen,</l>
        <l id="s2:l6">ik en kan niet springen,</l>
        <l id="s2:l7">dansen is onzen regel niet,</l>
        <l id="s2:l8">nonnen en paters dansen niet.&#8217;</l>
      </lg>
      <lg id="s3" type="stanza">
        <l id="s3:l1">- &#8216;Danst, danst, kweselken,</l>
        <l id="s3:l2">ik zal u geven 'ne man;&#8217;</l>
        <l id="s3:l3">daer sprak dat loddelyk kweselken;</l>
        <l id="s3:l4">&#8216;ik zal al doen, wat ik kan;</l>
        <l id="s3:l5">ik kan wel dansen,</l>
        <l id="s3:l6">ik kan wel springen,</l>
        <l id="s3:l7">dansen is onzen regel ook,</l>
        <l id="s3:l8">nonnen en paters dansen ook.&#8217;</l>
      </lg>
    </lg>
  </text>
</song>