<song>
  <meta>
    <id>15626</id>
    <date>
      <year-start>1903</year-start>
      <year-end>1908</year-end>
    </date>
    <tags />
    <melody />
  <author>Anonymous</author></meta>
  <text>
    <lg type="song">
      <lg id="s1" type="stanza">
        <l id="s1:l1">&#8216;Dans, nonneke, dans!</l>
        <l id="s1:l2">dan zal ik je geven een muts.&#8217;</l>
        <l id="s1:l3">- &#8216;Neen,&#8217; zei dat aardig nonneke,</l>
        <l id="s1:l4">&#8216;ik heb er een van me zus.</l>
        <l id="s1:l5">'k Wil niet dansen, 'k zal niet dansen,</l>
        <l id="s1:l6">dansen is men order niet;</l>
        <l id="s1:l7">nonnen, paters, paters, nonnen,</l>
        <l id="s1:l8">nonnen, paters dansen niet.&#8217;</l>
      </lg>
      <lg id="s2" type="stanza">
        <l id="s2:l1">- &#8216;Dans, nonneke, dans!</l>
        <l id="s2:l2">dan zal ik je geven een huis.&#8217;</l>
        <l id="s2:l3">- &#8216;Neen,&#8217; zei dat aardig nonneke,</l>
        <l id="s2:l4">&#8216;daar ben ik niet van thuis.</l>
        <l id="s2:l5">'k Wil niet dansen, 'k zal niet dansen,</l>
        <l id="s2:l6">dansen is men order niet;</l>
        <l id="s2:l7">nonnen, paters, paters, nonnen,</l>
        <l id="s2:l8">nonnen, paters dansen niet.&#8217;</l>
      </lg>
      <lg id="s3" type="stanza">
        <l id="s3:l1">- &#8216;Dans, nonneke, dans!</l>
        <l id="s3:l2">dan zal ik je geven een zoen.&#8217;</l>
        <l id="s3:l3">- &#8216;Neen,&#8217; zei dat aardig nonneke,</l>
        <l id="s3:l4">&#8216;daar wil ik 'et niet voor doen.</l>
        <l id="s3:l5">'k Wil niet dansen, 'k zal niet dansen,</l>
        <l id="s3:l6">dansen is men order niet!</l>
        <l id="s3:l7">nonnen, paters, paters, nonnen,</l>
        <l id="s3:l8">nonnen, paters dansen niet.&#8217;</l>
      </lg>
      <lg id="s4" type="stanza">
        <l id="s4:l1">- &#8216;Dans, nonneke, dans!</l>
        <l id="s4:l2">dan zal ik je geven een man.&#8217;</l>
        <l id="s4:l3">Toen zei dat aardig nonneken:</l>
        <l id="s4:l4">&#8216;'k zal dansen al wat ik kan.</l>
        <l id="s4:l5">'k Wil wel dansen, 'k zal wel dansen,</l>
        <l id="s4:l6">dansen is men order wel;</l>
        <l id="s4:l7">nonnen, paters, paters, nonnen,</l>
        <l id="s4:l8">nonnen, paters dansen wel.&#8217;</l>
      </lg>
    </lg>
  </text>
</song>