<song>
  <meta>
    <id>15649</id>
    <date>
      <year-start>1903</year-start>
      <year-end>1908</year-end>
    </date>
    <tags />
    <melody>Een meisje had een bootsman lief</melody>
  <author>Anonymous</author></meta>
  <text>
    <lg type="song">
      <lg id="s1" type="stanza">
        <l id="s1:l1">Dat meysjen had een bootsman lief</l>
        <l id="s1:l2">en sy wou van hem niet scheyden,</l>
        <l id="s1:l3">al hadde dat nachtje een jaertje geduert,</l>
        <l id="s1:l4">en sy soud wel overbeyden, overbeyden.</l>
      </lg>
      <lg id="s2" type="stanza">
        <l id="s2:l1">De moeder tegen de dochter sprack:</l>
        <l id="s2:l2">&#8216;en gy sult bedrogen wesen,</l>
        <l id="s2:l3">ick siender aen u bruyn oogjes soo wel</l>
        <l id="s2:l4">en gy draegt een kint met vresen, kint met vresen&#8217;</l>
      </lg>
      <lg id="s3" type="stanza">
        <l id="s3:l1">- &#8216;Dat kint dat ick met vresen draegh,</l>
        <l id="s3:l2">dat is soo hupsen boots-geselle:</l>
        <l id="s3:l3">ick hoop onsen rijcken Heere God</l>
        <l id="s3:l4">en hy sal 't noch wel vergelden, wel vergelden.&#8217;</l>
      </lg>
      <lg id="s4" type="stanza">
        <l id="s4:l1">Dat meysken deur de bogaert ging</l>
        <l id="s4:l2">al met haer goud gekruysde hayre;</l>
        <l id="s4:l3">een vingerling root die hy haer boot</l>
        <l id="s4:l4">en by een fonteyn was klaere, ja, was klaere.</l>
      </lg>
      <lg id="s5" type="stanza">
        <l id="s5:l1">De vingerling was root, 't fonteyntje was klaer,</l>
        <l id="s5:l2">dat heeft dat meysken wel bevonden,</l>
        <l id="s5:l3">met een sprack daer de vrome lantsknegt:</l>
        <l id="s5:l4">&#8216;en mijn ros die staet ongebonden, ongebonden.&#8217;</l>
      </lg>
      <lg id="s6" type="stanza">
        <l id="s6:l1">&#8216;Mijn ros die ongebonden staet</l>
        <l id="s6:l2">daer sal ick selver noch op rijden;&#8217;</l>
        <l id="s6:l3">hy seyde, &#8216;vrouw maegt bind op uw hayr</l>
        <l id="s6:l4">al met een streng van zijde, streng van zijde.&#8217;</l>
      </lg>
      <lg id="s7" type="stanza">
        <l id="s7:l1">- &#8216;En is het al van zijde niet,</l>
        <l id="s7:l2">soo is het van rooder goude;</l>
        <l id="s7:l3">eens 's jaers als ick goe maget was</l>
        <l id="s7:l4">en doe deed' ick dat my roude, dat my roude.&#8217;</l>
      </lg>
      <lg id="s8" type="stanza">
        <l id="s8:l1">&#8216;Eens jaers als ick goe maget was,</l>
        <l id="s8:l2">doen was ick alsoo hoog van moede;</l>
        <l id="s8:l3">nu ben ick met een kleyn kinde bezwaert,</l>
        <l id="s8:l4">en nu ben ick laeg van moede, laeg van moede.&#8217;</l>
      </lg>
      <lg id="s9" type="stanza">
        <l id="s9:l1">Hy setten de ladder aen het huys</l>
        <l id="s9:l2">om dat moy meysken te beklimmen;</l>
        <l id="s9:l3">doen weende al dat 'er inne was,</l>
        <l id="s9:l4">en sy hoorden den nachtegael singen, ja, singen.</l>
      </lg>
      <lg id="s10" type="stanza">
        <l id="s10:l1">Den nachtegael songh, den hoorn die blies,</l>
        <l id="s10:l2">van den avond tot den morgen;</l>
        <l id="s10:l3">ja wie 'er in zijn liefs armen leyt</l>
        <l id="s10:l4">waerom soo wil hy sorgen, wil hy sorgen.</l>
      </lg>
      <lg id="s11" type="stanza">
        <l id="s11:l1">Ja, wie 'er in zijn liefs armen leyt,</l>
        <l id="s11:l2">waerom soo wil hy dan noch treuren?</l>
        <l id="s11:l3">daer gaet 'er soo meenigen vromen lantsknegt,</l>
        <l id="s11:l4">het mach hem niet gebeuren, niet gebeuren.</l>
      </lg>
    </lg>
  </text>
</song>