<song>
  <meta>
    <id>15640</id>
    <date>
      <year-start>1903</year-start>
      <year-end>1908</year-end>
    </date>
    <tags />
    <melody>Dat dan Judea nu verblij</melody>
  <author>Anonymous</author></meta>
  <text>
    <lg type="song">
      <lg id="s1" type="stanza">
        <l id="s1:l1">Dat dan Judaea nu verblij</l>
        <l id="s1:l2">en haere palmen stelle vrij</l>
        <l id="s1:l3">voor de laurieren alghelijck</l>
        <l id="s1:l4">van het gheheele Roomsche rijck.</l>
      </lg>
      <lg id="s2" type="stanza">
        <l id="s2:l1">Want sy ghewonnen heeft meer goet</l>
        <l id="s2:l2">dan Roome met haer vechten doet;</l>
        <l id="s2:l3">door een cleyn kint heeft zy be-erft</l>
        <l id="s2:l4">den hemel, menigh eeuw' ghederft.</l>
      </lg>
      <lg id="s3" type="stanza">
        <l id="s3:l1">Dat z' haer in vreughden dan ontbindt</l>
        <l id="s3:l2">en sing' dit nieuw-gheboren kindt,</l>
        <l id="s3:l3">die zaeligh' uer soo langh' ghewacht,</l>
        <l id="s3:l4">die dit groot wonder heeft aenbracht.</l>
      </lg>
      <lg id="s4" type="stanza">
        <l id="s4:l1">Maer siet, hoe cleyn, hoe swack, hoe teer,</l>
        <l id="s4:l2">hoe ist verworpen uyt zijn eer?</l>
        <l id="s4:l3">Die Cherubin heeft overdeckt,</l>
        <l id="s4:l4">light nu, helaes, in hooy ghestreckt.</l>
      </lg>
      <lg id="s5" type="stanza">
        <l id="s5:l1">Diens lof en eer den hemel vuldt,</l>
        <l id="s5:l2">light nu in armoe met gheduldt;</l>
        <l id="s5:l3">en die hem over al verspreydt,</l>
        <l id="s5:l4">word nu in eene cribb' gheleydt.</l>
      </lg>
      <lg id="s6" type="stanza">
        <l id="s6:l1">Willecom kindt, dat in de locht</l>
        <l id="s6:l2">vercondight heeft den inghel-tocht,</l>
        <l id="s6:l3">dat Salomon soo schoone noemt,</l>
        <l id="s6:l4">dat Amos soon soo hooghe roemt.</l>
      </lg>
      <lg id="s7" type="stanza">
        <l id="s7:l1">Willecom, Cananeetschen heldt,</l>
        <l id="s7:l2">ghecommen uyt dat zaeligh veldt</l>
        <l id="s7:l3">van daer den honigh altijt vloeydt,</l>
        <l id="s7:l4">van daer den wijngaert altijt bloeydt.</l>
      </lg>
      <lg id="s8" type="stanza">
        <l id="s8:l1">Maer hoe! hoe zijt ghy soo ghedwaelt,</l>
        <l id="s8:l2">hoe hebt ghy uwen wegh ghefaelt?</l>
        <l id="s8:l3">Wie heeft u aenghedaen dit leedt,</l>
        <l id="s8:l4">u uyt te jaeghen sonder cleedt?</l>
      </lg>
      <lg id="s9" type="stanza">
        <l id="s9:l1">Ter wijl' de coude nu soo snijt,</l>
        <l id="s9:l2">ter wijl' den wind soo spijtigh bijt,</l>
        <l id="s9:l3">die met den regen werre-balt</l>
        <l id="s9:l4">en in glat ijssel neder-valt.</l>
      </lg>
      <lg id="s10" type="stanza">
        <l id="s10:l1">Ke! comt dogh en wilt decken hem,</l>
        <l id="s10:l2">ghy meyskens van Ierusalem;</l>
        <l id="s10:l3">die van de coude schudt en beeft,</l>
        <l id="s10:l4">een weynigh van u cleerkens gheeft.</l>
      </lg>
      <lg id="s11" type="stanza">
        <l id="s11:l1">Dat de blom-rijcke lente soet</l>
        <l id="s11:l2">u, haeren God, gae te ghemoet;</l>
        <l id="s11:l3">en dat den hemel omme keer</l>
        <l id="s11:l4">en stae ten dienst van zijnen Heer.</l>
      </lg>
      <lg id="s12" type="stanza">
        <l id="s12:l1">Dat Zephyrus u soo behijgh,</l>
        <l id="s12:l2">ghelijck hy voert den soeten crijgh,</l>
        <l id="s12:l3">en reuselt tusschen menigh blad</l>
        <l id="s12:l4">op Libanus en Galaad.</l>
      </lg>
      <lg id="s13" type="stanza">
        <l id="s13:l1">Dat alderhande cruyt en blom</l>
        <l id="s13:l2">tot boven op u cribbe com,</l>
        <l id="s13:l3">en u becroon, om dat ghij zijt</l>
        <l id="s13:l4">heer ende meester van den tijt.</l>
      </lg>
      <lg id="s14" type="stanza">
        <l id="s14:l1">Want, al lighdy nu naeckt en bloot,</l>
        <l id="s14:l2">u moghentheydt is even groot;</l>
        <l id="s14:l3">de sonn', de maen', den dagh, den nacht,</l>
        <l id="s14:l4">staen even-wel in uwe macht.</l>
      </lg>
      <lg id="s15" type="stanza">
        <l id="s15:l1">Al lighdy schoon hier onder 't stof</l>
        <l id="s15:l2">den hemel is altijt u hof,</l>
        <l id="s15:l3">zoo oock de locht u gaeldery,</l>
        <l id="s15:l4">de sterren u tapitsery.</l>
      </lg>
      <lg id="s16" type="stanza">
        <l id="s16:l1">Ghy zijt in 't uw' waer dat ghy gaet,</l>
        <l id="s16:l2">waer dat ghy light, sit ofte staet;</l>
        <l id="s16:l3">wy-lien zijn allegaer u werck,</l>
        <l id="s16:l4">en onse herten zijn u kerck.</l>
      </lg>
      <lg id="s17" type="stanza">
        <l id="s17:l1">Lof sy u, Vader, Soon en Gheest,</l>
        <l id="s17:l2">die dit voor ons al hebt aenreest;</l>
        <l id="s17:l3">dijn hooghen naeme sy verbreydt</l>
        <l id="s17:l4">van nu tot inder eeuwigheydt.</l>
      </lg>
    </lg>
  </text>
</song>