<song>
  <meta>
    <id>15644</id>
    <date>
      <year-start>1903</year-start>
      <year-end>1908</year-end>
    </date>
    <tags />
    <melody>Dat ik om een schoon beeld zoet</melody>
  <author>Anonymous</author></meta>
  <text>
    <lg type="song">
      <lg id="s1" type="stanza">
        <l id="s1:l1">Dat ick om een schoon beelde soet</l>
        <l id="s1:l2">dus langhe moet blyven in ghetrueren,</l>
        <l id="s1:l3">daer noeyt en was dan liefde goet</l>
        <l id="s1:l4">noch en heeft geweest myns levens dueren.</l>
        <l id="s1:l5">Door nijders cueren is mi ghesciet</l>
        <l id="s1:l6">voor een cleyn vruecht so menich verdriet.</l>
      </lg>
      <lg id="s2" type="stanza">
        <l id="s2:l1">Haer aanschijn claer gheeft mi confoort,</l>
        <l id="s2:l2">als ic aensie die schoonste figure;</l>
        <l id="s2:l3">daer is een ander veel badt ghelooft,</l>
        <l id="s2:l4">si sluyt mi buyten der dueren;</l>
        <l id="s2:l5">si gheeft mi cuere als si mi siet:</l>
        <l id="s2:l6">voor een cleyn vruecht, so menich verdriet.</l>
      </lg>
      <lg id="s3" type="stanza">
        <l id="s3:l1">O Venus, u claghe ick mijnen noot,</l>
        <l id="s3:l2">dat ic mijn soete lief ken moet derven;</l>
        <l id="s3:l3">een cusken aen haer mondeken root,</l>
        <l id="s3:l4">een troostelijc woort laet mi verwerven;</l>
        <l id="s3:l5">dat ick moet sterven, mijnen druck aensiet:</l>
        <l id="s3:l6">voor een cleyn vruecht, so menich verdriet.</l>
      </lg>
      <lg id="s4" type="stanza">
        <l id="s4:l1">Nu rade ick elcken amoreus</l>
        <l id="s4:l2">dat hi zijn lieveken nyet en vergramme;</l>
        <l id="s4:l3">haer wesen is so coragieus:</l>
        <l id="s4:l4">spreect een woort doecht, wat di misquame;</l>
        <l id="s4:l5">wacht u van blame, quade nijders tongen vliet:</l>
        <l id="s4:l6">voor een cleyn vruecht, so menich verdriet.</l>
      </lg>
    </lg>
  </text>
</song>