<song>
  <meta>
    <id>15661</id>
    <date>
      <year-start>1903</year-start>
      <year-end>1908</year-end>
    </date>
    <tags />
    <melody>Te Kieldrecht te Kieldrecht</melody>
  <author>Anonymous</author></meta>
  <text>
    <lg type="song">
      <lg id="s1" type="stanza">
        <l id="s1:l1">De boerinnetjes van 't Eikenhout</l>
        <l id="s1:l2">zij hebben 't al te doene,</l>
        <l id="s1:l3">zij vrijen tot den middernacht</l>
        <l id="s1:l4">zij slapen tot den noene.</l>
        <l id="s1:l5">Hoepseisei, hoepseisa,</l>
        <l id="s1:l6">nog een keer, seisa,</l>
        <l id="s1:l7">zij slapen tot den noene.</l>
      </lg>
      <lg id="s2" type="stanza">
        <l id="s2:l1">'k Kwam over de eekhoutbrugge gegaan,</l>
        <l id="s2:l2">en 'k kwam een molenaar tegen:</l>
        <l id="s2:l3">&#8216;wel molenaar hoe laat is 't al,</l>
        <l id="s2:l4">hoe laat is 't al geslegen?</l>
        <l id="s2:l5">Hoepseisei, hoepseisa,</l>
        <l id="s2:l6">nog een keer, seisa,</l>
        <l id="s2:l7">hoe laet is 't al geslegen?&#8217;</l>
      </lg>
      <lg id="s3" type="stanza">
        <l id="s3:l1">- &#8216;Hoe laat het al geslegen is,</l>
        <l id="s3:l2">dat kunt gij wel bemerken;</l>
        <l id="s3:l3">de klok is bij den elf en half,</l>
        <l id="s3:l4">het volk komt van de kerke.</l>
        <l id="s3:l5">Hoepseisei, hoepseisa,</l>
        <l id="s3:l6">nog een keer, seisa,</l>
        <l id="s3:l7">het volk komt van de kerke.&#8217;</l>
      </lg>
    </lg>
  </text>
</song>