<song>
  <meta>
    <id>15726</id>
    <date>
      <year-start>1903</year-start>
      <year-end>1908</year-end>
    </date>
    <tags />
    <melody>De engel komt van boven uit de lucht</melody>
  <author>Anonymous</author></meta>
  <text>
    <lg type="song">
      <lg id="s1" type="stanza">
        <l id="s1:l1">Den engel komt van boven uyt de logt</l>
        <l id="s1:l2">en heeft de herders eene maer gebrogt.</l>
        <l id="s1:l3">Sa, sa, sa, herders, laet uw schaepkens al,</l>
        <l id="s1:l4">een kind gy vinden zult in eenen stal,</l>
        <l id="s1:l5">die u verlossen zal.</l>
      </lg>
      <lg id="s2" type="stanza">
        <l id="s2:l1">Zy komen t'saemen naer den stal gegaen;</l>
        <l id="s2:l2">zy bringen boter, melk en een haen;</l>
        <l id="s2:l3">zy groeten 't kindjen en zyn moeder rein,</l>
        <l id="s2:l4">zy wiegen hem en zingen in 't gemeen:</l>
        <l id="s2:l5">na, na, na, kindjen kleen.</l>
      </lg>
    </lg>
  </text>
</song>