<song>
  <meta>
    <id>15763</id>
    <date>
      <year-start>1903</year-start>
      <year-end>1908</year-end>
    </date>
    <tags />
    <melody />
  <author>Anonymous</author></meta>
  <text>
    <lg type="song">
      <lg id="s1" type="stanza">
        <l id="s1:l1">Den Zundag, den Zundag,</l>
        <l id="s1:l2">'t is de dag van sHeere.</l>
        <l id="s1:l3">Me doen uis schoon hemd an</l>
        <l id="s1:l4">en uise schoone kleers.</l>
      </lg>
      <lg id="s2" type="stanza">
        <l id="s2:l1">Den Moandag, den Moandag,</l>
        <l id="s2:l2">me goan a pintje drinken,</l>
        <l id="s2:l3">a pintje twee of drie,</l>
        <l id="s2:l4">of vier of vuf en twintig.</l>
      </lg>
      <lg id="s3" type="stanza">
        <l id="s3:l1">Den Dissendag, den Dissendag,</l>
        <l id="s3:l2">'t is te mascheren;</l>
        <l id="s3:l3">me loopen tin bij 't sotte,</l>
        <l id="s3:l4">m&#232; boeren en heeren.</l>
      </lg>
      <lg id="s4" type="stanza">
        <l id="s4:l1">Den Oensdag, den Oensdag,</l>
        <l id="s4:l2">'t is a kruisje 't halen;</l>
        <l id="s4:l3">wilt den paster geen g&#233;hen</l>
        <l id="s4:l4">'k zal by den koster een halen.</l>
      </lg>
      <lg id="s5" type="stanza">
        <l id="s5:l1">Den Dunderdag, den Dunderdag,</l>
        <l id="s5:l2">'t is ol vergeeten;</l>
        <l id="s5:l3">me zyn in drufheid;</l>
        <l id="s5:l4">me meugen hoast nie eeten.</l>
      </lg>
      <lg id="s6" type="stanza">
        <l id="s6:l1">Den Vrydag, den Vrydag,</l>
        <l id="s6:l2">en ouk den Zoaterdag m&#233;e;</l>
        <l id="s6:l3">me n'h'en ol nie veel &#232;vrocht</l>
        <l id="s6:l4">m'en an slechte weeke.</l>
      </lg>
      <lg id="s7" type="stanza">
        <l id="s7:l1">Den Zundag, den Zundag,</l>
        <l id="s7:l2">doa is miserie by hoopen.</l>
        <l id="s7:l3">M'en ol nuis geld verteert,</l>
        <l id="s7:l4">me ken geen eerdappels koopen.</l>
      </lg>
    </lg>
  </text>
</song>