<song>
  <meta>
    <id>15783</id>
    <date>
      <year-start>1903</year-start>
      <year-end>1908</year-end>
    </date>
    <tags />
    <melody>De edele heer van Brunswijk</melody>
  <author>Anonymous</author></meta>
  <text>
    <lg type="song">
      <lg id="s1" type="stanza">
        <l id="s1:l1">Der was e keer e kind, en e kleine kind,</l>
        <l id="s1:l2">en e kind van zeven jaren;</l>
        <l id="s1:l3">het had in den konings warandetje geweest,</l>
        <l id="s1:l4">ja, waar dander konyntjes waren,</l>
        <l id="s1:l5">ja, waar dander vele waren.</l>
      </lg>
      <lg id="s2" type="stanza">
        <l id="s2:l1">Da kind, en da kind, en da kleine kind,</l>
        <l id="s2:l2">en het hadde pijl en boogske;</l>
        <l id="s2:l3">het schoot het schoonste konyntje dood,</l>
        <l id="s2:l4">die daar was in de heele warande,</l>
        <l id="s2:l5">ja, de heele warande.</l>
      </lg>
      <lg id="s3" type="stanza">
        <l id="s3:l1">De heeren van de stad hebben dat aanhoord;</l>
        <l id="s3:l2">z' hebben 't kleine kind gevangen,</l>
        <l id="s3:l3">z' hen 't op een yzeren torretje gezet,</l>
        <l id="s3:l4">en gebonden aan voeten en aan handen,</l>
        <l id="s3:l5">ja, aan voeten en aan handen.</l>
      </lg>
      <lg id="s4" type="stanza">
        <l id="s4:l1">&#8216;Meneere, Meneere van 't vriendelik kasteel,</l>
        <l id="s4:l2">laat me kleine kind toch leven!</l>
        <l id="s4:l3">ik hebbere nog zeven jonge broederen thuus,</l>
        <l id="s4:l4">wil je z' hebben ik zal je ze geven,</l>
        <l id="s4:l5">voor myn kleine kind zyn leven.&#8217;</l>
      </lg>
      <lg id="s5" type="stanza">
        <l id="s5:l1">- &#8216;Jen zeven jonge broeders en wille 'k ik nie hen!</l>
        <l id="s5:l2">d' eerste drie en zyn maar paters,</l>
        <l id="s5:l3">en d' ander viere zyn schoone jonge mans,</l>
        <l id="s5:l4">en ze dragen den koning zen wapens,</l>
        <l id="s5:l5">ja, den koning zen wapens.&#8217;</l>
      </lg>
      <lg id="s6" type="stanza">
        <l id="s6:l1">- &#8216;Meneere, Meneere van 't vriendelik kasteel,</l>
        <l id="s6:l2">laat me kleine kind toch leven!</l>
        <l id="s6:l3">ik hebbere nog zeven jonge zusters thuus,</l>
        <l id="s6:l4">wil je z' hebben, ik zal je ze geven,</l>
        <l id="s6:l5">voor myn kleine kind zyn leven.&#8217;</l>
      </lg>
      <lg id="s7" type="stanza">
        <l id="s7:l1">- &#8216;Je zeven jonge zusters en wille 'k ik nie hen!</l>
        <l id="s7:l2">d' eerste drie en zyn maar nonnen,</l>
        <l id="s7:l3">en d' ander viere zyn schoone jonge wuufs,</l>
        <l id="s7:l4">en ze blinken al tegen de zonne,</l>
        <l id="s7:l5">ja, al tegen de zonne.&#8217;</l>
      </lg>
      <lg id="s8" type="stanza">
        <l id="s8:l1">- &#8216;Meneere, Meneere van 't vriendelik kasteel,</l>
        <l id="s8:l2">laat me kleine kind toch leven!</l>
        <l id="s8:l3">ik hebber nog e tunnetje met roode fyn goud,</l>
        <l id="s8:l4">wil je 't hebben, ik zal het u geven,</l>
        <l id="s8:l5">voor myn kleine kind zyn leven.&#8217;</l>
      </lg>
      <lg id="s9" type="stanza">
        <l id="s9:l1">- &#8216;Je tunnetje met roode fyn goud wil ik wel hen;</l>
        <l id="s9:l2">maar je kleine kind moet hangen.</l>
        <l id="s9:l3">'t Moet hangen, en 't moet hangen aan den hoogsten boom,</l>
        <l id="s9:l4">die der staat in de heele warande,</l>
        <l id="s9:l5">voor da kleine kind ze schande.&#8217;</l>
      </lg>
      <lg id="s10" type="stanza">
        <l id="s10:l1">'t Eerste traptje dat da kind op de leere klom,</l>
        <l id="s10:l2">en het keek zoo dikwijls omme,</l>
        <l id="s10:l3">of zynen lieven vader niet achter hem en kwam;</l>
        <l id="s10:l4">ja, van verre zag het zen vader kommen,</l>
        <l id="s10:l5">zeer gerejen al door de zonne.</l>
      </lg>
      <lg id="s11" type="stanza">
        <l id="s11:l1">&#8216;Ryd toch zeere, ryd toch zeere, lieven vader van mij,</l>
        <l id="s11:l2">ryd al door de groene strate!</l>
        <l id="s11:l3">want ha je nog een eurtje langere gebeid,</l>
        <l id="s11:l4">mijn jong leventje 't wassere verlaten,</l>
        <l id="s11:l5">en myn hoofd lei op de strate.&#8217;</l>
      </lg>
      <lg id="s12" type="stanza">
        <l id="s12:l1">'t Tweede traptje dat da kind op de leere klom,</l>
        <l id="s12:l2">en het keek zoo dikwijls omme,</l>
        <l id="s12:l3">of zyne lieve moeder niet achter hem en kwam;</l>
        <l id="s12:l4">ja, van verre zag het zen moeder kommen,</l>
        <l id="s12:l5">zeer gerejen al door de zonne.</l>
      </lg>
      <lg id="s13" type="stanza">
        <l id="s13:l1">&#8216;Ryd toch zeere, ryd toch zeere, lieve moedere van mij,</l>
        <l id="s13:l2">ryd al door de groene strate!</l>
        <l id="s13:l3">want ha je nog drie kartjes langere gebeid,</l>
        <l id="s13:l4">mijn jong leventje 't wassere verlaten,</l>
        <l id="s13:l5">en myn hoofd lei op de strate.&#8217;</l>
      </lg>
      <lg id="s14" type="stanza">
        <l id="s14:l1">'t Derde traptje dat da kind op de leere klom,</l>
        <l id="s14:l2">en het keek zoo dikwijls omme,</l>
        <l id="s14:l3">of zynen lieven broere niet achter hem en kwam;</l>
        <l id="s14:l4">ja, van verre zag het zen broere kommen,</l>
        <l id="s14:l5">zeer gerejen al door de zonne.</l>
      </lg>
      <lg id="s15" type="stanza">
        <l id="s15:l1">&#8216;Ryd toch zeere, ryd toch zeere, lieven broere van mij,</l>
        <l id="s15:l2">ryd al door de groene strate!</l>
        <l id="s15:l3">want ha je nog en holf eurtje langere gebeid,</l>
        <l id="s15:l4">mijn jong leventje 't wassere verlaten,</l>
        <l id="s15:l5">en myn hoofd lei op de strate.&#8217;</l>
      </lg>
      <lg id="s16" type="stanza">
        <l id="s16:l1">'t Vierde traptje dat da kind op de leere klom,</l>
        <l id="s16:l2">en het keek zoo dikwijls omme,</l>
        <l id="s16:l3">of zyne lieve zuster niet achter hem en kwam;</l>
        <l id="s16:l4">ja, van verre zag het zen zuster kommen,</l>
        <l id="s16:l5">zeer gerejen al door de zonne.</l>
      </lg>
      <lg id="s17" type="stanza">
        <l id="s17:l1">&#8216;Ryd toch zeere, ryd toch zeere, lieve zustere van mij,</l>
        <l id="s17:l2">ryd al door de groene strate!</l>
        <l id="s17:l3">want ha je nog e kartje langere gebeid,</l>
        <l id="s17:l4">mijn jong leventje 't wassere verlaten,</l>
        <l id="s17:l5">en myn hoofd lei op de strate.&#8217;</l>
      </lg>
      <lg id="s18" type="stanza">
        <l id="s18:l1">'t Vuufde traptje dat da kind op de leere klom,</l>
        <l id="s18:l2">en het riep: &#8216;Maria, 'k groet je!&#8217;</l>
        <l id="s18:l3">het woordetje was schaas uut da kleine kind zen mond,</l>
        <l id="s18:l4">en zen hoofdetje viel voren zen voeten,</l>
        <l id="s18:l5">als het riep: &#8216;Maria, 'k groet je!&#8217;</l>
      </lg>
      <lg id="s19" type="stanza">
        <l id="s19:l1">&#8216;Meneere, Meneere van 't vriendelik kasteel,</l>
        <l id="s19:l2">hoed je poortje wel esloten;</l>
        <l id="s19:l3">want morgen uchten, als 't zal wezen klaar dag,</l>
        <l id="s19:l4">gy zal hooren van droevige mare,</l>
        <l id="s19:l5">ja, van droevige mare.&#8217;</l>
      </lg>
      <lg id="s20" type="stanza">
        <l id="s20:l1">Maar tsmorgens vroeg als het wier klaar dag,</l>
        <l id="s20:l2">Meneere's poortje stoeg wyd open;</l>
        <l id="s20:l3">toen wossere den heere van 't vriendelik kasteel</l>
        <l id="s20:l4">deur en deure zen hoofd geschoten,</l>
        <l id="s20:l5">ja, zen hoofd geschoten.</l>
      </lg>
      <lg id="s21" type="stanza">
        <l id="s21:l1">Wat vloogere al overe den heere's zen hoofd?</l>
        <l id="s21:l2">z' hen gemeend dat 't ingels waren;</l>
        <l id="s21:l3">en 't waren twee duvels uut het helsch gespuus,</l>
        <l id="s21:l4">die den heere zen ziele kwamen halen,</l>
        <l id="s21:l5">ja, om kwalik te bewaren.</l>
      </lg>
      <lg id="s22" type="stanza">
        <l id="s22:l1">Wat vloogere al overe da kleine kind zen hoofd?</l>
        <l id="s22:l2">z' hen gemeend dat 't duvels waren;</l>
        <l id="s22:l3">en 't waren twee ingels uut het hemelsch paradys,</l>
        <l id="s22:l4">die da kleine kind zen ziele kwamen halen,</l>
        <l id="s22:l5">ja, om wel te bewaren.</l>
      </lg>
    </lg>
  </text>
</song>