<song>
  <meta>
    <id>15799</id>
    <date>
      <year-start>1903</year-start>
      <year-end>1908</year-end>
    </date>
    <tags />
    <melody />
  <author>Anonymous</author></meta>
  <text>
    <lg type="song">
      <lg id="s1" type="stanza">
        <l id="s1:l1">De son is onder gegangen,</l>
        <l id="s1:l2">de sterren blincken soo klaer;</l>
        <l id="s1:l3">ick wou dat ick met mijn liefste,</l>
        <l id="s1:l4">schier over der heyden,</l>
        <l id="s1:l5">in een boomgaertjen waer.</l>
      </lg>
      <lg id="s2" type="stanza">
        <l id="s2:l1">De boomgaerd is gesloten,</l>
        <l id="s2:l2">en daer magh niemant in</l>
        <l id="s2:l3">dan de fiere nachtegale,</l>
        <l id="s2:l4">schier over der heyden,</l>
        <l id="s2:l5">die vliegt er van boven in.</l>
      </lg>
      <lg id="s3" type="stanza">
        <l id="s3:l1">Men salder de nachtegael binden</l>
        <l id="s3:l2">dat hoofjen al aen zijn voet,</l>
        <l id="s3:l3">dat hy geen meer sal klappen,</l>
        <l id="s3:l4">schier over der heyden,</l>
        <l id="s3:l5">wat twee soete liefjes doen.</l>
      </lg>
      <lg id="s4" type="stanza">
        <l id="s4:l1">&#8216;Al hebt gy my dan gebonden,</l>
        <l id="s4:l2">myn hertje is mijnder gesont,</l>
        <l id="s4:l3">ick kan nog evenwel klappen,</l>
        <l id="s4:l4">schier over der heyden,</l>
        <l id="s4:l5">wat twee soete liefjes doen.&#8217;</l>
      </lg>
    </lg>
  </text>
</song>