<song>
  <meta>
    <id>15815</id>
    <date>
      <year-start>1903</year-start>
      <year-end>1908</year-end>
    </date>
    <tags />
    <melody>Een boerman had een domme zin</melody>
  <author>Anonymous</author></meta>
  <text>
    <lg type="song">
      <lg id="s1" type="stanza">
        <l id="s1:l1">De velden stonden groen en daer toe breit,</l>
        <l id="s1:l2">tot reisen so wasser den Vrieseman bereit:</l>
        <l id="s1:l3">&#8216;Vrieseman, waer wilt ghi varen?</l>
        <l id="s1:l4">doen ic die clederen lestmael sach,</l>
        <l id="s1:l5">doen meenden ic datse mine waren.&#8217;</l>
      </lg>
      <lg id="s2" type="stanza">
        <l id="s2:l1">- &#8216;Die clederen die ic draghe an,</l>
        <l id="s2:l2">die gaf mi een vrouken, si had gheen man,</l>
        <l id="s2:l3">een vrouken daer ic te nacht bi sliep;</l>
        <l id="s2:l4">ic sweer u, meyer, al op mijn lijf,</l>
        <l id="s2:l5">ic en had mijn daghen noit vrou so lief.&#8217;</l>
      </lg>
      <lg id="s3" type="stanza">
        <l id="s3:l1">- &#8216;Ja, Vriesje, waert ghider een eerlijc man,</l>
        <l id="s3:l2">ghi trocter gheen ander mans clederen an</l>
        <l id="s3:l3">en ghi droechter gheen roem van vrouwen;</l>
        <l id="s3:l4">nu sult ghi mi of ic sal di</l>
        <l id="s3:l5">al met den blanken swaert doorhouwen.&#8217;</l>
      </lg>
      <lg id="s4" type="stanza">
        <l id="s4:l1">Si lieten daer haer kiven staen</l>
        <l id="s4:l2">en ghinghen malcander met swaerden slaen,</l>
        <l id="s4:l3">en si sloeghen met blanke swaerden:</l>
        <l id="s4:l4">de meyer sloech den Vrieseman doot,</l>
        <l id="s4:l5">so dat hi neder viel ter aerden.</l>
      </lg>
      <lg id="s5" type="stanza">
        <l id="s5:l1">De meyer op sijn grauwe ros spranc,</l>
        <l id="s5:l2">ende hi hief op een liet ende sanc,</l>
        <l id="s5:l3">hi sanc luit, men docht wel horen:</l>
        <l id="s5:l4">&#8216;staet op, staet op, joncfrouken fijn!</l>
        <l id="s5:l5">den Vrieseman die is hier voren.&#8217;</l>
      </lg>
      <lg id="s6" type="stanza">
        <l id="s6:l1">Dat vrouken van haren bedde spranc,</l>
        <l id="s6:l2">dat gordijntje van den goude clanc,</l>
        <l id="s6:l3">si meende den Vrieseman in te laten,</l>
        <l id="s6:l4">si liet haar eighen ghetroude man in:</l>
        <l id="s6:l5">dat was voor haer so leiden sake.</l>
      </lg>
      <lg id="s7" type="stanza">
        <l id="s7:l1">&#8216;Secht mi, secht mi, joncfroutje fijn,</l>
        <l id="s7:l2">waer nu mijn beste clederen sijn,</l>
        <l id="s7:l3">die ic jaerlijcs plach te draghen?</l>
        <l id="s7:l4">ghi hebtse den Vrieseman aenghedaen,</l>
        <l id="s7:l5">daer om so leit hi nu verslaghen.&#8217;</l>
      </lg>
      <lg id="s8" type="stanza">
        <l id="s8:l1">- &#8216;Och is dat arme Vriesje doot!</l>
        <l id="s8:l2">waer sal ic claghen minen noot?</l>
        <l id="s8:l3">en waer sal ic minen noot claghen?</l>
        <l id="s8:l4">nu wil ic in een cloostertje gaen</l>
        <l id="s8:l5">en bliven daer mijn levedaghen.&#8217;</l>
      </lg>
      <lg id="s9" type="stanza">
        <l id="s9:l1">- &#8216;Nu wil ic in een cloostertje gaen</l>
        <l id="s9:l2">daer twee paer schoenen voor een bed staen,</l>
        <l id="s9:l3">en bidden voor de Vriesemans siele:</l>
        <l id="s9:l4">hi die sijn liefje verloren heeft,</l>
        <l id="s9:l5">met recht mach hi een ander kiesen.</l>
      </lg>
      <lg id="s10" type="stanza">
        <l id="s10:l1">&#8216;Nu wil ic gaen op dit termijn</l>
        <l id="s10:l2">en begheven mi in een clooster fijn</l>
        <l id="s10:l3">also veer aen gheen lantsdouwe;</l>
        <l id="s10:l4">adieu, het moet ghescheiden sijn</l>
        <l id="s10:l5">al van mijn overschone vrouwe!&#8217;</l>
      </lg>
    </lg>
  </text>
</song>