<song>
  <meta>
    <id>15836</id>
    <date>
      <year-start>1903</year-start>
      <year-end>1908</year-end>
    </date>
    <tags />
    <melody>De zoete tijden van het meiseizoen</melody>
  <author>Anonymous</author></meta>
  <text>
    <lg type="song">
      <lg id="s1" type="stanza">
        <l id="s1:l1">De zoete tyden</l>
        <l id="s1:l2">van het meysaizoen</l>
        <l id="s1:l3">gaen ons verblyden</l>
        <l id="s1:l4">door hun jeugdig groen;</l>
        <l id="s1:l5">den mey van deugden</l>
        <l id="s1:l6">en van heyligheyd</l>
        <l id="s1:l7">brengt meerder vreugden</l>
        <l id="s1:l8">tot ons zaligheyd.</l>
      </lg>
      <lg id="s2" type="stanza">
        <l id="s2:l1">Wat is er schoonder</l>
        <l id="s2:l2">als dat men syn jeugd</l>
        <l id="s2:l3">aen God, den loonder</l>
        <l id="s2:l4">van de waere deugd,</l>
        <l id="s2:l5">gansch gaet besteden,</l>
        <l id="s2:l6">voor dat ons gemoed</l>
        <l id="s2:l7">van d'ydelheden</l>
        <l id="s2:l8">'t zoet vergif ontmoet.</l>
      </lg>
      <lg id="s3" type="stanza">
        <l id="s3:l1">De zonnestraelen,</l>
        <l id="s3:l2">die met bly gelaet</l>
        <l id="s3:l3">op 't aerdryk daelen,</l>
        <l id="s3:l4">in den dageraet,</l>
        <l id="s3:l5">zyn aengenamer</l>
        <l id="s3:l6">aen het jeugdig kruyt,</l>
        <l id="s3:l7">en veel bekwamer</l>
        <l id="s3:l8">op dat 't graen uytspruyt.</l>
      </lg>
      <lg id="s4" type="stanza">
        <l id="s4:l1">Den silveren regen</l>
        <l id="s4:l2">van den koelen mey</l>
        <l id="s4:l3">brengt meerder zegen</l>
        <l id="s4:l4">aen een dorre wey;</l>
        <l id="s4:l5">de boete traenen</l>
        <l id="s4:l6">van de jeugdigheyd,</l>
        <l id="s4:l7">voor 's hemels graenen</l>
        <l id="s4:l8">zyn vol vrugtbaerheyd.</l>
      </lg>
      <lg id="s5" type="stanza">
        <l id="s5:l1">God heeft geschaepen</l>
        <l id="s5:l2">my en allen mensch,</l>
        <l id="s5:l3">niet om te raepen</l>
        <l id="s5:l4">onzen lust en wensch;</l>
        <l id="s5:l5">maer om te minnen</l>
        <l id="s5:l6">zyne majesteyt</l>
        <l id="s5:l7">met hert en zinnen</l>
        <l id="s5:l8">in der eeuwigheyd.</l>
      </lg>
      <lg id="s6" type="stanza">
        <l id="s6:l1">'k Zal dan beginnen</l>
        <l id="s6:l2">in myn jongen tyd,</l>
        <l id="s6:l3">God te beminnen</l>
        <l id="s6:l4">eer myn kragt verslyt;</l>
        <l id="s6:l5">'k wil nooyt myn herte</l>
        <l id="s6:l6">vesten op dat goed,</l>
        <l id="s6:l7">die ik met smerte</l>
        <l id="s6:l8">doch verlaeten moet.</l>
      </lg>
    </lg>
  </text>
</song>