<song>
  <meta>
    <id>15909</id>
    <date>
      <year-start>1903</year-start>
      <year-end>1908</year-end>
    </date>
    <tags />
    <melody />
  <author>Anonymous</author></meta>
  <text>
    <lg type="song">
      <lg id="s1" type="stanza">
        <l id="s1:l1">Die winter is een onweert gast</l>
        <l id="s1:l2">dat merc ic bi den douwe.</l>
        <l id="s1:l3">Ic hadde een schoon lief uitvercoorn,</l>
        <l id="s1:l4">ende dat is waer:</l>
        <l id="s1:l5">si was mi toch niet ghetrouwe,</l>
        <l id="s1:l6">tsal haer rouwen.</l>
      </lg>
      <lg id="s2" type="stanza">
        <l id="s2:l1">Te paeschen is die vasten uit,</l>
        <l id="s2:l2">so lenghen ons die daghen.</l>
        <l id="s2:l3">Mijn lief gaf mi een cranselijn</l>
        <l id="s2:l4">van peerlen fijn,</l>
        <l id="s2:l5">dat wil ic so lustelic draghen</l>
        <l id="s2:l6">al mijn daghen.</l>
      </lg>
      <lg id="s3" type="stanza">
        <l id="s3:l1">Daer nae comt ons die coele mei,</l>
        <l id="s3:l2">die doet ons vrouden bringhen,</l>
        <l id="s3:l3">hi brenghet ons bloemkens menigherlei,</l>
        <l id="s3:l4">coel is die mei;</l>
        <l id="s3:l5">ic hoor die nachtegael singhen</l>
        <l id="s3:l6">ende springhen.</l>
      </lg>
      <lg id="s4" type="stanza">
        <l id="s4:l1">Wat achtic op der voghel sanc</l>
        <l id="s4:l2">ende op die clapperstonghen!</l>
        <l id="s4:l3">mijn liefken gaf mi haer armkens blanc,</l>
        <l id="s4:l4">ic weets haer danc,</l>
        <l id="s4:l5">daer in so mach ic rusten,</l>
        <l id="s4:l6">want mijt luste.</l>
      </lg>
      <lg id="s5" type="stanza">
        <l id="s5:l1">Adieu, adieu, mijn schone lief,</l>
        <l id="s5:l2">wi twee wi moeten scheiden.</l>
        <l id="s5:l3">Du heefst mijn hert in sorghen ghebracht</l>
        <l id="s5:l4">dach ende nacht.</l>
        <l id="s5:l5">Maria wil ons gheleiden,</l>
        <l id="s5:l6">want wi scheiden.</l>
      </lg>
      <lg id="s6" type="stanza">
        <l id="s6:l1">Die ons dit lietjen eerstwerf sanc,</l>
        <l id="s6:l2">si heeft so wel ghesonghen;</l>
        <l id="s6:l3">dat heeft ghedaen een joncfrou fijn</l>
        <l id="s6:l4">bi den coelen wijn.</l>
        <l id="s6:l5">Si was haer boelken niet trouwe,</l>
        <l id="s6:l6">tsal haer rouwen.</l>
      </lg>
    </lg>
  </text>
</song>