<song>
  <meta>
    <id>15907</id>
    <date>
      <year-start>1903</year-start>
      <year-end>1908</year-end>
    </date>
    <tags />
    <melody>Het regende zeer en ik word nat</melody>
  <author>Anonymous</author></meta>
  <text>
    <lg type="song">
      <lg id="s1" type="stanza">
        <l id="s1:l1">Die wijn maect vrolijck ende rijck!</l>
        <l id="s1:l2">Ick min een meysken suyverlijck,</l>
        <l id="s1:l3">zoo suyverlijck,</l>
        <l id="s1:l4">zoo suyverlyck van wesen;</l>
        <l id="s1:l5">my dunct, ick vint gheen haers ghelijck.</l>
      </lg>
      <lg id="s2" type="stanza">
        <l id="s2:l1">Wel aen, laet maken ghoede cier!</l>
        <l id="s2:l2">Mijn liefken is niet verre van hier,</l>
        <l id="s2:l3">niet verre van hier,</l>
        <l id="s2:l4">niet veer van hier gheseten,</l>
        <l id="s2:l5">ick ben in duysent vreuchden schier.</l>
      </lg>
      <lg id="s3" type="stanza">
        <l id="s3:l1">O Venus, geeft my Paris macht,</l>
        <l id="s3:l2">dat ick mach rusten eenen nacht,</l>
        <l id="s3:l3">den eenen nacht,</l>
        <l id="s3:l4">den eenen nacht aen dander</l>
        <l id="s3:l5">in haren blancken armen sacht.</l>
      </lg>
      <lg id="s4" type="stanza">
        <l id="s4:l1">Princes, als ghy wat ghoets verbreyt,</l>
        <l id="s4:l2">bedryf ick niet dan vrolijckheyt,</l>
        <l id="s4:l3">dan vrolijckheyt;</l>
        <l id="s4:l4">dan vrolijckheyt moet wijcken,</l>
        <l id="s4:l5">als u ionck hertjen truerich schreyt.</l>
      </lg>
    </lg>
  </text>
</song>