<song>
  <meta>
    <id>15927</id>
    <date>
      <year-start>1903</year-start>
      <year-end>1908</year-end>
    </date>
    <tags />
    <melody>Doen de roos van Jericho</melody>
  <author>Anonymous</author></meta>
  <text>
    <lg type="song">
      <lg id="s1" type="stanza">
        <l id="s1:l1">Doe die rose van Jericho</l>
        <l id="s1:l2">den soon der godheit soud ontfaen,</l>
        <l id="s1:l3">haer luter hert dat wert haer vro,</l>
        <l id="s1:l4">den hemel wert haer onderdaen.</l>
      </lg>
      <lg id="s2" type="stanza">
        <l id="s2:l1">Een enghel wert tot haer ghesant,</l>
        <l id="s2:l2">aen die rose van Jericho,</l>
        <l id="s2:l3">te Galileen in dat lant,</l>
        <l id="s2:l4">daer si mit Joseph hielt die wet.</l>
      </lg>
      <lg id="s3" type="stanza">
        <l id="s3:l1">Hi brachter maer, dat si soude sijn</l>
        <l id="s3:l2">des Heren moeder van den troon,</l>
        <l id="s3:l3">die overste cracht sal haer ommeschijn</l>
        <l id="s3:l4">ende daer toe draghen der maechden croon.</l>
      </lg>
      <lg id="s4" type="stanza">
        <l id="s4:l1">Also die rose ontloken staet,</l>
        <l id="s4:l2">ontfinc die bloem in haer dat kint.</l>
        <l id="s4:l3">Haer maechdom en was te minre niet,</l>
        <l id="s4:l4">van pinen en wist si niet een twint.</l>
      </lg>
    </lg>
  </text>
</song>