<song>
  <meta>
    <id>159396</id>
    <date>
      <year-start>1748</year-start>
      <year-end>1748</year-end>
    </date>
    <location>
      <orginal-name>'s-gravenhage</orginal-name>
      <standard-name>The Hague, The Netherlands</standard-name>
      <coordinates>
        <lon>52.0799838</lon>
        <lat>4.3113461</lat>
      </coordinates>
    </location>
    <tags />
    <melody>Liefste Amarante</melody>
  <author>F. Pitton</author></meta>
  <text>
    <lg type="song">
      <lg id="s1" type="stanza">
        <l id="s1:l1">Kom prins van Oranje,</l>
        <l id="s1:l2">kom Stadhouder hier !</l>
        <l id="s1:l3">Princes van Brittanje,</l>
        <l id="s1:l4">zie 't Verligtend vier,</l>
        <l id="s1:l5">dat de frissche haagse Jeugt,</l>
        <l id="s1:l6">tot uw eer ontsteekt met vreugt.</l>
      </lg>
      <lg id="s2" type="stanza">
        <l id="s2:l1">Dat Oranje leve</l>
        <l id="s2:l2">Voor ons Nederlant !</l>
        <l id="s2:l3">En de welvaert geve</l>
        <l id="s2:l4">Aen den Burgerstant !</l>
        <l id="s2:l5">Blyf, &#244; Prins, ons vreugde bron !</l>
        <l id="s2:l6">Rys gelyk de middagzon !</l>
      </lg>
      <lg id="s3" type="stanza">
        <l id="s3:l1">Wy zyn met ons zessen</l>
        <l id="s3:l2">Drinkend' een bokael,</l>
        <l id="s3:l3">Dat g', &#244; Kroon &#8211; Princesse,</l>
        <l id="s3:l4">Schenk' aen Uw Gemael,</l>
        <l id="s3:l5">Eenen Zoon, en dat die Spruit</l>
        <l id="s3:l6">Bloei veel jaren in en uit !</l>
      </lg>
      <lg id="s4" type="stanza">
        <l id="s4:l1">Vlag en wimpel waejen,</l>
        <l id="s4:l2">Haen &#8211; neef swelt van spyt,</l>
        <l id="s4:l3">Kan byna niet kraejen,</l>
        <l id="s4:l4">Alles raekt hy quyt:</l>
        <l id="s4:l5">'t Kansje raakt heel omgekeert,</l>
        <l id="s4:l6">Hollants Tuin &#8211; Leeuw triomfeert !</l>
      </lg>
      <lg id="s5" type="stanza">
        <l id="s5:l1">Zingt nu, bly van zinnen,</l>
        <l id="s5:l2">Dat wy in het velt</l>
        <l id="s5:l3">Mogen overwinnen</l>
        <l id="s5:l4">Al het Fransch gewelt !</l>
        <l id="s5:l5">Dat ons Vaderlandt raekt vry</l>
        <l id="s5:l6">Van Bourbonsche slaverny.</l>
      </lg>
      <lg id="s6" type="stanza">
        <l id="s6:l1">Op dan Kolonellen,</l>
        <l id="s6:l2">Kapiteins, Soldaet !</l>
        <l id="s6:l3">Gaet den Franschman knellen;</l>
        <l id="s6:l4">Brengt hem buiten staet;</l>
        <l id="s6:l5">Dat wy na veel ach en wee !</l>
        <l id="s6:l6">Zingen van de lieve Vre&#234; !</l>
      </lg>
    </lg>
  </text>
</song>