<song>
  <meta>
    <id>159339</id>
    <date>
      <year-start>1748</year-start>
      <year-end>1748</year-end>
    </date>
    <location>
      <orginal-name>'s-gravenhage</orginal-name>
      <standard-name>The Hague, The Netherlands</standard-name>
      <coordinates>
        <lon>52.0799838</lon>
        <lat>4.3113461</lat>
      </coordinates>
    </location>
    <tags />
    <melody>La marine</melody>
  <author>F. Pitton</author></meta>
  <text>
    <lg type="song">
      <lg id="s1" type="stanza">
        <l id="s1:l1">Juig Vrolyk Batavieren,</l>
        <l id="s1:l2">juigt  Vrugtbaer Schraavenhaag,</l>
        <l id="s1:l3">wilt Huys en Tempel Cieren,</l>
        <l id="s1:l4">dankt God weest nu niet traag,</l>
        <l id="s1:l5">Vorst Frisoo is een Zoon,</l>
        <l id="s1:l6">een Prins een Graef seer schoon,</l>
        <l id="s1:l7">Nu gebooren soo wy hoore,</l>
        <l id="s1:l8">Vlegt een Kroon.</l>
      </lg>
      <lg id="s2" type="stanza">
        <l id="s2:l1">Den Jonge Prins ter Eeren,</l>
        <l id="s2:l2">Dien lief Oranje Spruyt,</l>
        <l id="s2:l3">Hy is dog van den Heeren,</l>
        <l id="s2:l4">Roep dat vry overluyt,</l>
        <l id="s2:l5">Dat ziet men Zonne klaar,</l>
        <l id="s2:l6">God doe Neerland, dat 's waar,</l>
        <l id="s2:l7">Twee geschenken? Wie kon 't denken,</l>
        <l id="s2:l8">Binnen 't Jaar.</l>
      </lg>
      <lg id="s3" type="stanza">
        <l id="s3:l1">Geluk met uwen Soonen,</l>
        <l id="s3:l2">Prins Willem van Nassouw</l>
        <l id="s3:l3">Den Hemel wil uw toonen,</l>
        <l id="s3:l4">Dat hy uw Huys op bouw,</l>
        <l id="s3:l5">Tot Heyl van Kerk en Staat,</l>
        <l id="s3:l6">Geeft God een Manlyk Saat,</l>
        <l id="s3:l7">Aen Oranje en Brittanje</l>
        <l id="s3:l8">Tot 's Lands Baat.</l>
      </lg>
      <lg id="s4" type="stanza">
        <l id="s4:l1">Hoog Edele Princesse,</l>
        <l id="s4:l2">Geluk met uwen Zoon,</l>
        <l id="s4:l3">God geeft 'er uw nog sesse,</l>
        <l id="s4:l4">Oranje Telge schoon,</l>
        <l id="s4:l5">Tot luyster van uw trouw,</l>
        <l id="s4:l6">Doorlugtig Prinse Vrouw,</l>
        <l id="s4:l7">Godes Sege als een Rege,</l>
        <l id="s4:l8">Uw Bedouw.</l>
      </lg>
      <lg id="s5" type="stanza">
        <l id="s5:l1">Weest welkom in de Werelt:</l>
        <l id="s5:l2">O Jong Oranje Vorst!</l>
        <l id="s5:l3">God uw met deugt beperelt,</l>
        <l id="s5:l4">Zyn Geest woon in uw borst,</l>
        <l id="s5:l5">Leeft lang ons Prinse, want</l>
        <l id="s5:l6">Het gantse Neederland</l>
        <l id="s5:l7">Hoopt gestaadig dat weldadig</l>
        <l id="s5:l8">Uwe hand.</l>
      </lg>
      <lg id="s6" type="stanza">
        <l id="s6:l1">Hier na ons zal Regeren,</l>
        <l id="s6:l2">En stryden als een Held,</l>
        <l id="s6:l3">En van ons zal afkeeren,</l>
        <l id="s6:l4">Alle Vyands geweld</l>
        <l id="s6:l5">En door uw wysen Raadt,</l>
        <l id="s6:l6">Ons oude Burger staat,</l>
        <l id="s6:l7">Weer doen Bloejen ende groejen,</l>
        <l id="s6:l8">Metter daat.</l>
      </lg>
      <lg id="s7" type="stanza">
        <l id="s7:l1">O God! Wilt altoos geeven,</l>
        <l id="s7:l2">Oranje Nassauw stam,</l>
        <l id="s7:l3">Veel Soonen en Na-Neeven,</l>
        <l id="s7:l4">Want Neerlands vryheyt quam,</l>
        <l id="s7:l5">Eerst door Oranjes Bloed</l>
        <l id="s7:l6">Die Helde trouw vol moed,</l>
        <l id="s7:l7">Onsa Bevryden t 'allen tyden,</l>
        <l id="s7:l8">Van 't Spaans gebroed.</l>
      </lg>
      <lg id="s8" type="stanza">
        <l id="s8:l1">Die nu wel knersse tanden,</l>
        <l id="s8:l2">Als mee den Lely Held,</l>
        <l id="s8:l3">Die met Bloedorste handen,</l>
        <l id="s8:l4">Ons Vryheyt met geweld,</l>
        <l id="s8:l5">Trouwloos heeft aengerand,</l>
        <l id="s8:l6">Maar nooit nog over mand,</l>
        <l id="s8:l7">Neerland boude en vertroude,</l>
        <l id="s8:l8">Op Gods hand.</l>
      </lg>
      <lg id="s9" type="stanza">
        <l id="s9:l1">O Heer der Heyrschaaren,</l>
        <l id="s9:l2">Red ons ook t' deser tyd,</l>
        <l id="s9:l3">Wild Land en Kerk spaaren,</l>
        <l id="s9:l4">Stryd gy voor ons den stryd,</l>
        <l id="s9:l5">En doet ons Vyands magt,</l>
        <l id="s9:l6">Te niet door uwe kragt</l>
        <l id="s9:l7">Datse wyken en beswyken,</l>
        <l id="s9:l8">Gantsch veragt.</l>
      </lg>
      <lg id="s10" type="stanza">
        <l id="s10:l1">Dan was 'er hoop dat Vreede,</l>
        <l id="s10:l2">De Vreugde kroonen sou</l>
        <l id="s10:l3">O God ! werkt dog meede,</l>
        <l id="s10:l4">Met onze Prins Nassou,</l>
        <l id="s10:l5">En geeft eens Neerland stof,</l>
        <l id="s10:l6">Uw en Oranjes lof,</l>
        <l id="s10:l7">Op te singen datse dringen,</l>
        <l id="s10:l8">In 't Staaten Hof.</l>
      </lg>
    </lg>
  </text>
</song>