<song>
  <meta>
    <id>15969</id>
    <date>
      <year-start>1903</year-start>
      <year-end>1908</year-end>
    </date>
    <tags />
    <melody>Le traquenard</melody>
  <author>Anonymous</author></meta>
  <text>
    <lg type="song">
      <lg id="s1" type="stanza">
        <l id="s1:l1">Dry koningen, groot van macht,</l>
        <l id="s1:l2">reyzende by dag en nacht,</l>
        <l id="s1:l3">door bergen, en bosch, en dal,</l>
        <l id="s1:l4">om te zoeken</l>
        <l id="s1:l5">in de hoeken,</l>
        <l id="s1:l6">door bergen, en bosch, en dal,</l>
        <l id="s1:l7">om te zoeken den Heer van al.</l>
      </lg>
      <lg id="s2" type="stanza">
        <l id="s2:l1">Gaspard, Melchior, Balthazar,</l>
        <l id="s2:l2">dry koningen al te gaer,</l>
        <l id="s2:l3">ze gingen al met ootmoed,</l>
        <l id="s2:l4">met offranden,</l>
        <l id="s2:l5">wierook branden;</l>
        <l id="s2:l6">ze gingen al met ootmoed,</l>
        <l id="s2:l7">met offranden voor 't kindje zoet.</l>
      </lg>
      <lg id="s3" type="stanza">
        <l id="s3:l1">&#8216;Zoete kindtje, weet ye wel,</l>
        <l id="s3:l2">in dees winters koude fel,</l>
        <l id="s3:l3">wie dat er voor de deure staet?</l>
        <l id="s3:l4">'t Zyn dry koningen,</l>
        <l id="s3:l5">met belooningen;</l>
        <l id="s3:l6">wie dat er voor de deure staet?&#8217;</l>
        <l id="s3:l7">- &#8216;Zeg, dat ze maer binnen gaen.&#8217;</l>
      </lg>
      <lg id="s4" type="stanza">
        <l id="s4:l1">- &#8216;Komt maer binnen, komt maer in,</l>
        <l id="s4:l2">'t gaet wel naer 't Jesukens zin.&#8217;</l>
        <l id="s4:l3">'t Jesuke die lacht en grimt.</l>
        <l id="s4:l4">Ziet dat schaptje</l>
        <l id="s4:l5">'t eet wel paptje;</l>
        <l id="s4:l6">'t Jesuke die lacht en grimt,</l>
        <l id="s4:l7">'t Jesuke is een zoete kind.&#8217;</l>
      </lg>
      <lg id="s5" type="stanza">
        <l id="s5:l1">'t Joseph maekt uw keuksken net,</l>
        <l id="s5:l2">vaegt uw vloerken, maekt uw bed;</l>
        <l id="s5:l3">maekt dat zoete, zoete, zoet;</l>
        <l id="s5:l4">hooy en strooy,</l>
        <l id="s5:l5">viv' la rooy,</l>
        <l id="s5:l6">maekt dat zoete, zoete, zoet,</l>
        <l id="s5:l7">maekt dat mooy om 't kindtje zoet.</l>
      </lg>
    </lg>
  </text>
</song>