<song>
  <meta>
    <id>15980</id>
    <date>
      <year-start>1903</year-start>
      <year-end>1908</year-end>
    </date>
    <tags />
    <melody>Edele artiesten koen</melody>
  <author>Anonymous</author></meta>
  <text>
    <lg type="song">
      <lg id="s1" type="stanza">
        <l id="s1:l1">Edel artisten koen,</l>
        <l id="s1:l2">ghy jonge dom van sinnen,</l>
        <l id="s1:l3">komt met u lief int groen;</l>
        <l id="s1:l4">wy sullen gaen beginnen</l>
        <l id="s1:l5">Rethorica hantieren,</l>
        <l id="s1:l6">maken solaes en vreugt</l>
        <l id="s1:l7">met Venus kamenieren;</l>
        <l id="s1:l8">want onsen geest verheugt.</l>
      </lg>
      <lg id="s2" type="stanza">
        <l id="s2:l1">Den tijt is komen hier,</l>
        <l id="s2:l2">dat men sal vreugd beginnen;</l>
        <l id="s2:l3">lustig, gy joncheyt fier,</l>
        <l id="s2:l4">wilt met genuchten singen;</l>
        <l id="s2:l5">heft op met soete talen</l>
        <l id="s2:l6">Rethoricam delicaet,</l>
        <l id="s2:l7">op dat wy prijs behalen</l>
        <l id="s2:l8">van alle nijders quaet.</l>
      </lg>
      <lg id="s3" type="stanza">
        <l id="s3:l1">Dan sullen wy zijn vry</l>
        <l id="s3:l2">en met rust mogen praten.</l>
        <l id="s3:l3">Komt met u liefken by,</l>
        <l id="s3:l4">neemtse tot uwer baten;</l>
        <l id="s3:l5">schenckt uyt Mercurius schalen</l>
        <l id="s3:l6">en drinckt vrouw Venus dranck,</l>
        <l id="s3:l7">op dat op ons mach dalen</l>
        <l id="s3:l8">d' eer vanden wijngaertrank.</l>
      </lg>
      <lg id="s4" type="stanza">
        <l id="s4:l1">Ik sag de nimphen reyn</l>
        <l id="s4:l2">den rosekrans bereyden;</l>
        <l id="s4:l3">'t was inde maneschijn,</l>
        <l id="s4:l4">daer ik my ging vermeyden;</l>
        <l id="s4:l5">op eenen tack van dooren</l>
        <l id="s4:l6">het nachtegaelken sanck;</l>
        <l id="s4:l7">het was my soet om hooren,</l>
        <l id="s4:l8">derwaers nam ik de gank.</l>
      </lg>
      <lg id="s5" type="stanza">
        <l id="s5:l1">Siende langs eenen kant</l>
        <l id="s5:l2">een maget komen treden</l>
        <l id="s5:l3">met bloemen in haer hant,</l>
        <l id="s5:l4">spelend met lustigheden,</l>
        <l id="s5:l5">ick docht in mijnen sin</l>
        <l id="s5:l6">wie dat sou mogen zijn?</l>
        <l id="s5:l7">So ikse wel ging sien,</l>
        <l id="s5:l8">was het de liefste mijn.</l>
      </lg>
      <lg id="s6" type="stanza">
        <l id="s6:l1">Doen ik mijn lief aensag</l>
        <l id="s6:l2">onder haer eerbaer oogen,</l>
        <l id="s6:l3">bood ick haer goeden dagh</l>
        <l id="s6:l4">om reyne min te toogen;</l>
        <l id="s6:l5">schaemroot wiert sy soo seere,</l>
        <l id="s6:l6">doen syt oog op my sloeg,</l>
        <l id="s6:l7">ende, uyt liefden teere,</l>
        <l id="s6:l8">heuslijck sy op my loegh.</l>
      </lg>
      <lg id="s7" type="stanza">
        <l id="s7:l1">Seer minnelijc, voorwaer,</l>
        <l id="s7:l2">gingen wy daer spanceren,</l>
        <l id="s7:l3">wy hadden genen vaer</l>
        <l id="s7:l4">voor klappers of komeren;</l>
        <l id="s7:l5">'t was uyt getrouwe minne</l>
        <l id="s7:l6">en al met haren danck,</l>
        <l id="s7:l7">dat sy met hert en sinne</l>
        <l id="s7:l8">haer trouwe aen my schank.</l>
      </lg>
      <lg id="s8" type="stanza">
        <l id="s8:l1">&#8216;Segt my, maegdelijk greyn,</l>
        <l id="s8:l2">ben ick niet uwen beminden?&#8217;</l>
        <l id="s8:l3">- &#8216;Ja ghy,&#8217; sprack sy certeyn,</l>
        <l id="s8:l4">&#8216;geen liever kan ik vinden;</l>
        <l id="s8:l5">mijns herten melody,</l>
        <l id="s8:l6">mijn troost, mijn toeverlaet,</l>
        <l id="s8:l7">schout alle vileyney</l>
        <l id="s8:l8">en alle klappers quaet.&#8217;</l>
      </lg>
      <lg id="s9" type="stanza">
        <l id="s9:l1">Seer aerdig van fatsoen</l>
        <l id="s9:l2">en moedig van courage,</l>
        <l id="s9:l3">was ick in al mijn doen</l>
        <l id="s9:l4">als eenen kloecken page;</l>
        <l id="s9:l5">uyt enckel trouwigheyt</l>
        <l id="s9:l6">gaf ick dees maget, siet,</l>
        <l id="s9:l7">mijn trouw en eerbaerheyt;</l>
        <l id="s9:l8">z' en refuseerde's niet.</l>
      </lg>
      <lg id="s10" type="stanza">
        <l id="s10:l1">Ick sagh Aurora klaer</l>
        <l id="s10:l2">de duyster nacht verjagen,</l>
        <l id="s10:l3">en Phoebus koets daer naer</l>
        <l id="s10:l4">met sijnen gulden wagen;</l>
        <l id="s10:l5">ick sagh aen d' een contrey,</l>
        <l id="s10:l6">door Ceres wijs verstant,</l>
        <l id="s10:l7">over bergh en valey</l>
        <l id="s10:l8">veel vruchten schoon geplant.</l>
      </lg>
      <lg id="s11" type="stanza">
        <l id="s11:l1">Paris seer excellent</l>
        <l id="s11:l2">deed my om scheyden dencken;</l>
        <l id="s11:l3">voor een eerlijck present</l>
        <l id="s11:l4">ging ick de liefste schencken</l>
        <l id="s11:l5">een laurier-tacxken schoon</l>
        <l id="s11:l6">aen eenen rosen-hoet;</l>
        <l id="s11:l7">dit was dees blom te loon.</l>
        <l id="s11:l8">Siet wat de liefde doet.</l>
      </lg>
    </lg>
  </text>
</song>