<song>
  <meta>
    <id>16057</id>
    <date>
      <year-start>1903</year-start>
      <year-end>1908</year-end>
    </date>
    <tags />
    <melody>Een ruitertje jong van jaren</melody>
  <author>Anonymous</author></meta>
  <text>
    <lg type="song">
      <lg id="s1" type="stanza">
        <l id="s1:l1">Een ruytertjen jongh van jaren</l>
        <l id="s1:l2">hy vryde een meysje soet,</l>
        <l id="s1:l3">hy vrydese vierde half jare,</l>
        <l id="s1:l4">te komen in haer gemoet;</l>
        <l id="s1:l5">hy boodse de trouw en de minne was soet;</l>
        <l id="s1:l6">als sy malkander sagen, schoon lief,</l>
        <l id="s1:l7">veranderde beyde haer bloet.</l>
      </lg>
      <lg id="s2" type="stanza">
        <l id="s2:l1">Sy sprak met soete woorden:</l>
        <l id="s2:l2">&#8216;'k hebt alsoo wel verstaen,</l>
        <l id="s2:l3">ghy gaet op een ander vryen,</l>
        <l id="s2:l4">ghy meugter wel henen gaen;</l>
        <l id="s2:l5">ghebt al u moeyte voor niet gedaen,</l>
        <l id="s2:l6">ghy komter my veel te selden, schoon lief,</l>
        <l id="s2:l7">daerom laet ick er jou gaen.</l>
      </lg>
      <lg id="s3" type="stanza">
        <l id="s3:l1">- &#8216;Dat ik jou veel te selden kom</l>
        <l id="s3:l2">is my van herten leet;</l>
        <l id="s3:l3">een ander lief wil ik vryen,</l>
        <l id="s3:l4">de werelt is wijt en breyt:</l>
        <l id="s3:l5">'k wil vryen die mijner gebeuren mag.&#8217;</l>
        <l id="s3:l6">- &#8216;Ghy meugt er my niet gebeuren, schoon lief,</l>
        <l id="s3:l7">al vrijde my jaer en dagh.&#8217;</l>
      </lg>
      <lg id="s4" type="stanza">
        <l id="s4:l1">- &#8216;Al staen ick voor jou deurtje,</l>
        <l id="s4:l2">'k en bidder jou om geen broot,</l>
        <l id="s4:l3">ghy meugter my niet gebeuren</l>
        <l id="s4:l4">wel edele roosje root.</l>
        <l id="s4:l5">Oorlof, myn lief, ick schelder jou quijt:</l>
        <l id="s4:l6">jou hertje dat sou wel breken, schoon lief,</l>
        <l id="s4:l7">dat ick noch langer beyt.&#8217;</l>
      </lg>
      <lg id="s5" type="stanza">
        <l id="s5:l1">Hy stacker sijn paert met sporen,</l>
        <l id="s5:l2">hy rieper so luide: &#8216;o myn!</l>
        <l id="s5:l3">mijn vryen is nu verloren,</l>
        <l id="s5:l4">de vrysters die vryen mijn.</l>
        <l id="s5:l5">Oorlof, het moeter gescheyden zijn;</l>
        <l id="s5:l6">schenckt jy my de roode roosjes, schoon lief,</l>
        <l id="s5:l7">ick schenckje de koele wijn.&#8217;</l>
      </lg>
    </lg>
  </text>
</song>