<song>
  <meta>
    <id>16112</id>
    <date>
      <year-start>1903</year-start>
      <year-end>1908</year-end>
    </date>
    <tags />
    <melody>Als de boer een paar kloefjes heeft</melody>
  <author>Anonymous</author></meta>
  <text>
    <lg type="song">
      <lg id="s1" type="stanza">
        <l id="s1:l1">En als de boer een paar blokskens heeft,</l>
        <l id="s1:l2">dan is de boer kontent:</l>
        <l id="s1:l3">een paar blokskens met wat strooiken in,</l>
        <l id="s1:l4">dat is den boer naar zijnen zin!</l>
        <l id="s1:l5">De boer, de boer, de boer, de boer, de boer, de boer!</l>
      </lg>
      <lg id="s2" type="stanza">
        <l id="s2:l1">En als de boer een paar kousen heeft,</l>
        <l id="s2:l2">dan is de boer kontent:</l>
        <l id="s2:l3">een paar kousen met wat tikkelkens in,</l>
        <l id="s2:l4">dat is den boer naar zijnen zin!</l>
        <l id="s2:l5">De boer, de boer, de boer, de boer, de boer, de boer!</l>
      </lg>
      <lg id="s3" type="stanza">
        <l id="s3:l1">En als de boer een broeksken heeft,</l>
        <l id="s3:l2">dan is de boer kontent:</l>
        <l id="s3:l3">een broeksken met een valdeur in,</l>
        <l id="s3:l4">dat is den boer naar zijnen zin!</l>
        <l id="s3:l5">De boer, de boer, de boer, de boer, de boer, de boer!</l>
      </lg>
      <lg id="s4" type="stanza">
        <l id="s4:l1">En als de boer een zippeken heeft,</l>
        <l id="s4:l2">dan is de boer kontent:</l>
        <l id="s4:l3">een zippeken met twee teschkens in,</l>
        <l id="s4:l4">dat is den boer naar zijnen zin!</l>
        <l id="s4:l5">De boer, de boer, de boer, de boer, de boer, de boer!</l>
      </lg>
      <lg id="s5" type="stanza">
        <l id="s5:l1">En als de boer een krawatteken heeft,</l>
        <l id="s5:l2">dan is de boer kontent:</l>
        <l id="s5:l3">een krawatteken met een striksken in,</l>
        <l id="s5:l4">dat is den boer naar zijnen zin!</l>
        <l id="s5:l5">De boer, de boer, de boer, de boer, de boer, de boer!</l>
      </lg>
      <lg id="s6" type="stanza">
        <l id="s6:l1">En als de boer een hoeiken heeft,</l>
        <l id="s6:l2">dan is de boer kontent:</l>
        <l id="s6:l3">een hoeiken met 'nen neusdoek aan,</l>
        <l id="s6:l4">dat is den boer naar zijnen zin!</l>
        <l id="s6:l5">De boer, de boer, de boer, de boer, de boer, de boer!</l>
      </lg>
      <lg id="s7" type="stanza">
        <l id="s7:l1">En als de boer een kasken heeft,</l>
        <l id="s7:l2">dan is de boer kontent:</l>
        <l id="s7:l3">een kasken met een horlogeken in,</l>
        <l id="s7:l4">dat is den boer naar zijnen zin!</l>
        <l id="s7:l5">De boer, de boer, de boer, de boer, de boer, de boer!</l>
      </lg>
      <lg id="s8" type="stanza">
        <l id="s8:l1">En als de boer een paar wantjes heeft,</l>
        <l id="s8:l2">dan is de boer kontent:</l>
        <l id="s8:l3">een paar wantjes met twee duimkens in,</l>
        <l id="s8:l4">dat is den boer naar zijnen zin!</l>
        <l id="s8:l5">De boer, de boer, de boer, de boer, de boer, de boer!</l>
      </lg>
      <lg id="s9" type="stanza">
        <l id="s9:l1">En als de boer een smoeltjen heeft,</l>
        <l id="s9:l2">dan is de boer kontent:</l>
        <l id="s9:l3">een smoeltje met een siksken in,</l>
        <l id="s9:l4">dat is den boer naar zijnen zin!</l>
        <l id="s9:l5">De boer, de boer, de boer, de boer, de boer, de boer!</l>
      </lg>
    </lg>
  </text>
</song>