<song>
  <meta>
    <id>16118</id>
    <date>
      <year-start>1903</year-start>
      <year-end>1908</year-end>
    </date>
    <tags />
    <melody>Daar zat een uil en spon</melody>
  <author>Anonymous</author></meta>
  <text>
    <lg type="song">
      <lg id="s1" type="stanza">
        <l id="s1:l1">En daar zat eenen uil en spon,</l>
        <l id="s1:l2">willewon,</l>
        <l id="s1:l3">en daar zat eenen uil en spon;</l>
        <l id="s1:l4">en al op een zilveren wieleke,</l>
        <l id="s1:l5">wiele wiele wiele wiele wieleke,</l>
        <l id="s1:l6">daar hij zijnen kost mee won,</l>
        <l id="s1:l7">en al op een zilveren wieleke,</l>
        <l id="s1:l8">wiele wiele wiele wiele wieleke,</l>
        <l id="s1:l9">daar hij zijnen kost mee won.</l>
      </lg>
      <lg id="s2" type="stanza">
        <l id="s2:l1">En de meid die keer' 'et huis,</l>
        <l id="s2:l2">wellewuis,</l>
        <l id="s2:l3">en de meid die keer' 'et huis;</l>
        <l id="s2:l4">en wat vond zij onder haren bessem,</l>
        <l id="s2:l5">bessem bessem bessem bessem bessem?</l>
        <l id="s2:l6">eenen penning met een kruis!</l>
        <l id="s2:l7">en wat vond zij onder haren bessem,</l>
        <l id="s2:l8">bessem bessem bessem bessem bessem?</l>
        <l id="s2:l9">een penning met een kruis!</l>
      </lg>
      <lg id="s3" type="stanza">
        <l id="s3:l1">&#8216;Sa, pachterken, hoe is het met uw vlas,</l>
        <l id="s3:l2">willewas,</l>
        <l id="s3:l3">en hoe is het met uw vlas?&#8217;</l>
        <l id="s3:l4">- &#8216;Wel het is nu toch wat weer beter,</l>
        <l id="s3:l5">beter beter beter beter beter,</l>
        <l id="s3:l6">als het gepasseerd jaar was,</l>
        <l id="s3:l7">wel het is nu toch weer wat beter,</l>
        <l id="s3:l8">beter beter beter beter beter,</l>
        <l id="s3:l9">als het gepasseerd jaar was.&#8217;</l>
      </lg>
    </lg>
  </text>
</song>