<song>
  <meta>
    <id>16145</id>
    <date>
      <year-start>1903</year-start>
      <year-end>1908</year-end>
    </date>
    <tags />
    <melody>Daar kwamen drie koningen met een ster</melody>
  <author>Anonymous</author></meta>
  <text>
    <lg type="song">
      <lg id="s1" type="stanza">
        <l id="s1:l1">Er kwamen drie koningen met eene ster,</l>
        <l id="s1:l2">zij kwamen van bij en zij kwamen van ver.</l>
      </lg>
      <lg id="s2" type="stanza">
        <l id="s2:l1">Zij kwamen den hoogen berg opgegaan,</l>
        <l id="s2:l2">zij vonden de sterre daar stille staan.</l>
      </lg>
      <lg id="s3" type="stanza">
        <l id="s3:l1">&#8216;Wel, sterre, gij moet er zoo stille niet staan,</l>
        <l id="s3:l2">gij moet er met ons naar Bethle&#235;m gaan,</l>
      </lg>
      <lg id="s4" type="stanza">
        <l id="s4:l1">&#8216;Naar Bethle&#235;m binnen die schoone stad,</l>
        <l id="s4:l2">waar Maria met haar klein kindetje zat.&#8217;</l>
      </lg>
      <lg id="s5" type="stanza">
        <l id="s5:l1">Zij gaven dat kindetje eenen zoen</l>
        <l id="s5:l2">van wierook en mirre en roode fijn goud.</l>
      </lg>
    </lg>
  </text>
</song>