<song>
  <meta>
    <id>16158</id>
    <date>
      <year-start>1903</year-start>
      <year-end>1908</year-end>
    </date>
    <tags />
    <melody>Er zou een maagd om bloemetjes gaan</melody>
  <author>Anonymous</author></meta>
  <text>
    <lg type="song">
      <lg id="s1" type="stanza">
        <l id="s1:l1">Er zou een maagd om bloemetjes gaan,</l>
        <l id="s1:l2">om een' wandelinge te doene;</l>
        <l id="s1:l3">wat vond zij onder haar wege staan?</l>
        <l id="s1:l4">'t Was een zavelboompje groene.</l>
      </lg>
      <lg id="s2" type="stanza">
        <l id="s2:l1">&#8216;Wel zavelboom,&#8217; zei zij, &#8216;zavelboom,</l>
        <l id="s2:l2">waarvan zijt gij zoo groene?&#8217;</l>
        <l id="s2:l3">- &#8216;Wel, maagdetje,&#8217; zei de zavelboom,</l>
        <l id="s2:l4">&#8216;waarvan zijt gij zoo schoone?&#8217;</l>
      </lg>
      <lg id="s3" type="stanza">
        <l id="s3:l1">- &#8216;Waarvan dat ik zoo schoone zijn,</l>
        <l id="s3:l2">dat zal ik u gaan zeggen;</l>
        <l id="s3:l3">ik ete gebraden en drinke den wijn,</l>
        <l id="s3:l4">en ik slape op een pluime bedde.&#8217;</l>
      </lg>
      <lg id="s4" type="stanza">
        <l id="s4:l1">- &#8216;Eet gij gebraden en drinkt gij den wijn,</l>
        <l id="s4:l2">en zijt gij daarvan zoo schoone?</l>
        <l id="s4:l3">de hemelsche dauw die valt er op mij,</l>
        <l id="s4:l4">en daarvan ben ik zoo groene.&#8217;</l>
      </lg>
      <lg id="s5" type="stanza">
        <l id="s5:l1">- &#8216;Valt er de hemelsche dauw op u,</l>
        <l id="s5:l2">en zijt gij daarvan zoo groene?</l>
        <l id="s5:l3">na den zomer komt de winter zuur en spijt,</l>
        <l id="s5:l4">uw' bladeren zullen verdrogen.&#8217;</l>
      </lg>
      <lg id="s6" type="stanza">
        <l id="s6:l1">- &#8216;Geraak ik in den winter mijn' bladeren kwijt,</l>
        <l id="s6:l2">in den zomer krijg ik ze weder;</l>
        <l id="s6:l3">maar een' teere maagd die haar eer is kwijt,</l>
        <l id="s6:l4">die krijgt ze nimmer meere.&#8217;</l>
      </lg>
      <lg id="s7" type="stanza">
        <l id="s7:l1">- &#8216;Wel, zavelboom,&#8217; zei zij, &#8216;zavelboom,</l>
        <l id="s7:l2">ik danke u voor u welleeren;</l>
        <l id="s7:l3">ik was te wegen naar mijn zoetelief,</l>
        <l id="s7:l4">maar nu ga ik wederom keeren.&#8217;</l>
      </lg>
      <lg id="s8" type="stanza">
        <l id="s8:l1">- &#8216;Ja, keert gij weder, zoo doet gij wel,</l>
        <l id="s8:l2">trek boven op uwe slaapkamer;</l>
        <l id="s8:l3">al waart gij vier honderd mijlen er van,</l>
        <l id="s8:l4">als 't God belieft, komt gij wel te samen.&#8217;</l>
      </lg>
    </lg>
  </text>
</song>