<song>
  <meta>
    <id>16276</id>
    <date>
      <year-start>1903</year-start>
      <year-end>1908</year-end>
    </date>
    <tags />
    <melody>Gelijk een roos in het groene veld</melody>
  <author>Anonymous</author></meta>
  <text>
    <lg type="song">
      <lg id="s1" type="stanza">
        <l id="s1:l1">Gelijk een roos in 't groene veld,</l>
        <l id="s1:l2">aen d'eenzaemheid gewend,</l>
        <l id="s1:l3">door eenen storm wordt ne&#234;rgeveld</l>
        <l id="s1:l4">in 't midden van haer lent;</l>
        <l id="s1:l5">dit lot is aen een maegt besteld,</l>
        <l id="s1:l6">die de liefde niet en kent.</l>
      </lg>
      <lg id="s2" type="stanza">
        <l id="s2:l1">Wien heeft het leven ooit behaegd,</l>
        <l id="s2:l2">'t en zy hy heeft bemind;</l>
        <l id="s2:l3">en die geen ware liefde draegt,</l>
        <l id="s2:l4">kiest immers eenen vrind.</l>
        <l id="s2:l5">Zeg my: wie is u lief, o maegt,</l>
        <l id="s2:l6">die plaets in uw herte vindt?</l>
      </lg>
      <lg id="s3" type="stanza">
        <l id="s3:l1">Schoon dat gy met myn woorden spot,</l>
        <l id="s3:l2">uw hert zal u verra&#234;n;</l>
        <l id="s3:l3">de pylen van den minnengod</l>
        <l id="s3:l4">en kunt gy niet ontgaen.</l>
        <l id="s3:l5">De liefde, neen, dat magtig lot</l>
        <l id="s3:l6">kunt gy niet wederstaen.</l>
      </lg>
    </lg>
  </text>
</song>