<song>
  <meta>
    <id>16378</id>
    <date>
      <year-start>1903</year-start>
      <year-end>1908</year-end>
    </date>
    <tags />
    <melody>Maastricht gij schone stad</melody>
  <author>Anonymous</author></meta>
  <text>
    <lg type="song">
      <lg id="s1" type="stanza">
        <l id="s1:l1">God heeft zyn wonder werken</l>
        <l id="s1:l2">en hemels hooge kracht</l>
        <l id="s1:l3">in veelderleye werken</l>
        <l id="s1:l4">den mensch in 't licht gebragt;</l>
        <l id="s1:l5">den goeden komt hy loonen</l>
        <l id="s1:l6">met voorspoed en geluk;</l>
        <l id="s1:l7">den boozen straf te toonen,</l>
        <l id="s1:l8">vol droeven hertens druk.</l>
      </lg>
      <lg id="s2" type="stanza">
        <l id="s2:l1">Men hoort nog in dees dagen,</l>
        <l id="s2:l2">met schroomelyk misbaer</l>
        <l id="s2:l3">en alzoo droevig klagen</l>
        <l id="s2:l4">den jodschen wandelaer,</l>
        <l id="s2:l5">die kortelings geleden,</l>
        <l id="s2:l6">wat groote wonderheyd,</l>
        <l id="s2:l7">in Duynkerk' kwam getreden</l>
        <l id="s2:l8">zeer zeldzaem in 't habyt.</l>
      </lg>
      <lg id="s3" type="stanza">
        <l id="s3:l1">Elkeen op dezen jode</l>
        <l id="s3:l2">met haest zyn oogen sloeg</l>
        <l id="s3:l3">om al de vremde moden</l>
        <l id="s3:l4">van kleeren die hij droeg;</l>
        <l id="s3:l5">een burger stond verslagen,</l>
        <l id="s3:l6">dat zoo een man bejaerd</l>
        <l id="s3:l7">een voorschoot kwam te dragen</l>
        <l id="s3:l8">met langen gryzen baert.</l>
      </lg>
      <lg id="s4" type="stanza">
        <l id="s4:l1">Den burger, g'heel verslagen,</l>
        <l id="s4:l2">riep vrouw en kinders aen,</l>
        <l id="s4:l3">en zeyde met behagen:</l>
        <l id="s4:l4">&#8216;ziet daer dien gryzaert gaen;</l>
        <l id="s4:l5">ik kan myn lust niet laten,</l>
        <l id="s4:l6">ik loop hem agter naer,</l>
        <l id="s4:l7">en wil met hem wat praten</l>
        <l id="s4:l8">van eenig vremd gevaer.&#8217;</l>
      </lg>
      <lg id="s5" type="stanza">
        <l id="s5:l1">Hy riep: &#8216;gy ouden vader,</l>
        <l id="s5:l2">vergeeft dat ik u stoor,</l>
        <l id="s5:l3">myn huysgezin te gader</l>
        <l id="s5:l4">aenzoekt u tot gehoor;</l>
        <l id="s5:l5">dus wilt hier binnen treden,</l>
        <l id="s5:l6">komt ras en toeft niet lang,</l>
        <l id="s5:l7">want ik wil u op heden</l>
        <l id="s5:l8">voorzien van spys en drank.&#8217;</l>
      </lg>
      <lg id="s6" type="stanza">
        <l id="s6:l1">Den jode zeyd: &#8216;wilt weten,</l>
        <l id="s6:l2">mynheer, en stoort my niet,</l>
        <l id="s6:l3">'k en vraeg geen drank, nog eten,</l>
        <l id="s6:l4">ik ben vol herts verdriet;</l>
        <l id="s6:l5">daerom wilt excuseeren</l>
        <l id="s6:l6">dat ik met u niet gaen;</l>
        <l id="s6:l7">ik moet weer voort marcheeren,</l>
        <l id="s6:l8">'k en mag niet stille staen.&#8217;</l>
      </lg>
      <lg id="s7" type="stanza">
        <l id="s7:l1">Den burger bleef hem kwellen</l>
        <l id="s7:l2">om in zyn huys te gaen,</l>
        <l id="s7:l3">hy dacht uyt zyn vertellen</l>
        <l id="s7:l4">wat wonders te verstaen;</l>
        <l id="s7:l5">dien jode die gaet binnen,</l>
        <l id="s7:l6">hy zeyd': &#8216;'k zal weynig tyd</l>
        <l id="s7:l7">met u 't verhael beginnen</l>
        <l id="s7:l8">van myn ellendigheyd.&#8217;</l>
      </lg>
      <lg id="s8" type="stanza">
        <l id="s8:l1">Den burger nouw gezeten,</l>
        <l id="s8:l2">en bleef niet lange stom</l>
        <l id="s8:l3">en sprak: &#8216;'k zou geerne weten</l>
        <l id="s8:l4">uw hoogen ouderdom;</l>
        <l id="s8:l5">ik zou durven verklaren,</l>
        <l id="s8:l6">naer dat ik gissen kan,</l>
        <l id="s8:l7">gy zyt wel hondert jaren;</l>
        <l id="s8:l8">spreekt eens, gy ouden man!&#8217;</l>
      </lg>
      <lg id="s9" type="stanza">
        <l id="s9:l1">Den jode zeyd: &#8216;myn vrienden,</l>
        <l id="s9:l2">als ik u reden speur,</l>
        <l id="s9:l3">gy praet gelyk den blinden</l>
        <l id="s9:l4">van eenig vremd couleur;</l>
        <l id="s9:l5">'k ben achttien honderd jaren</l>
        <l id="s9:l6">alreede gepasseert,</l>
        <l id="s9:l7">denkt nu eens, wat gevaren</l>
        <l id="s9:l8">dat my zyn g'arriveert.</l>
      </lg>
      <lg id="s10" type="stanza">
        <l id="s10:l1">&#8216;En zyt gy niet indachtig</l>
        <l id="s10:l2">hoe 't booze jods gespuys</l>
        <l id="s10:l3">den Gods zoon hoog almagtig</l>
        <l id="s10:l4">verwezen tot het kruys?</l>
        <l id="s10:l5">Dan heb ik g'heel vermeten</l>
        <l id="s10:l6">dat heylig Iesus lam</l>
        <l id="s10:l7">veel laster na gesmeten</l>
        <l id="s10:l8">als hy ter slagbank kwam.&#8217;</l>
      </lg>
      <lg id="s11" type="stanza">
        <l id="s11:l1">Den burger zeyd: &#8216;kan 't wezen,</l>
        <l id="s11:l2">zyt gy den zelven held</l>
        <l id="s11:l3">waer van ik heb gelezen,</l>
        <l id="s11:l4">en menig schrift van meld?</l>
        <l id="s11:l5">Nu staen ik schier verslagen</l>
        <l id="s11:l6">van zoo een man t'aenzien;</l>
        <l id="s11:l7">ach! wilt, tot myn behagen,</l>
        <l id="s11:l8">dees wonderheyd bedien.&#8217;</l>
      </lg>
      <lg id="s12" type="stanza">
        <l id="s12:l1">Den jode, op die reden,</l>
        <l id="s12:l2">verteld hem metter daed</l>
        <l id="s12:l3">noch vele wonderheden,</l>
        <l id="s12:l4">zyn afkomst, ende staet;</l>
        <l id="s12:l5">ook komt hy hier beneven,</l>
        <l id="s12:l6">met een bedroefde stem,</l>
        <l id="s12:l7">zyn naem in 't licht te geven:</l>
        <l id="s12:l8">Isa&#228;c Lequedem.</l>
      </lg>
      <lg id="s13" type="stanza">
        <l id="s13:l1">&#8216;In mynen naem, wilt hooren,</l>
        <l id="s13:l2">ik ben van by de stad</l>
        <l id="s13:l3">Jerusalem geboren,</l>
        <l id="s13:l4">waer door, helaes, alsdat</l>
        <l id="s13:l5">ik ben in dees droefheden</l>
        <l id="s13:l6">gekomen, wat getraen!</l>
        <l id="s13:l7">zoo gy zult uyt myn reden</l>
        <l id="s13:l8">bemerken en verstaen.</l>
      </lg>
      <lg id="s14" type="stanza">
        <l id="s14:l1">&#8216;Als Jesus kwam getreden</l>
        <l id="s14:l2">met 't heylig hout gelaen,</l>
        <l id="s14:l3">en neergedrukte leden,</l>
        <l id="s14:l4">wou hy wat stille staen</l>
        <l id="s14:l5">en rusten aen myn woone;</l>
        <l id="s14:l6">waer op ik heb gezeyd,</l>
        <l id="s14:l7">dat zoo een boos persoone</l>
        <l id="s14:l8">dient recht van daer geleyd.</l>
      </lg>
      <lg id="s15" type="stanza">
        <l id="s15:l1">&#8216;Gods dood beverfde oogen</l>
        <l id="s15:l2">belonkte myn misdaed;</l>
        <l id="s15:l3">hy sprak: &#8216;gy zult gedoogen,</l>
        <l id="s15:l4">dat gy u rust verlaet;</l>
        <l id="s15:l5">en zoo lang aerd' en wolken</l>
        <l id="s15:l6">op hunne plaets zal staen,</l>
        <l id="s15:l7">zult gy door alle volken</l>
        <l id="s15:l8">tot 's laesten treurdag gaen.</l>
      </lg>
      <lg id="s16" type="stanza">
        <l id="s16:l1">&#8216;Van in die zelve stonden</l>
        <l id="s16:l2">dat God my dit gebied,</l>
        <l id="s16:l3">heb ik geen rust gevonden,</l>
        <l id="s16:l4">maer lyden en verdriet:</l>
        <l id="s16:l5">geen poel of donker golven</l>
        <l id="s16:l6">of oorelogs tempeest,</l>
        <l id="s16:l7">geen tiger, beer of wolven</l>
        <l id="s16:l8">verscheyden my den geest!</l>
      </lg>
      <lg id="s17" type="stanza">
        <l id="s17:l1">&#8216;Ik heb my dan begeven</l>
        <l id="s17:l2">in vlammen, vuer en lood,</l>
        <l id="s17:l3">en nooyt en kreeg myn leven</l>
        <l id="s17:l4">den minsten tegenstoot;</l>
        <l id="s17:l5">zelfs door de woeste baren</l>
        <l id="s17:l6">en diep onstuyme zee</l>
        <l id="s17:l7">daer ben ik door gevaren,</l>
        <l id="s17:l8">doch 't leven kreeg geen wee.</l>
      </lg>
      <lg id="s18" type="stanza">
        <l id="s18:l1">&#8216;Ben ik niet zwaer bespeereld</l>
        <l id="s18:l2">van mynen God en Heer?</l>
        <l id="s18:l3">'k doe 't ronde van de wereld</l>
        <l id="s18:l4">nu voor den vyfden keer;</l>
        <l id="s18:l5">al ander ziet men sterven,</l>
        <l id="s18:l6">elk op zyn uer en tyd,</l>
        <l id="s18:l7">en ik blyf altyd zwerven</l>
        <l id="s18:l8">in rouw en bitterheyd.</l>
      </lg>
      <lg id="s19" type="stanza">
        <l id="s19:l1">&#8216;'k En hebb' ook, wilt bevatten,</l>
        <l id="s19:l2">nog huys, nog goed, nog geld;</l>
        <l id="s19:l3">vyf stuyvers zyn myn schatten,</l>
        <l id="s19:l4">altyd gelyk geteld;</l>
        <l id="s19:l5">kom ik die uyt te geven,</l>
        <l id="s19:l6">het zy vroeg ofte spa,</l>
        <l id="s19:l7">alwaer ik gaen of zweven,</l>
        <l id="s19:l8">die somme volgt my na.</l>
      </lg>
      <lg id="s20" type="stanza">
        <l id="s20:l1">&#8216;Nogtans moet ik voords reyzen,</l>
        <l id="s20:l2">ja, dag en nachten gaen</l>
        <l id="s20:l3">met 't hert vol van gepeyzen,</l>
        <l id="s20:l4">dat zonder stille staen;</l>
        <l id="s20:l5">ach! waer myn kwaed vergeven,</l>
        <l id="s20:l6">naer al myn smert en pyn,</l>
        <l id="s20:l7">naer den loop van myn leven,</l>
        <l id="s20:l8">ik zou gelukkig zyn.</l>
      </lg>
      <lg id="s21" type="stanza">
        <l id="s21:l1">&#8216;Daerom 'k moet al myn dagen</l>
        <l id="s21:l2">betreuren dit misdaet,</l>
        <l id="s21:l3">en zyn in onbehagen</l>
        <l id="s21:l4">zoo lang de wereld staet;</l>
        <l id="s21:l5">en als den dag van weenen</l>
        <l id="s21:l6">verschynt, in vuer en rook</l>
        <l id="s21:l7">vergaet met aerd' en steenen,</l>
        <l id="s21:l8">vergaet my leven ook.</l>
      </lg>
      <lg id="s22" type="stanza">
        <l id="s22:l1">&#8216;Adieu,&#8217; sprak dezen jode,</l>
        <l id="s22:l2">&#8216;ik stel my weer ter baen;</l>
        <l id="s22:l3">zyt staedig op uw hoede,</l>
        <l id="s22:l4">wilt rechte wegen gaen;</l>
        <l id="s22:l5">vreest Gods rechtveerdig oordeel,</l>
        <l id="s22:l6">en strenge zonden straf,</l>
        <l id="s22:l7">en treed, tot zielens voordeel,</l>
        <l id="s22:l8">gelukkig in het graf.&#8217;</l>
      </lg>
    </lg>
  </text>
</song>