<song>
  <meta>
    <id>163852</id>
    <date>
      <year-start>1748</year-start>
      <year-end>1748</year-end>
    </date>
    <location>
      <orginal-name>'s-gravenhage</orginal-name>
      <standard-name>The Hague, The Netherlands</standard-name>
      <coordinates>
        <lon>52.0799838</lon>
        <lat>4.3113461</lat>
      </coordinates>
    </location>
    <tags />
    <melody>Prins Karel</melody>
  <author>F. Pitton</author></meta>
  <text>
    <lg type="song">
      <lg id="s1" type="stanza">
        <l id="s1:l1">Wat grooter vreugd seg ik,</l>
        <l id="s1:l2">dat God weer heeft gegeven,</l>
        <l id="s1:l3">een nieuw Oranje leeven,</l>
        <l id="s1:l4">ider koopt weer een strik</l>
        <l id="s1:l5">Men siet se heenen loopen,</l>
        <l id="s1:l6">om sy of maar fizel</l>
        <l id="s1:l7">met wonderbaare hoopen,</l>
        <l id="s1:l8">zy gaander weer  een koopen,</l>
        <l id="s1:l9">al is het maar een El.</l>
      </lg>
      <lg id="s2" type="stanza">
        <l id="s2:l1">Den jonge Vorst is 't  waardt,</l>
        <l id="s2:l2">Zoo als zyn Vader trouwe,</l>
        <l id="s2:l3">Ik hoop God zal hem houwe,</l>
        <l id="s2:l4">In 't  leeven op der Aardt,</l>
        <l id="s2:l5">Op dat men dog Oranje,</l>
        <l id="s2:l6">Mag houwe voor ons al,</l>
        <l id="s2:l7">Zy wille in Campanje,</l>
        <l id="s2:l8">Tegen Vrankryk en Spanje,</l>
        <l id="s2:l9">Stryden in het geval.</l>
      </lg>
      <lg id="s3" type="stanza">
        <l id="s3:l1">Dat Godt ons op der Aardt,</l>
        <l id="s3:l2">Gegeeven heeft cikuure,</l>
        <l id="s3:l3">'t Was even voor vier uure,</l>
        <l id="s3:l4">Vroeg op den agsten Maart,</l>
        <l id="s3:l5">Dat stelt men hier te vooren,</l>
        <l id="s3:l6">Want ik ben het van zins,</l>
        <l id="s3:l7">Wanneer hy is gebooren,</l>
        <l id="s3:l8">Dat vreugd was om te hooren,</l>
        <l id="s3:l9">Oprecht een Hollands Prins.</l>
      </lg>
      <lg id="s4" type="stanza">
        <l id="s4:l1">Denkt dat dit is geweest,</l>
        <l id="s4:l2">In Gods Voorzienigheden,</l>
        <l id="s4:l3">Kom laat ons met Gebeeden,</l>
        <l id="s4:l4">Hem looven allermeest,</l>
        <l id="s4:l5">Dat Godt hem wil besproeje,</l>
        <l id="s4:l6">Met wys en goede raat,</l>
        <l id="s4:l7">En dat hy mag op groeje,</l>
        <l id="s4:l8">En Godt de Stam laat bloeje,</l>
        <l id="s4:l9">Zoo lang de wereldt Staat.</l>
      </lg>
      <lg id="s5" type="stanza">
        <l id="s5:l1">Dient men niet op zyn knien,</l>
        <l id="s5:l2">Te danken en te looven,</l>
        <l id="s5:l3">Dat Godt den Heer van boven,</l>
        <l id="s5:l4">Zyn gunst aan ons komt bien,</l>
        <l id="s5:l5">Dat hy het Huis Nassauwe,</l>
        <l id="s5:l6">Vermeerdert nu alree,</l>
        <l id="s5:l7">Laaten wy op Godt bouwe,</l>
        <l id="s5:l8">Altyt op hem betrouwe,</l>
        <l id="s5:l9">Als Job en David d&#234;e.</l>
      </lg>
      <lg id="s6" type="stanza">
        <l id="s6:l1">Wat soeter blyde maar,</l>
        <l id="s6:l2">Dat veele zyn verwondert,</l>
        <l id="s6:l3">Een duizend zeven hondert,</l>
        <l id="s6:l4">En agtenveertig Jaar,</l>
        <l id="s6:l5">Kom laat ons helder zinge,</l>
        <l id="s6:l6">Met stemme meer en meer,</l>
        <l id="s6:l7">Dog uyt een goed vertrouwe,</l>
        <l id="s6:l8">Den Lofzang der Jonkvrouwe,</l>
        <l id="s6:l9">Myn ziel maakt groot den Heer.</l>
      </lg>
      <lg id="s7" type="stanza">
        <l id="s7:l1">Godt heeft ons wel bezogt,</l>
        <l id="s7:l2">Met rampen heel elendig,</l>
        <l id="s7:l3">Dog men ziet nu bestendig,</l>
        <l id="s7:l4">Dat hy nog heeft gedogt,</l>
        <l id="s7:l5">En komt ons zoo verblyden,</l>
        <l id="s7:l6">Het herte van den mensch,</l>
        <l id="s7:l7">Daarom moet ik uytbreiden!</l>
        <l id="s7:l8">Dat Godt aan onze zyden,</l>
        <l id="s7:l9">Gegeeven heeft ons wensch;</l>
      </lg>
      <lg id="s8" type="stanza">
        <l id="s8:l1">Men kan vast maaken staat,</l>
        <l id="s8:l2">En ook met David merken,</l>
        <l id="s8:l3">Dat Godt zyn wonder werken,</l>
        <l id="s8:l4">Met wysheid heeft gemaakt</l>
        <l id="s8:l5">Badt men niet van te vooren,</l>
        <l id="s8:l6">Met wensche allerzins,</l>
        <l id="s8:l7">Dat Godt ons zouw verhooren,</l>
        <l id="s8:l8">Nu heeft men al gebooren,</l>
        <l id="s8:l9">Een Jonge Erf Prins.</l>
      </lg>
      <lg id="s9" type="stanza">
        <l id="s9:l1">Nu hoop ik dat Godt zal,</l>
        <l id="s9:l2">Verders nog zyn Goedheeden,</l>
        <l id="s9:l3">Maar wy moeten Gebeeden,</l>
        <l id="s9:l4">En zingen met geschal,</l>
        <l id="s9:l5">De lieffelyke Psalmen,</l>
        <l id="s9:l6">Dat wonder cierig gaat,</l>
        <l id="s9:l7">Dus om niet veel te talmen,</l>
        <l id="s9:l8">Ik zeg dat zy uitgalmen,</l>
        <l id="s9:l9">Met een zeer zoet gelaat.</l>
      </lg>
      <lg id="s10" type="stanza">
        <l id="s10:l1">Nu Vrienden ons geloof,</l>
        <l id="s10:l2">Dog Godt den Heer van allen,</l>
        <l id="s10:l3">Men dogt het was vervallen,</l>
        <l id="s10:l4">Ja dat het haast was doof,</l>
        <l id="s10:l5">Dog het is blyve Stamme,</l>
        <l id="s10:l6">In nog omtrent geen Jaar,</l>
        <l id="s10:l7">Dat het is tot een Vlamme,</l>
        <l id="s10:l8">Met twee Oranje Stamme,</l>
        <l id="s10:l9">Die ons verligten klaar.</l>
      </lg>
      <lg id="s11" type="stanza">
        <l id="s11:l1">Nu is myn Rym haast uit,</l>
        <l id="s11:l2">Nu moet ik uw &#244; Menschen,</l>
        <l id="s11:l3">U alle zegen Wenschen,</l>
        <l id="s11:l4">Met onzen Jongen Spruit,</l>
        <l id="s11:l5">Dus wensch ik uw te gaader</l>
        <l id="s11:l6">Veel zegen en voorspoet,</l>
        <l id="s11:l7">Van onzen Godt en Vader,</l>
        <l id="s11:l8">Dat is ons leevens ader,</l>
        <l id="s11:l9">Daar men 't  van hebben moet.</l>
      </lg>
      <lg id="s12" type="stanza">
        <l id="s12:l1">Wel aan nu tot besluit</l>
        <l id="s12:l2">Ik wil hier m&#234;e afbreeke</l>
        <l id="s12:l3">Als dit moet ik nog spreeke</l>
        <l id="s12:l4">Nu dat myn Liet is uit;</l>
        <l id="s12:l5">Komt gy beeter te hoore</l>
        <l id="s12:l6">Dan is dit maar een nest,</l>
        <l id="s12:l7">Ik doe dus myn devoore</l>
        <l id="s12:l8">Of het U niet bekoorde</l>
        <l id="s12:l9">Ik heb gedaan myn best.</l>
      </lg>
    </lg>
  </text>
</song>