<song>
  <meta>
    <id>163908</id>
    <date>
      <year-start>1748</year-start>
      <year-end>1748</year-end>
    </date>
    <location>
      <orginal-name>'s-gravenhage</orginal-name>
      <standard-name>The Hague, The Netherlands</standard-name>
      <coordinates>
        <lon>52.0799838</lon>
        <lat>4.3113461</lat>
      </coordinates>
    </location>
    <tags />
    <melody>La marine</melody>
  <author>F. Pitton</author></meta>
  <text>
    <lg type="song">
      <lg id="s1" type="stanza">
        <l id="s1:l1">Wat hoort men langs de straaten,</l>
        <l id="s1:l2">gestadig nieuwe vreugdt,</l>
        <l id="s1:l3">Men is als uytgelaten,</l>
        <l id="s1:l4">een yder is verheugt,</l>
        <l id="s1:l5">om dat de Prins faljant</l>
        <l id="s1:l6">hier heeft de Mey geplant</l>
        <l id="s1:l7">dryft men, vreugde, met geneugd',</l>
        <l id="s1:l8">aan alle kant.</l>
      </lg>
      <lg id="s2" type="stanza">
        <l id="s2:l1">De Kroonen ziet men zwiere,</l>
        <l id="s2:l2">Ter eere van de Prins,</l>
        <l id="s2:l3">Meen stookt de vreugde vieren,</l>
        <l id="s2:l4">En siet ook alle sints:</l>
        <l id="s2:l5">Op wimpels en op Vaan,</l>
        <l id="s2:l6">t'Oranje Wapen staan,</l>
        <l id="s2:l7">'t Geen ons oogen, thans nog mogen</l>
        <l id="s2:l8">Schouwen aan.</l>
      </lg>
      <lg id="s3" type="stanza">
        <l id="s3:l1">Nu d'Eendragt is gereesen</l>
        <l id="s3:l2">Zoo werd de magt vergroot,</l>
        <l id="s3:l3">Oranje Vorst gespreesen,</l>
        <l id="s3:l4">Komt helpt ons uyt de noot,</l>
        <l id="s3:l5">Behertigt met verstant,</l>
        <l id="s3:l6">Het welzyn van het Land;</l>
        <l id="s3:l7">Met de Heeren, die Regeeren,</l>
        <l id="s3:l8">Triomphant.</l>
      </lg>
      <lg id="s4" type="stanza">
        <l id="s4:l1">Komt Prins vol deugt en zeeden,</l>
        <l id="s4:l2">Gy zyt hier lang verwagt,</l>
        <l id="s4:l3">En wilt de Plaats bekleeden,</l>
        <l id="s4:l4">Uws' Loffelycks geslagt,</l>
        <l id="s4:l5">Gaat ons in Godvrugt voor</l>
        <l id="s4:l6">En volgt het Deugde spoor,</l>
        <l id="s4:l7">Vrome helden, hoord men melden,</l>
        <l id="s4:l8">d'Werelt door.</l>
      </lg>
      <lg id="s5" type="stanza">
        <l id="s5:l1">Dien Vorst is Edelmoedig,</l>
        <l id="s5:l2">En van een goeden aard,</l>
        <l id="s5:l3">Den Hemel heeft hem goedig</l>
        <l id="s5:l4">Voor Nederland bewaard;</l>
        <l id="s5:l5">Of schoon de bitze neyt,</l>
        <l id="s5:l6">Hier over zit en kreyt,</l>
        <l id="s5:l7">We zyn heden, wel te vreden,</l>
        <l id="s5:l8">En verbleyd.</l>
      </lg>
      <lg id="s6" type="stanza">
        <l id="s6:l1">Sy moeten 't zien en hooren,</l>
        <l id="s6:l2">Dat Friso Casimier,</l>
        <l id="s6:l3">Is tot een Hoofd verkooren,</l>
        <l id="s6:l4">Al is 't haar geen plaisier:</l>
        <l id="s6:l5">De stricken en kokardt,</l>
        <l id="s6:l6">Die dragen zy met smart</l>
        <l id="s6:l7">En gaan veinsen, in gepeynsen</l>
        <l id="s6:l8">Heel  verward.</l>
      </lg>
      <lg id="s7" type="stanza">
        <l id="s7:l1">De faam die zal 't ook melde,</l>
        <l id="s7:l2">Den Zeeuwen tot een eer,</l>
        <l id="s7:l3">Dat zy als vroome Helden,</l>
        <l id="s7:l4">Aan Nassauw geven weer,</l>
        <l id="s7:l5">Zyn regte erf goet,</l>
        <l id="s7:l6">Zo als het wezen moet,</l>
        <l id="s7:l7">'k Wens uw Zegen, aller weegen,</l>
        <l id="s7:l8">Voor 't geen gy doet.</l>
      </lg>
      <lg id="s8" type="stanza">
        <l id="s8:l1">My dunkt ik zie de stroomen,</l>
        <l id="s8:l2">Zig schikken op een Ry,</l>
        <l id="s8:l3">Dat hy by uw zal komen,</l>
        <l id="s8:l4">Ik hoop hem God geley,</l>
        <l id="s8:l5">Te Water en te Lant,</l>
        <l id="s8:l6">En dat hy den Vyant;</l>
        <l id="s8:l7">Die uw Plagen, zal verjaagen,</l>
        <l id="s8:l8">Tot haar schand.</l>
      </lg>
      <lg id="s9" type="stanza">
        <l id="s9:l1">Zoo moet Oranje leven,</l>
        <l id="s9:l2">Gelyck het eertyds dee,</l>
        <l id="s9:l3">God wil ons alle geven,</l>
        <l id="s9:l4">Dat wy in rust en vree;</l>
        <l id="s9:l5">Lang leven in voorspoet</l>
        <l id="s9:l6">Als onderdaanen goed,</l>
        <l id="s9:l7">Wy begeere, dat vermeere,</l>
        <l id="s9:l8">t'Oranje bloed.</l>
      </lg>
    </lg>
  </text>
</song>