<song>
  <meta>
    <id>163902</id>
    <date>
      <year-start>1748</year-start>
      <year-end>1748</year-end>
    </date>
    <location>
      <orginal-name>'s-gravenhage</orginal-name>
      <standard-name>The Hague, The Netherlands</standard-name>
      <coordinates>
        <lon>52.0799838</lon>
        <lat>4.3113461</lat>
      </coordinates>
    </location>
    <tags />
    <melody>Wilhelmus</melody>
  <author>F. Pitton</author></meta>
  <text>
    <lg type="song">
      <lg id="s1" type="stanza">
        <l id="s1:l1">Wat hoord men in dees' dagen,</l>
        <l id="s1:l2">een aangename toon,</l>
        <l id="s1:l3">of d'Hemel het behaagen,</l>
        <l id="s1:l4">dit onverwagte schoon,</l>
        <l id="s1:l5">een weergalm ons quam segge,</l>
        <l id="s1:l6">siet hier gy Neerlands volk,</l>
        <l id="s1:l7">u hooft wilt overlegge,</l>
        <l id="s1:l8">omhelst die tot u Tolk.</l>
      </lg>
      <lg id="s2" type="stanza">
        <l id="s2:l1">Wat wonder komt ons voren,</l>
        <l id="s2:l2">In dit soo soet geluyt.</l>
        <l id="s2:l3">Het streelt ons hert en oren,</l>
        <l id="s2:l4">Dat dees Oranje spruyt,</l>
        <l id="s2:l5">Als van God wert geschonken,</l>
        <l id="s2:l6">Daar 't hart heeft na verlang,</l>
        <l id="s2:l7">Dus wy in liefd' ontfonken,</l>
        <l id="s2:l8">Ontfangen hem in dank.</l>
      </lg>
      <lg id="s3" type="stanza">
        <l id="s3:l1">Wel aan laat Vlaggen waayen,</l>
        <l id="s3:l2">Voor den Oranje Stam,</l>
        <l id="s3:l3">De hoeden om 't  hooft draaye</l>
        <l id="s3:l4">Wyl  't Hert vol vuur en vlam.</l>
        <l id="s3:l5">Ja wie kan het inhouden?</l>
        <l id="s3:l6">Maar roepen overluidt,</l>
        <l id="s3:l7">Vol blyschap meenig vouden,</l>
        <l id="s3:l8">Lang leeft d'Oranje spruyt.</l>
      </lg>
      <lg id="s4" type="stanza">
        <l id="s4:l1">Laat nu Oranje blinken,</l>
        <l id="s4:l2">Op hoeden hert en borst.</l>
        <l id="s4:l3">Komt draagt Oranje linten</l>
        <l id="s4:l4">Ter Eeren van dien Vorst,</l>
        <l id="s4:l5">Versiert u huys met ligten,</l>
        <l id="s4:l6">Steekt nu Banniere op,</l>
        <l id="s4:l7">Volvoert hier in u pligten,</l>
        <l id="s4:l8">Steekt Vaandels in den top.</l>
      </lg>
      <lg id="s5" type="stanza">
        <l id="s5:l1">De vreugt is boven maten,</l>
        <l id="s5:l2">Al wie de Prins bemint</l>
        <l id="s5:l3">Ja wie soud konne laten,</l>
        <l id="s5:l4">'t Zy Man, of Vrouw, of Kint,</l>
        <l id="s5:l5">'t Roept al lang leeft dien Heere,</l>
        <l id="s5:l6">Stadthouder van ons Land,</l>
        <l id="s5:l7">Dus is syn Naam en Eere,</l>
        <l id="s5:l8">In Nederlands volk geplant.</l>
      </lg>
      <lg id="s6" type="stanza">
        <l id="s6:l1">Komt Prince Volk te same,</l>
        <l id="s6:l2">Ontsluyt nu vry u hert,</l>
        <l id="s6:l3">Bid God dat dog syn Naame,</l>
        <l id="s6:l4">Loflyk geseegent wert,</l>
        <l id="s6:l5">Zyn Vyand doe verschrikke,</l>
        <l id="s6:l6">En al syn Onderdaan,</l>
        <l id="s6:l7">In blyschap mag verquikke,</l>
        <l id="s6:l8">Met hem in Vrede staan.</l>
      </lg>
      <lg id="s7" type="stanza">
        <l id="s7:l1">Gezegent moet hy wesen,</l>
        <l id="s7:l2">Van God den Opperheer,</l>
        <l id="s7:l3">Die ons met hem in desen</l>
        <l id="s7:l4">Wilt schenken t'syner Eer,</l>
        <l id="s7:l5">Veel  vreugde in 't beleven</l>
        <l id="s7:l6">Een voester Heer te syn,</l>
        <l id="s7:l7">Dat Gods Kerk als herleven</l>
        <l id="s7:l8">In Eendragt sonder pyn.</l>
      </lg>
      <lg id="s8" type="stanza">
        <l id="s8:l1">Wilt ook O Godt ! vermeeren</l>
        <l id="s8:l2">Syn loffelyke Zaat,</l>
        <l id="s8:l3">En geven t'uwer Eeren</l>
        <l id="s8:l4">Een Plant in desen Staat</l>
        <l id="s8:l5">Om Land en kerk te bouwen,</l>
        <l id="s8:l6">Tot Eer en Heerlykheyd,</l>
        <l id="s8:l7">Standvastig en vertrouwen</l>
        <l id="s8:l8">Ook nimmer van ons scheyd.</l>
      </lg>
    </lg>
  </text>
</song>