<song>
  <meta>
    <id>164689</id>
    <date>
      <year-start>1748</year-start>
      <year-end>1748</year-end>
    </date>
    <location>
      <orginal-name>'s-gravenhage</orginal-name>
      <standard-name>The Hague, The Netherlands</standard-name>
      <coordinates>
        <lon>52.0799838</lon>
        <lat>4.3113461</lat>
      </coordinates>
    </location>
    <tags />
    <melody>Wilhelmus</melody>
  <author>F. Pitton</author></meta>
  <text>
    <lg type="song">
      <lg id="s1" type="stanza">
        <l id="s1:l1">Wilhelmus van Nassauwe,</l>
        <l id="s1:l2">song Nederland wel eer,</l>
        <l id="s1:l3">Wilhelmus van Nassauwe,</l>
        <l id="s1:l4">zo zingen wy nu weer,</l>
        <l id="s1:l5">en sullen 't blyven zingen,</l>
        <l id="s1:l6">wy schroomen nu geen Frans</l>
        <l id="s1:l7">en laaten ons niet dwingen,</l>
        <l id="s1:l8">verkeert is nu de kans.</l>
      </lg>
      <lg id="s2" type="stanza">
        <l id="s2:l1">d'Aanzienelyke Leeden,</l>
        <l id="s2:l2">De Staaten van ons Land,</l>
        <l id="s2:l3">Gaan sorg en vleyd besteeden,</l>
        <l id="s2:l4">Eer dat het Scheepje strand,</l>
        <l id="s2:l5">Of verder raakt aan 't sinken,</l>
        <l id="s2:l6">Sy staan in diep beraad;</l>
        <l id="s2:l7">Wat dat men zal bedenken,</l>
        <l id="s2:l8">Tot redding van den Staat.</l>
      </lg>
      <lg id="s3" type="stanza">
        <l id="s3:l1">Men siet te rug de tyde</l>
        <l id="s3:l2">Als Neerland was in nood,</l>
        <l id="s3:l3">Wie voor haar ging te streyden;</l>
        <l id="s3:l4">En wie haar hulpe bood,</l>
        <l id="s3:l5">Den Prince van Oranje</l>
        <l id="s3:l6">Wilhelmus van Nassouw;</l>
        <l id="s3:l7">Den Koning van Brittanje</l>
        <l id="s3:l8">Die holp haar uyt den Rouw</l>
      </lg>
      <lg id="s4" type="stanza">
        <l id="s4:l1">Een uyt die stam gekomen</l>
        <l id="s4:l2">Sal Steedehouder zyn,</l>
        <l id="s4:l3">Wy schrikken of wy schroomen</l>
        <l id="s4:l4">Niet meer voor 't Frans Fenyn,</l>
        <l id="s4:l5">Na 't voorbeeld syner oude</l>
        <l id="s4:l6">Wier daaden ons nog heugt,</l>
        <l id="s4:l7">Wilhelmus van Nassouwe</l>
        <l id="s4:l8">Leef lang by ons in vreugt.</l>
      </lg>
      <lg id="s5" type="stanza">
        <l id="s5:l1">Wilt helpen onderschragen</l>
        <l id="s5:l2">En bieden uwe handt,</l>
        <l id="s5:l3">Komt wilt uw Leven wagen,</l>
        <l id="s5:l4">Voor 't lieve Vaderland;</l>
        <l id="s5:l5">Geen kogel zal uw deeren,</l>
        <l id="s5:l6">Trekt op den Vyand aan,</l>
        <l id="s5:l7">Ik hoop den Heer, der Heeren,</l>
        <l id="s5:l8">Zal me&#234; ten Velde gaan.</l>
      </lg>
      <lg id="s6" type="stanza">
        <l id="s6:l1">&#244; Prins vol deugt gepreesen</l>
        <l id="s6:l2">Zyt welkom in den Haag,</l>
        <l id="s6:l3">Oranje moest het weezen,</l>
        <l id="s6:l4">Een yder toont hem graag</l>
        <l id="s6:l5">Om vreugden te bedryven</l>
        <l id="s6:l6">En roept lang leeff de Prins,</l>
        <l id="s6:l7">Gezegent moet hy blyven</l>
        <l id="s6:l8">Dat is ons aller wensch.</l>
      </lg>
      <lg id="s7" type="stanza">
        <l id="s7:l1">Voldoet ook ons begeeren</l>
        <l id="s7:l2">Brengt uw Princesse me&#234;</l>
        <l id="s7:l3">Men roept tot haar ter eeren</l>
        <l id="s7:l4">Ook menigmaal Hoez&#233;e,</l>
        <l id="s7:l5">De vreugt zal grooter werden,</l>
        <l id="s7:l6">Als wy haar Hoogheyd zien,</l>
        <l id="s7:l7">De stricken en kokarden,</l>
        <l id="s7:l8">Die komen zulks aanbien.</l>
      </lg>
    </lg>
  </text>
</song>