<song>
  <meta>
    <id>164690</id>
    <date>
      <year-start>1748</year-start>
      <year-end>1748</year-end>
    </date>
    <location>
      <orginal-name>'s-gravenhage</orginal-name>
      <standard-name>The Hague, The Netherlands</standard-name>
      <coordinates>
        <lon>52.0799838</lon>
        <lat>4.3113461</lat>
      </coordinates>
    </location>
    <tags />
    <melody>Liereman</melody>
  <author>F. Pitton</author></meta>
  <text>
    <lg type="song">
      <lg id="s1" type="stanza">
        <l id="s1:l1" met="3" type="-+">Wilhelmus van <rhyme label="a" type="f">Oranje</rhyme>,</l>
        <l id="s1:l2" met="3" type="-+">brengt ons thans vrugten <rhyme label="b" type="m">voort</rhyme></l>
        <l id="s1:l3" met="3" type="-+">uyt Anna van <rhyme label="a" type="f" corresp="#s1:l1">Brittanje</rhyme>,</l>
        <l id="s1:l4" met="3" type="-+">dat Ne&#234;rlands Volk <rhyme label="b" type="m" corresp="#s1:l2">bekoort</rhyme>;</l>
        <l id="s1:l5" met="4" type="-+">waar op men veilig roept <rhyme label="c" type="m">alsins</rhyme>,</l>
        <l id="s1:l6" met="4" type="-+">leef lang, leef lang Princes en <rhyme label="c" type="m" corresp="#s1:l5">Prins</rhyme>,</l>
        <l id="s1:l7" met="4" type="+-">onder  't zoet, onder 't  <rhyme label="d" type="m">Zoet</rhyme>,</l>
        <l id="s1:l8" met="5" type="-+">onder 't  Zoet, soet soet'-lyk <rhyme label="e" type="f">bloeje</rhyme></l>
        <l id="s1:l9" met="3" type="-+">dat thans uw stamboom <rhyme label="d" type="m" corresp="#s1:l7">doet</rhyme>.</l>
      </lg>
      <lg id="s2" type="stanza">
        <l id="s2:l1" met="3" type="-+">Wat zyn wy alle <rhyme label="a" type="f">gader</rhyme>,</l>
        <l id="s2:l2" met="3" type="-+">Dat Stamhuys duur <rhyme label="b" type="m">verplicht</rhyme>,</l>
        <l id="s2:l3" met="3" type="-+">Heeft Willem de eerste <rhyme label="a" type="f" corresp="#s2:l1">Vader</rhyme></l>
        <l id="s2:l4" met="3" type="-+">Niet hier de grondt <rhyme label="b" type="m" corresp="#s2:l2">geligt</rhyme>?</l>
        <l id="s2:l5" met="4" type="-+">Waar op de Godtsdienst w&#233;lig <rhyme label="c" type="m">bloeit</rhyme>,</l>
        <l id="s2:l6" met="4" type="-+">De Vryheit is ten top <rhyme label="c" type="m" corresp="#s2:l5">gegroeit</rhyme>,</l>
        <l id="s2:l7" met="4" type="+-">Door zyn goed, door zyn <rhyme label="d" type="m">goed</rhyme>,</l>
        <l id="s2:l8" met="5" type="-+">Door zyn goed, goed, goed <rhyme label="e" type="f">bestuuren</rhyme>;</l>
        <l id="s2:l9" met="3" type="-+">Dat men nog danken <rhyme label="d" type="m" corresp="#s2:l7">moet</rhyme>.</l>
      </lg>
      <lg id="s3" type="stanza">
        <l id="s3:l1" met="3" type="-+">Wat trilde Spanjens <rhyme label="a" type="f">Magten</rhyme>,</l>
        <l id="s3:l2" met="3" type="-+">Als Maurits trok te <rhyme label="b" type="m">Velt</rhyme>,</l>
        <l id="s3:l3" met="3" type="-+">Met Eerbied wy hem <rhyme label="a" type="f" corresp="#s3:l1">agten</rhyme>,</l>
        <l id="s3:l4" met="3" type="-+">Voor d'allergrootsten <rhyme label="b" type="m" corresp="#s3:l2">Held</rhyme>.</l>
        <l id="s3:l5" met="4" type="-+">Vraagt Nieuwpoort, dat getuigt <rhyme label="c" type="m">gewis</rhyme>,</l>
        <l id="s3:l6" met="4" type="-+">Hoe ons behoud gestempelt <rhyme label="c" type="m" corresp="#s3:l5">is</rhyme>,</l>
        <l id="s3:l7" met="4" type="+-">In die Slag, in die <rhyme label="d" type="m">Slag</rhyme>,</l>
        <l id="s3:l8" met="5" type="-+">In die Slag, Slag, Slag der <rhyme label="e" type="f">Slagen</rhyme>,</l>
        <l id="s3:l9" met="3" type="-+">Daar Ne&#234;rlands heil aan <rhyme label="d" type="m" corresp="#s3:l7">lag</rhyme>.</l>
      </lg>
      <lg id="s4" type="stanza">
        <l id="s4:l1" met="3" type="-+">Roemwaarde Fredriks <rhyme label="a" type="f">daaden</rhyme>,</l>
        <l id="s4:l2" met="3" type="-+">Staan in zoo meenigen <rhyme label="b" type="m">Satd</rhyme>,</l>
        <l id="s4:l3" met="3" type="-+">Te pronk met <rhyme label="a" type="f" corresp="#s4:l1">Lauwerblaaden</rhyme>,</l>
        <l id="s4:l4" met="3" type="-+">Die hy gewonnen <rhyme label="b" type="m" corresp="#s4:l2">had</rhyme>.</l>
        <l id="s4:l5" met="4" type="-+">Op 't laatste haakte hy na <rhyme label="c" type="m">rust</rhyme>,</l>
        <l id="s4:l6" met="4" type="-+">En had zoo graag de Vrede <rhyme label="c" type="m" corresp="#s4:l5">gekust</rhyme>:</l>
        <l id="s4:l7" met="4" type="+-">Maar de dood, maar de <rhyme label="d" type="m">dood</rhyme>,</l>
        <l id="s4:l8" met="5" type="-+">Maar de dood! dood! dood! die <rhyme label="e" type="f">wreeden</rhyme>!</l>
        <l id="s4:l9" met="3" type="-+">Die rukte hem, uit haar <rhyme label="d" type="m" corresp="#s4:l7">schoot</rhyme>.</l>
      </lg>
      <lg id="s5" type="stanza">
        <l id="s5:l1" met="3" type="-+">Toen zag men Willem <rhyme label="a" type="f">pronken</rhyme>,</l>
        <l id="s5:l2" met="3" type="-+">Met vrede aan de <rhyme label="b" type="m">hand</rhyme>.</l>
        <l id="s5:l3" met="3" type="-+">Door 's Vaders vuist, <rhyme label="a" type="f" corresp="#s5:l1">geschonken</rhyme></l>
        <l id="s5:l4" met="3" type="-+">Aan 't Vrye <rhyme label="b" type="m" corresp="#s5:l2">Nederlandt</rhyme>:</l>
        <l id="s5:l5" met="4" type="-+">Maar ach! De Dood, tot aller <rhyme label="c" type="m">smart</rhyme>,</l>
        <l id="s5:l6" met="4" type="-+">Trof deze Jongen Vorst in 't <rhyme label="c" type="m" corresp="#s5:l5">hart</rhyme>,</l>
        <l id="s5:l7" met="4" type="+-">Dat te ras, dat te <rhyme label="d" type="m">ras</rhyme>,</l>
        <l id="s5:l8" met="5" type="-+">Dat te ras, ras, ras voor ons <rhyme label="e" type="f">toen</rhyme>,</l>
        <l id="s5:l9" met="3" type="-+">Een bitteren doodsteek <rhyme label="d" type="m" corresp="#s5:l7">was</rhyme>.</l>
      </lg>
      <lg id="s6" type="stanza">
        <l id="s6:l1" met="3" type="-+">Had Godt niet, uit zyn <rhyme label="a" type="f">asschen</rhyme>,</l>
        <l id="s6:l2" met="3" type="-+">Een F&#233;niks <rhyme label="b" type="m">voortgebragt</rhyme>,</l>
        <l id="s6:l3" met="3" type="-+">Die hy deed weelig <rhyme label="a" type="f" corresp="#s6:l1">wasschen</rhyme>,</l>
        <l id="s6:l4" met="3" type="-+">Tot roem van zyn <rhyme label="b" type="m" corresp="#s6:l2">Geslagt</rhyme>:</l>
        <l id="s6:l5" met="4" type="-+">Wat heeft die Vorst gezorgt, <rhyme label="c" type="m">geraan</rhyme>,</l>
        <l id="s6:l6" met="4" type="-+">Toen 't Schip van Staat, wou <rhyme label="c" type="m" corresp="#s6:l5">ondergaan</rhyme>,</l>
        <l id="s6:l7" met="4" type="+-">In een Zee, in een <rhyme label="d" type="m">Zee</rhyme>,</l>
        <l id="s6:l8" met="5" type="-+">In een Zee, Zee, Zee van <rhyme label="e" type="f">rampen</rhyme>,</l>
        <l id="s6:l9" met="3" type="-+">En algemeene <rhyme label="d" type="m" corresp="#s6:l7">wee</rhyme>.</l>
      </lg>
      <lg id="s7" type="stanza">
        <l id="s7:l1" met="3" type="-+">Laat Groot-Brittanje <rhyme label="a" type="f">spreeken</rhyme>,</l>
        <l id="s7:l2" met="3" type="-+">Met Nederland <rhyme label="b" type="m">gelyk</rhyme>,</l>
        <l id="s7:l3" met="3" type="-+">Waar is ooit Vorst <rhyme label="a" type="f" corresp="#s7:l1">gebleeken</rhyme>?</l>
        <l id="s7:l4" met="3" type="-+">In Landt, of <rhyme label="b" type="m" corresp="#s7:l2">Koningryk</rhyme>;</l>
        <l id="s7:l5" met="4" type="-+">Die Koning Willem <rhyme label="c" type="m">evenaart</rhyme>,</l>
        <l id="s7:l6" met="4" type="-+">Daar Godsvrugt, Deugt en <rhyme label="c" type="m" corresp="#s7:l5">Heldenaart</rhyme>,</l>
        <l id="s7:l7" met="4" type="+-">Zoo in blonk, zoo in <rhyme label="d" type="m">blonk</rhyme>,</l>
        <l id="s7:l8" met="5" type="-+">Zoo in blonk, blonk, blonk ten <rhyme label="e" type="f">goeden</rhyme>,</l>
        <l id="s7:l9" met="3" type="-+">Der algemeenen <rhyme label="d" type="m" corresp="#s7:l7">pronk</rhyme>.</l>
      </lg>
      <lg id="s8" type="stanza">
        <l id="s8:l1" met="3" type="-+">Zou ik op duizent <rhyme label="a" type="f">bladen</rhyme>,</l>
        <l id="s8:l2" met="3" type="-+">De Vaders van ons <rhyme label="b" type="m">Prins</rhyme></l>
        <l id="s8:l3" met="3" type="-+">Afschilderen, en hun <rhyme label="a" type="f" corresp="#s8:l1">daden</rhyme></l>
        <l id="s8:l4" met="3" type="-+">U melden? Neen, <rhyme label="b" type="m" corresp="#s8:l2">geensins</rhyme>:</l>
        <l id="s8:l5" met="4" type="-+">De Onsterflykheit, moest myn  't <rhyme label="c" type="m">Penseel</rhyme>,</l>
        <l id="s8:l6" met="4" type="-+">De Eeuwigheit het <rhyme label="c" type="m" corresp="#s8:l5">Taaffereel</rhyme>,</l>
        <l id="s8:l7" met="4" type="+-">En hun bloed, en hun <rhyme label="d" type="m">bloed</rhyme>,</l>
        <l id="s8:l8" met="5" type="-+">En hun bloed, bloed, bloed de <rhyme label="e" type="f">verwen</rhyme>,</l>
        <l id="s8:l9" met="3" type="-+">Verschaffen, eer  't was <rhyme label="d" type="m" corresp="#s8:l7">goed</rhyme>.</l>
      </lg>
      <lg id="s9" type="stanza">
        <l id="s9:l1" met="3" type="-+">Wel leeft men dan niet <rhyme label="a" type="f">rustig</rhyme>?</l>
        <l id="s9:l2" met="3" type="-+">In 't lommer, van de <rhyme label="b" type="m">bla&#226;n</rhyme></l>
        <l id="s9:l3" met="3" type="-+">Dier Stamboom, die zoo <rhyme label="a" type="f" corresp="#s9:l1">lustig</rhyme></l>
        <l id="s9:l4" met="3" type="-+">Voor Ne&#234;rland bloeit? Wel <rhyme label="b" type="m" corresp="#s9:l2">aan</rhyme>!</l>
        <l id="s9:l5" met="4" type="-+">Laat ons dan vieren, dezen <rhyme label="c" type="m">dag</rhyme>,</l>
        <l id="s9:l6" met="4" type="-+">Waar op men weder roemen <rhyme label="c" type="m" corresp="#s9:l5">mag</rhyme>,</l>
        <l id="s9:l7" met="4" type="+-">Dat ons heil, dat ons <rhyme label="d" type="m">heil</rhyme>,</l>
        <l id="s9:l8" met="5" type="-+">Dat ons heil, heil, heil, ( o <rhyme label="e" type="f">Blydtschap</rhyme>!)</l>
        <l id="s9:l9" met="3" type="-+">Gewasschen is, boven 't <rhyme label="d" type="m" corresp="#s9:l7">peil</rhyme>.</l>
      </lg>
      <lg id="s10" type="stanza">
        <l id="s10:l1" met="3" type="-+">Het Godlyk <rhyme label="a" type="f">Alvermoogen</rhyme>,</l>
        <l id="s10:l2" met="3" type="-+">Schenkt, door een <rhyme label="b" type="m">Liefde-vlam</rhyme>,</l>
        <l id="s10:l3" met="3" type="-+">Een Erfprins uit den <rhyme label="a" type="f" corresp="#s10:l1">hoogen</rhyme>,</l>
        <l id="s10:l4" met="3" type="-+">Aan den Oranje <rhyme label="b" type="m" corresp="#s10:l2">Stam</rhyme>:</l>
        <l id="s10:l5" met="4" type="-+">Hier paste voor ons lage <rhyme label="c" type="m">Zangk</rhyme>,</l>
        <l id="s10:l6" met="4" type="-+">Tot dankbaarheid, een <rhyme label="c" type="m" corresp="#s10:l5">Hemelklank</rhyme>,</l>
        <l id="s10:l7" met="4" type="+-">En een stem, en een <rhyme label="d" type="m">stem</rhyme>,</l>
        <l id="s10:l8" met="5" type="-+">En een stem, stem, stem der <rhyme label="e" type="f">Engelen</rhyme></l>
        <l id="s10:l9" met="3" type="-+">Als eer, te <rhyme label="d" type="m" corresp="#s10:l7">Bethlehem</rhyme>.</l>
      </lg>
      <lg id="s11" type="stanza">
        <l id="s11:l1" met="3" type="-+">Leef, Willem Hendrik <rhyme label="a" type="f">Karel</rhyme>!</l>
        <l id="s11:l2" met="3" type="-+">Leef Frizo! In dees <rhyme label="b" type="m">Zoon</rhyme>,</l>
        <l id="s11:l3" met="3" type="-+">Leef Anna! e&#234;lste <rhyme label="a" type="f" corresp="#s11:l1">Parel</rhyme>,</l>
        <l id="s11:l4" met="3" type="-+">Van Groot-Brittanjens <rhyme label="b" type="m" corresp="#s11:l2">Kroon!1</rhyme></l>
        <l id="s11:l5" met="4" type="-+">Leef lang, tot gy meer Zoonen <rhyme label="c" type="m">teelt</rhyme>,</l>
        <l id="s11:l6" met="4" type="-+">Daar Karolina's geest in <rhyme label="c" type="m" corresp="#s11:l5">speelt</rhyme>,</l>
        <l id="s11:l7" met="4" type="+-">Wiens verstand, wiens <rhyme label="d" type="m">verstand</rhyme>,</l>
        <l id="s11:l8" met="5" type="-+">Wiens verstand, stand, stand, na <rhyme label="e" type="f">jaaren</rhyme></l>
        <l id="s11:l9" met="3" type="-+">Geen we&#234;rga heeft, in 't <rhyme label="d" type="m" corresp="#s11:l7">Land</rhyme>.</l>
      </lg>
      <lg id="s12" type="stanza">
        <l id="s12:l1" met="3" type="-+">O Heilzon! Laat uw <rhyme label="a" type="f">straalen</rhyme></l>
        <l id="s12:l2" met="3" type="-+">Op dit Oranje <rhyme label="b" type="m">Zaat</rhyme>,</l>
        <l id="s12:l3" met="3" type="-+">Met vollen zegen <rhyme label="a" type="f" corresp="#s12:l1">daalen</rhyme>,</l>
        <l id="s12:l4" met="3" type="-+">Terwyl dees Vryen <rhyme label="b" type="m" corresp="#s12:l2">Staat</rhyme>,</l>
        <l id="s12:l5" met="4" type="-+">De vrugten daar van plukken <rhyme label="c" type="m">mag</rhyme>,</l>
        <l id="s12:l6" met="4" type="-+">Als in voorgaande tyd, en <rhyme label="c" type="m" corresp="#s12:l5">ach</rhyme>!</l>
        <l id="s12:l7" met="4" type="+-">Laaten wy, laaten <rhyme label="d" type="m">wy</rhyme>,</l>
        <l id="s12:l8" met="5" type="-+">Laaten wy, wy, wy gerust <rhyme label="e" type="f">zyn</rhyme></l>
        <l id="s12:l9" met="3" type="-+">Op Frizo's <rhyme label="d" type="m" corresp="#s12:l7">Heerschappy</rhyme>.</l>
      </lg>
      <lg id="s13" type="stanza">
        <l id="s13:l1" met="3" type="-+">Zoo blyven Ne&#234;rlands <rhyme label="a" type="f">Pylen</rhyme></l>
        <l id="s13:l2" met="3" type="-+">Gebonden, aan <rhyme label="b" type="m">malka&#226;r</rhyme>,</l>
        <l id="s13:l3" met="3" type="-+">En, 't Schip van Staat zal <rhyme label="a" type="f" corresp="#s13:l1">zeilen</rhyme>,</l>
        <l id="s13:l4" met="3" type="-+">Trotseerende, al 't <rhyme label="b" type="m" corresp="#s13:l2">gevaar</rhyme>,</l>
        <l id="s13:l5" met="4" type="-+">Van klip, van bank, van zee en <rhyme label="c" type="m">wind</rhyme>;</l>
        <l id="s13:l6" met="4" type="-+">Tot dat 't een vaste Haaven <rhyme label="c" type="m" corresp="#s13:l5">vind</rhyme>,</l>
        <l id="s13:l7" met="4" type="+-">In 't genot, in 't <rhyme label="d" type="m">genot</rhyme>,</l>
        <l id="s13:l8" met="5" type="-+">In 't genot, not, not der <rhyme label="e" type="f">Vreeden</rhyme>,</l>
        <l id="s13:l9" met="3" type="-+">Ach! gunt ons dit, &#244; <rhyme label="d" type="m" corresp="#s13:l7">Godt</rhyme>!</l>
      </lg>
    </lg>
  </text>
</song>