<song>
  <meta>
    <id>16470</id>
    <date>
      <year-start>1903</year-start>
      <year-end>1908</year-end>
    </date>
    <tags />
    <melody>Credo</melody>
  <author>Anonymous</author></meta>
  <text>
    <lg type="song">
      <lg id="s1" type="stanza">
        <l id="s1:l1">Heer Haelewyn, die zong een liedeken kleyn,</l>
        <l id="s1:l2">en die het hoorde die wouw' er by zyn,</l>
        <l id="s1:l3">waer door dat' er veel zyn gekomen in pyn.</l>
      </lg>
      <lg id="s2" type="stanza">
        <l id="s2:l1">Dan was daer noch een konings-kind,</l>
        <l id="s2:l2">al van de schoonste die men vind,</l>
        <l id="s2:l3">en die van haer ouders wiers zeer bemind.</l>
      </lg>
      <lg id="s3" type="stanza">
        <l id="s3:l1">Zy ging voor haeren vader staen:</l>
        <l id="s3:l2">vader mag ik wandelen gaen?</l>
        <l id="s3:l3">mynheer Haelewyn die is zoo aengenaem.</l>
      </lg>
      <lg id="s4" type="stanza">
        <l id="s4:l1">Neen myn dochter vol van rom,</l>
        <l id="s4:l2">die derwaerds gaet komt noyt we&#234;rom,</l>
        <l id="s4:l3">wel zestien zyn'er dood gebleven met veel weedom.</l>
      </lg>
      <lg id="s5" type="stanza">
        <l id="s5:l1">Dan ging zy voor haer moeder staen:</l>
        <l id="s5:l2">moeder mag ik wandelen gaen?</l>
        <l id="s5:l3">want mynheer Haelewyn die staet my wel aen.</l>
      </lg>
      <lg id="s6" type="stanza">
        <l id="s6:l1">Neen myn dochter vol van rom,</l>
        <l id="s6:l2">al die daer gaet komt noyt we&#234;rom,</l>
        <l id="s6:l3">veel dochters lieten daer hun leven en blom.</l>
      </lg>
      <lg id="s7" type="stanza">
        <l id="s7:l1">Noch ging zy voor haer zuster staen:</l>
        <l id="s7:l2">zuster laet my wandelen gaen,</l>
        <l id="s7:l3">ik wil mynheer Haelewyn eens spreken aen.</l>
      </lg>
      <lg id="s8" type="stanza">
        <l id="s8:l1">Neen myn zuster schoonste blom,</l>
        <l id="s8:l2">al die daer gaet komt noyt we&#234;rom,</l>
        <l id="s8:l3">van al de maegden die daer blyven, staen de menschen stom.</l>
      </lg>
      <lg id="s9" type="stanza">
        <l id="s9:l1">Voor 't lest sprak z' haeren broeder aen:</l>
        <l id="s9:l2">mag ik by heer Haelewyn gaen,</l>
        <l id="s9:l3">dat is al myn versoek, wilt 't my toch toestaen.</l>
      </lg>
      <lg id="s10" type="stanza">
        <l id="s10:l1">'T en let my niet waer dat gy gaet,</l>
        <l id="s10:l2">als gy uw' eer maer wel bewaert,</l>
        <l id="s10:l3">en daer van en wil ik niet zyn vervaert.</l>
      </lg>
      <lg id="s11" type="stanza">
        <l id="s11:l1">Gy mo(o)gt vry by mynheer Haelewyn gaen,</l>
        <l id="s11:l2">uw bede wil ik niet afslaen,</l>
        <l id="s11:l3">al wat gy my verzoekt wil ik u toestaen.</l>
      </lg>
      <lg id="s12" type="stanza">
        <l id="s12:l1">Zy ging op haer slaepkamer fyn,</l>
        <l id="s12:l2">deed aen een kleed van wit satyn,</l>
        <l id="s12:l3">waer door zy scheen een godin te zyn.</l>
      </lg>
      <lg id="s13" type="stanza">
        <l id="s13:l1">Zy deed aen een carnaeten rok,</l>
        <l id="s13:l2">op ieder ploeye een gouden knop,</l>
        <l id="s13:l3">en eenen alderkostelyksten voorschoot daer op.</l>
      </lg>
      <lg id="s14" type="stanza">
        <l id="s14:l1">Zy sprong dan op haer vaders peird,</l>
        <l id="s14:l2">en rede voord ten bossche waerd,</l>
        <l id="s14:l3">met een mannelyk hert heel onvervaerd.</l>
      </lg>
      <lg id="s15" type="stanza">
        <l id="s15:l1">In 't midden van den bosch heel fyn,</l>
        <l id="s15:l2">daer vond zy mynheer Haelewyn,</l>
        <l id="s15:l3">hi sprak schoon' maegd gy moet willekom zyn.</l>
      </lg>
      <lg id="s16" type="stanza">
        <l id="s16:l1">Ik hop' gy zult worden myn deel,</l>
        <l id="s16:l2">laet ons reyden nae myn kasteel,</l>
        <l id="s16:l3">daer zal ik u toonen menig schoon juweel.</l>
      </lg>
      <lg id="s17" type="stanza">
        <l id="s17:l1">Zy reden dan te saemen voord,</l>
        <l id="s17:l2">op dezen weg viel menig woord,</l>
        <l id="s17:l3">want het was eenen langen weg ongehoord.</l>
      </lg>
      <lg id="s18" type="stanza">
        <l id="s18:l1">Zy kwamen dan op het galge-veld,</l>
        <l id="s18:l2">denkt eens hoe dat zy was ontsteld,</l>
        <l id="s18:l3">als zy daer zag hangen menig maegde-beeld.</l>
      </lg>
      <lg id="s19" type="stanza">
        <l id="s19:l1">Alsdan heeft hy tot haer gezeyd:</l>
        <l id="s19:l2">maget mids gy de schoonste zyt,</l>
        <l id="s19:l3">zoo laet ik u kiezen met vlyt.</l>
      </lg>
      <lg id="s20" type="stanza">
        <l id="s20:l1">Of dat gy wilt gehangen zyn,</l>
        <l id="s20:l2">of sterven door het zweird met pyn,</l>
        <l id="s20:l3">daerom wilt haest kiezen met vleyt.</l>
      </lg>
      <lg id="s21" type="stanza">
        <l id="s21:l1">Wel als ik dan kiezen zal,</l>
        <l id="s21:l2">zoo kies ik het zweird voor al,</l>
        <l id="s21:l3">dat is de eerlykste dood in dit geval.</l>
      </lg>
      <lg id="s22" type="stanza">
        <l id="s22:l1">Maer trekt eerst uyt uw beste kleed,</l>
        <l id="s22:l2">daer mogt aen komen eenig leed,</l>
        <l id="s22:l3">want ziet het maegde bloed dat springt zoo vreed.</l>
      </lg>
      <lg id="s23" type="stanza">
        <l id="s23:l1">Maer eer zyn kleed ten halven was,</l>
        <l id="s23:l2">lag zyn hoofd voor zyn voeten ras,</l>
        <l id="s23:l3">en hy had het wel verdiend op dat pas.</l>
      </lg>
      <lg id="s24" type="stanza">
        <l id="s24:l1">Den kop sprak levende noch half,</l>
        <l id="s24:l2">maget ziet daer nevens de galg',</l>
        <l id="s24:l3">daer zult gy vinden eenen pot met zalf.</l>
      </lg>
      <lg id="s25" type="stanza">
        <l id="s25:l1">En strykt die voord aen mynen mond,</l>
        <l id="s25:l2">maer zy riep: sterft valschen grond,</l>
        <l id="s25:l3">en hy gaf zynen geest terstond.</l>
      </lg>
      <lg id="s26" type="stanza">
        <l id="s26:l1">Zy nam het hoofd op g'heel verstoord,</l>
        <l id="s26:l2">en rede op haer peird zoo voord,</l>
        <l id="s26:l3">en liet het lichaem liggen in zyn bloed versmoord.</l>
      </lg>
      <lg id="s27" type="stanza">
        <l id="s27:l1">Als zy kwam half weg de baen,</l>
        <l id="s27:l2">kwam zynen vader daer gegaen:</l>
        <l id="s27:l3">maget hoe mag het met heer Haelewyn gaen.</l>
      </lg>
      <lg id="s28" type="stanza">
        <l id="s28:l1">'K heb hem gelaeten wel gesteld,</l>
        <l id="s28:l2">en voord zit hy daer in het veld,</l>
        <l id="s28:l3">wel met zestien maegden zit hy daer en speeld.</l>
      </lg>
      <lg id="s29" type="stanza">
        <l id="s29:l1">Wat voorder op de zelve baen,</l>
        <l id="s29:l2">kwam daer ook zynen broeder aen,</l>
        <l id="s29:l3">dochter hoe mag het met heer Haelewyn gaen.</l>
      </lg>
      <lg id="s30" type="stanza">
        <l id="s30:l1">Uw broeder is eenen heer vermaerd,</l>
        <l id="s30:l2">zyn konsten heeft hy my verklaerd,</l>
        <l id="s30:l3">en met zestien maegden is hy wel bewaerd,</l>
      </lg>
      <lg id="s31" type="stanza">
        <l id="s31:l1">Dan noch wat voorder op de baen,</l>
        <l id="s31:l2">kwam daer ook zijne zuster aen,</l>
        <l id="s31:l3">om van den buyt en haeren broeder te verstaen.</l>
      </lg>
      <lg id="s32" type="stanza">
        <l id="s32:l1">Hier wat voorder in het veld,</l>
        <l id="s32:l2">daer is uw broeder als een held,</l>
        <l id="s32:l3">aen zestien maegden heb ik hem gelyk gesteld.</l>
      </lg>
      <lg id="s33" type="stanza">
        <l id="s33:l1">Als zy dan noch voorder was,</l>
        <l id="s33:l2">daer kwam zyn moeder alzoo ras,</l>
        <l id="s33:l3">mevrouw is mynen zoon noch wel te pas.</l>
      </lg>
      <lg id="s34" type="stanza">
        <l id="s34:l1">Ik heb van 't leven hem beroofd,</l>
        <l id="s34:l2">in mynen schoot heb ik zyn hoofd;</l>
        <l id="s34:l3">hy is als Holofernes, my gelooft.</l>
      </lg>
      <lg id="s35" type="stanza">
        <l id="s35:l1">De moeder weende heel gestoord:</l>
        <l id="s35:l2">had gy wat eer gezeyd dat woord,</l>
        <l id="s35:l3">gy en had zoo wyd niet geraekt voord.</l>
      </lg>
      <lg id="s36" type="stanza">
        <l id="s36:l1">Gy zyt gelukkig leelyk wyf,</l>
        <l id="s36:l2">dat gy behouden mo(o)gt u lyf;</l>
        <l id="s36:l3">en dat ik u niet maek als uwen zoone styf.</l>
      </lg>
      <lg id="s37" type="stanza">
        <l id="s37:l1">Zy reed dan voord als Judith wys,</l>
        <l id="s37:l2">Zoo recht nae haer vaders paleys,</l>
        <l id="s37:l3">daer zy wierd ingehaeld met eer en prys.</l>
      </lg>
      <lg id="s38" type="stanza">
        <l id="s38:l1">Zy blaest den hoorn bly van zin,</l>
        <l id="s38:l2">met victorie als een heldin,</l>
        <l id="s38:l3">en heel het hof dat onfingt haer in min.</l>
      </lg>
    </lg>
  </text>
</song>