<song>
  <meta>
    <id>16490</id>
    <date>
      <year-start>1903</year-start>
      <year-end>1908</year-end>
    </date>
    <tags />
    <melody>Rijke God hoe is mijn boeltje dus wild</melody>
  <author>Anonymous</author></meta>
  <text>
    <lg type="song">
      <lg id="s1" type="stanza">
        <l id="s1:l1">Helpt nu u self, soo helpt u Godt,</l>
        <l id="s1:l2">wt der tyrannen bant en slot,</l>
        <l id="s1:l3">benaude Nederlanden;</l>
        <l id="s1:l4">ghy draeght den bast al om u strot,</l>
        <l id="s1:l5">rept flucx u vrome handen!</l>
      </lg>
      <lg id="s2" type="stanza">
        <l id="s2:l1">De Spaensche hoochmoet valsch en boos</l>
        <l id="s2:l2">sant u een beudel goddeloos</l>
        <l id="s2:l3">om u godloos te maken;</l>
        <l id="s2:l4">Gods woort rooft hy door menschen gloos,</l>
        <l id="s2:l5">en wilt u 't gelt ontschaken.</l>
      </lg>
      <lg id="s3" type="stanza">
        <l id="s3:l1">Soo neemt hy elck zijn hooghste goet;</l>
        <l id="s3:l2">die 't woort, der sielen voetsel soet,</l>
        <l id="s3:l3">om draf niet willen derven,</l>
        <l id="s3:l4">bekoopent met haer roode bloet,</l>
        <l id="s3:l5">of moeten naeckt gaen swerven.</l>
      </lg>
      <lg id="s4" type="stanza">
        <l id="s4:l1">Maer die zijn hert op Mammon stelt,</l>
        <l id="s4:l2">moet oock ontberen 't lieve gelt,</l>
        <l id="s4:l3">sijn god, zijn vleesch betrouwen,</l>
        <l id="s4:l4">hy eyscht den thienden met gewelt;</l>
        <l id="s4:l5">die 't geeft sal niet behouwen.</l>
      </lg>
      <lg id="s5" type="stanza">
        <l id="s5:l1">Want geeft men dick van thienen een,</l>
        <l id="s5:l2">daer blijft ten lesten een noch geen;</l>
        <l id="s5:l3">wol mach een herder stillen;</l>
        <l id="s5:l4">dees wolf is mot wol noch met melck te vreen,</l>
        <l id="s5:l5">hy wil de schaepkens villen.</l>
      </lg>
      <lg id="s6" type="stanza">
        <l id="s6:l1">Sijn buyck is onversadelijck,</l>
        <l id="s6:l2">bloet en gelt-dorstigh stadelijck,</l>
        <l id="s6:l3">al die, met wreeden moede,</l>
        <l id="s6:l4">'s lants gelt verquist, verradelijck</l>
        <l id="s6:l5">aen conincklijcken bloede.</l>
      </lg>
      <lg id="s7" type="stanza">
        <l id="s7:l1">Verdient dan sulck u huerlinck fel</l>
        <l id="s7:l2">den thienden penninck niet seer wel</l>
        <l id="s7:l3">om 't Nederlandt te schinden?</l>
        <l id="s7:l4">Geeft ghy hem die, soo maeckt ghy snel</l>
        <l id="s7:l5">den bant om u te binden.</l>
      </lg>
      <lg id="s8" type="stanza">
        <l id="s8:l1">O Nederlandt, ghy zijt belaen,</l>
        <l id="s8:l2">doodt ende leven voor u staen:</l>
        <l id="s8:l3">dient den tyran van Spangien,</l>
        <l id="s8:l4">of volght, om hem te wederstaen,</l>
        <l id="s8:l5">den Prince van Orangien.</l>
      </lg>
      <lg id="s9" type="stanza">
        <l id="s9:l1">Helpt den herder die voor u strijt,</l>
        <l id="s9:l2">of helpt den wolf die u verbijt;</l>
        <l id="s9:l3">weest niet meer neutralisten;</l>
        <l id="s9:l4">vernielt den tyran, 't is meer dan tijdt,</l>
        <l id="s9:l5">met al zijn tyrannisten.</l>
      </lg>
    </lg>
  </text>
</song>