<song>
  <meta>
    <id>16508</id>
    <date>
      <year-start>1903</year-start>
      <year-end>1908</year-end>
    </date>
    <tags />
    <melody>Veni creator spiritus</melody>
  <author>Anonymous</author></meta>
  <text>
    <lg type="song">
      <lg id="s1" type="stanza">
        <l id="s1:l1">Herders, brengt melk en soetigheyd;</l>
        <l id="s1:l2">den lieve Jesus legt en schreyt;</l>
        <l id="s1:l3">hangt uwen lankrock voor de wind,</l>
        <l id="s1:l4">den voedstervader sorgt voor 't kind.</l>
      </lg>
      <lg id="s2" type="stanza">
        <l id="s2:l1">Maria geeft hem suykerpap,</l>
        <l id="s2:l2">en Joseph brengt den windelap;</l>
        <l id="s2:l3">den lieven Jesus kryt van dorst,</l>
        <l id="s2:l4">zyn moeder geeft hem haere borst.</l>
      </lg>
      <lg id="s3" type="stanza">
        <l id="s3:l1">De logt vol schoone engels vliegt,</l>
        <l id="s3:l2">een engel met Maria wiegt,</l>
        <l id="s3:l3">daer Joseph werckt den heele nacht</l>
        <l id="s3:l4">en wascht de luyers in den gracht.</l>
      </lg>
      <lg id="s4" type="stanza">
        <l id="s4:l1">Nu maekt hy vier, dan raept hy hout,</l>
        <l id="s4:l2">want met den winter is het kout;</l>
        <l id="s4:l3">maer Joseph die was heel verblyd,</l>
        <l id="s4:l4">om dat het kind niet meer en kryt.</l>
      </lg>
      <lg id="s5" type="stanza">
        <l id="s5:l1">Slaept Jesus, slaept Emmanuel,</l>
        <l id="s5:l2">slaept grooten prins van Isra&#235;l;</l>
        <l id="s5:l3">duyst en duyst zielen zyn verblyd</l>
        <l id="s5:l4">om dat gy nu gebooren zyt.</l>
      </lg>
      <lg id="s6" type="stanza">
        <l id="s6:l1">Den goeden God in d'hemelpoort</l>
        <l id="s6:l2">en is op ons niet meer gestoort,</l>
        <l id="s6:l3">want Jesus brengt den olyf me&#234;,</l>
        <l id="s6:l4">het kind dat brengt ons peys en vre&#234;.</l>
      </lg>
      <lg id="s7" type="stanza">
        <l id="s7:l1">Zoo Maria haer heylig kind</l>
        <l id="s7:l2">voor 't vier in versche doeken wind,</l>
        <l id="s7:l3">zyn handen speelen hier en daer</l>
        <l id="s7:l4">van haere borst tot in haer hayr.</l>
      </lg>
      <lg id="s8" type="stanza">
        <l id="s8:l1">Uyt Jesus wesen vloeyt een soet,</l>
        <l id="s8:l2">een soet dat myn ziel leven doet;</l>
        <l id="s8:l3">segge ik nog Bethleem, ik mis,</l>
        <l id="s8:l4">want nu den stal een hemel is.</l>
      </lg>
    </lg>
  </text>
</song>