<song>
  <meta>
    <id>16510</id>
    <date>
      <year-start>1903</year-start>
      <year-end>1908</year-end>
    </date>
    <tags />
    <melody>Phoebus is lang over de zee</melody>
  <author>Anonymous</author></meta>
  <text>
    <lg type="song">
      <lg id="s1" type="stanza">
        <l id="s1:l1">Herderskind, het geeft my vreemt</l>
        <l id="s1:l2">door 't verloopen van u jaren,</l>
        <l id="s1:l3">dat gy niet een vryer neemt</l>
        <l id="s1:l4">om u schaapjes te bewaren;</l>
        <l id="s1:l5">och! of ik u krijgen kon:</l>
        <l id="s1:l6">'k wed, mijn overschoone son</l>
        <l id="s1:l7">geen trouwer dienaar von.</l>
      </lg>
      <lg id="s2" type="stanza">
        <l id="s2:l1">'s Morgens soud ik met de schop</l>
        <l id="s2:l2">'t vuilnis van u stal op rapen;</l>
        <l id="s2:l3">'s avonds soud ick passen op,</l>
        <l id="s2:l4">water pompen voor u schapen;</l>
        <l id="s2:l5">'k souw mijn vlijd en yver doen</l>
        <l id="s2:l6">om u schaapjes teer te voen,</l>
        <l id="s2:l7">meer als gy soud vermoen.</l>
      </lg>
      <lg id="s3" type="stanza">
        <l id="s3:l1">'k Souse voeren dat u lust</l>
        <l id="s3:l2">met de beste koek en boonen,</l>
        <l id="s3:l3">'s morgens als gy lag tot rust,</l>
        <l id="s3:l4">soud' ik die met stroo verschoonen,</l>
        <l id="s3:l5">passen op dat ik de koy</l>
        <l id="s3:l6">suyver maak van stinkend hoy,</l>
        <l id="s3:l7">en weer met stroo bestroy.</l>
      </lg>
      <lg id="s4" type="stanza">
        <l id="s4:l1">Vorders, wat het huys belangt,</l>
        <l id="s4:l2">sal ik vloer en solder vegen,</l>
        <l id="s4:l3">maken dat gy my bedankt:</l>
        <l id="s4:l4">stoken 't vyer en d'as uitdregen;</l>
        <l id="s4:l5">'k sou mijn winst wel nemen waar,</l>
        <l id="s4:l6">niet een pintje hier of daar</l>
        <l id="s4:l7">verteeren in een jaar.</l>
      </lg>
      <lg id="s5" type="stanza">
        <l id="s5:l1">So gy siek of sugtig werd</l>
        <l id="s5:l2">sal ik om een doctoor loopen;</l>
        <l id="s5:l3">tot verligting van u smert,</l>
        <l id="s5:l4">sal ik wijn en suyker koopen;</l>
        <l id="s5:l5">krijgje een kind, dat sal ik mee</l>
        <l id="s5:l6">dragen, als wy buyten stee</l>
        <l id="s5:l7">wandelen met ons twee.</l>
      </lg>
      <lg id="s6" type="stanza">
        <l id="s6:l1">'k Heb, mijn vrijster, dat je 't wist,</l>
        <l id="s6:l2">nog veel raar en schoon juweelen,</l>
        <l id="s6:l3">met een pot-stuk in mijn kist;</l>
        <l id="s6:l4">'k heb nog van dat ik liep speelen,</l>
        <l id="s6:l5">twintig pond of daar ontrent,</l>
        <l id="s6:l6">alle jaar tot eene rent</l>
        <l id="s6:l7">van Besjes testament.</l>
      </lg>
      <lg id="s7" type="stanza">
        <l id="s7:l1">'k Hebje nu genoeg geseyd,</l>
        <l id="s7:l2">wilje nu so moetje spreeken;</l>
        <l id="s7:l3">segtme nu in 't kort bescheyd,</l>
        <l id="s7:l4">of ik laat het vryen steeken;</l>
        <l id="s7:l5">soje u niet kort beraad</l>
        <l id="s7:l6">dat je my de koop toe slaat,</l>
        <l id="s7:l7">denkt vry dat ik je laat.</l>
      </lg>
    </lg>
  </text>
</song>