<song>
  <meta>
    <id>16531</id>
    <date>
      <year-start>1903</year-start>
      <year-end>1908</year-end>
    </date>
    <tags />
    <melody />
  <author>Anonymous</author></meta>
  <text>
    <lg type="song">
      <lg id="s1" type="stanza">
        <l id="s1:l1">Een boerman had een domme sin,</l>
        <l id="s1:l2">daer op schafte hy sijn ghewin.</l>
        <l id="s1:l3">Het voer een boer uyt weye:</l>
        <l id="s1:l4">hy brocht sijn heer een voeder hoy,</l>
        <l id="s1:l5">sijn vrou de koele meye.</l>
      </lg>
      <lg id="s2" type="stanza">
        <l id="s2:l1">De boerman op de hove tradt,</l>
        <l id="s2:l2">de vrou op hooger tinnen lach,</l>
        <l id="s2:l3">sy lach op hoogher saele:</l>
        <l id="s2:l4">&#8216;mocht ick een korten wijl by u sijn,</l>
        <l id="s2:l5">ick gaf u mijn ros, mijn waghen.&#8217;</l>
      </lg>
      <lg id="s3" type="stanza">
        <l id="s3:l1">De vrou de reden soo haest vernam,</l>
        <l id="s3:l2">sy liet den boerman comen aen,</l>
        <l id="s3:l3">soo heymelijck en stille;</l>
        <l id="s3:l4">in een kleyn duyster kamerkijn,</l>
        <l id="s3:l5">daer deede sy twee haer wille.</l>
      </lg>
      <lg id="s4" type="stanza">
        <l id="s4:l1">Doen hy sijn willetgen hadde ghedaen,</l>
        <l id="s4:l2">den boer most vande kamer gaen,</l>
        <l id="s4:l3">en hy bestont te klaghen:</l>
        <l id="s4:l4">&#8216;ick segh dat het een als het ander is;</l>
        <l id="s4:l5">mijn rouwt mijn ros, mijn waghen.&#8217;</l>
      </lg>
      <lg id="s5" type="stanza">
        <l id="s5:l1">De heer quam van der jacht ghereen,</l>
        <l id="s5:l2">hy hoorde den boerman klaghen seer,</l>
        <l id="s5:l3">hy hoorde den boerman klaghen:</l>
        <l id="s5:l4">&#8216;ghy segt dat het een als het ander is;</l>
        <l id="s5:l5">de waerheyt wilt mijn ghewaghen.&#8217;</l>
      </lg>
      <lg id="s6" type="stanza">
        <l id="s6:l1">Den boer had haest een looghen bedocht:</l>
        <l id="s6:l2">&#8216;ick had een voederken houts gebrocht,</l>
        <l id="s6:l3">daer was een krom hout onder;</l>
        <l id="s6:l4">ick segh dat het krom als rechte brandt</l>
        <l id="s6:l5">alst by de vier can comen.</l>
      </lg>
      <lg id="s7" type="stanza">
        <l id="s7:l1">&#8216;Hierom was u vrou op mijn soo gram,</l>
        <l id="s7:l2">dat sy mijn ros mijn waghen nam,</l>
        <l id="s7:l3">om sulcke kleyne schulde;</l>
        <l id="s7:l4">ick bid u, lieve heere mijn,</l>
        <l id="s7:l5">verwerft mijn u vrou haer gulde.&#8217;</l>
      </lg>
      <lg id="s8" type="stanza">
        <l id="s8:l1">De heer ginck voor sijn vrouwe staen:</l>
        <l id="s8:l2">&#8216;wat heeft u den schamelen boer ghedaen,</l>
        <l id="s8:l3">schaemt ghy u niet de sonde?</l>
        <l id="s8:l4">gheeft hem sijn ros sijn waghen weer,</l>
        <l id="s8:l5">laet hem varen tot sijn kinderen.</l>
      </lg>
      <lg id="s9" type="stanza">
        <l id="s9:l1">&#8216;Rijt heene, rijt heene, goet boerman mijn,</l>
        <l id="s9:l2">het eerste sal u vergeven sijn,</l>
        <l id="s9:l3">rijdt heene dijnder straten;</l>
        <l id="s9:l4">en komt soo weder als ghy meucht,</l>
        <l id="s9:l5">brenght ons dat krom hout vaecke.&#8217;</l>
      </lg>
      <lg id="s10" type="stanza">
        <l id="s10:l1">Den boerman over der heyde reedt,</l>
        <l id="s10:l2">hy hief op en sanck een liedt,</l>
        <l id="s10:l3">hy sanck met luyder keele:</l>
        <l id="s10:l4">&#8216;ick heb mijn krom houd wel verkoft</l>
        <l id="s10:l5">en al tot myne wille.&#8217;</l>
      </lg>
    </lg>
  </text>
</song>