<song>
  <meta>
    <id>16548</id>
    <date>
      <year-start>1903</year-start>
      <year-end>1908</year-end>
    </date>
    <tags />
    <melody />
  <author>Anonymous</author></meta>
  <text>
    <lg type="song">
      <lg id="s1" type="stanza">
        <l id="s1:l1">Het meisje al over de vallebrug reed,</l>
        <l id="s1:l2">het buideltje van haar zijde gleed,</l>
        <l id="s1:l3">het zonk al na den gronde;</l>
        <l id="s1:l4">met een kwam daar een ruiter aan,</l>
        <l id="s1:l5">hij viste 't in korte stonde.</l>
      </lg>
      <lg id="s2" type="stanza">
        <l id="s2:l1">Toen zij haar buideltje weder zag,</l>
        <l id="s2:l2">van haar leven zag zij nooit droeviger</l>
        <l id="s2:l3">aldaar stond in geschreven: dag,</l>
        <l id="s2:l4">&#8216;al wie verholen liefde draagt,</l>
        <l id="s2:l5">moet zeven jaar lazerus wezen.&#8217;</l>
      </lg>
      <lg id="s3" type="stanza">
        <l id="s3:l1">Z' wist niet wat ze doen of laten most:</l>
        <l id="s3:l2">zij nam een mes en kwetste haar borst,</l>
        <l id="s3:l3">en zij ging het haar vader toonen:</l>
        <l id="s3:l4">&#8216;ik ben er met lazerij besmet,</l>
        <l id="s3:l5">komt, ziet hier voor uwe oogen!&#8217;</l>
      </lg>
      <lg id="s4" type="stanza">
        <l id="s4:l1">- &#8216;Wel, dochter, zoudt gij lazerus zijn?</l>
        <l id="s4:l2">gij bent er de liefste dochter van mijn,</l>
        <l id="s4:l3">gij bent er zoo schoon jonkvrouwe!</l>
        <l id="s4:l4">al kwam er een koningszoontje om u,</l>
        <l id="s4:l5">hij zouje wel mogen trouwen.&#8217;</l>
      </lg>
      <lg id="s5" type="stanza">
        <l id="s5:l1">- &#8216;O vader, laat maken een huisje koen</l>
        <l id="s5:l2">van distel, doornen, lelien groen,</l>
        <l id="s5:l3">en huurt er mij eenen gezellen,</l>
        <l id="s5:l4">die dagelijks mijn willetje doe</l>
        <l id="s5:l5">en klinke de lazerus belle.&#8217;</l>
      </lg>
      <lg id="s6" type="stanza">
        <l id="s6:l1">Het napje in haar regterhand</l>
        <l id="s6:l2">en het klapje in haar slinkerhand,</l>
        <l id="s6:l3">en zij ging over 's heeren straten:</l>
        <l id="s6:l4">&#8216;ach, geeft er den arme lazerus wat,</l>
        <l id="s6:l5">doet werk van caritaten!&#8217;</l>
      </lg>
      <lg id="s7" type="stanza">
        <l id="s7:l1">- &#8216;Wat caritaten zou ik u doen?&#8217;</l>
        <l id="s7:l2">- &#8216;Ik heb er geen koussen ofte schoen</l>
        <l id="s7:l3">en in zeven jaar niet gedragen,</l>
        <l id="s7:l4">toch word ik er een mooi meisje toe</l>
        <l id="s7:l5">bij een fonteintje gedwagen.&#8217;</l>
      </lg>
      <lg id="s8" type="stanza">
        <l id="s8:l1">Zij wiesch haar handen en droogde ze schoon,</l>
        <l id="s8:l2">en leide ze op zijn zadel ten toon;</l>
        <l id="s8:l3">aan haar ringen kon hij ze kennen,</l>
        <l id="s8:l4">als dat zij hetzelfde magetje was,</l>
        <l id="s8:l5">dat hij plagt te beminnen.</l>
      </lg>
      <lg id="s9" type="stanza">
        <l id="s9:l1">Hij had er het schoon kind lief en waard,</l>
        <l id="s9:l2">en hij zette ze voor hem op het paard,</l>
        <l id="s9:l3">en met een zoo ging hij rijden;</l>
        <l id="s9:l4">hij trok haar lazerus kleederen uit</l>
        <l id="s9:l5">en hij kleedde ze in witte zijde.</l>
      </lg>
      <lg id="s10" type="stanza">
        <l id="s10:l1">&#8216;Adieu vader en moeder mijn,</l>
        <l id="s10:l2">adieu zuster en broederlijn,</l>
        <l id="s10:l3">adieu mijn vriendetjes allen!</l>
        <l id="s10:l4">ik dank den God van 't hemelrijk,</l>
        <l id="s10:l5">dat de lazerij is vervallen.&#8217;</l>
      </lg>
    </lg>
  </text>
</song>