<song>
  <meta>
    <id>16566</id>
    <date>
      <year-start>1903</year-start>
      <year-end>1908</year-end>
    </date>
    <tags />
    <melody>Er zou eens een jager uit jagen gaan</melody>
  <author>Anonymous</author></meta>
  <text>
    <lg type="song">
      <lg id="s1" type="stanza">
        <l id="s1:l1">Het saut ien j&#226;eger to't j&#226;egen g&#226;en,</l>
        <l id="s1:l2">met seinen hond allien.</l>
        <l id="s1:l3">Er fand'ere noeit te j&#226;egen</l>
        <l id="s1:l4">als ien m&#228;deken skooner m&#226;ege,</l>
        <l id="s1:l5">sei was muoi &#226;enged&#226;en.</l>
      </lg>
      <lg id="s2" type="stanza">
        <l id="s2:l1">&#8216;Muoi m&#228;deken skoon, wat duetscher jei hier,</l>
        <l id="s2:l2">wat duetscher jei hier allien?</l>
        <l id="s2:l3">K&#246;nnt ick'er iens bei ju sl&#226;epen,</l>
        <l id="s2:l4">klein kindjen wollt ick'er ju m&#226;eken;</l>
        <l id="s2:l5">gen&#234;sen saut alle mein pein.&#8217;</l>
      </lg>
      <lg id="s3" type="stanza">
        <l id="s3:l1">- &#8216;Om bei mei te sl&#226;epen, dat kann j&#226;e well sein,&#8217;</l>
        <l id="s3:l2">sprak diese muoi m&#226;eget allien,</l>
        <l id="s3:l3">&#8216;kommt awond en hintsche nachte,</l>
        <l id="s3:l4">dann werd'er ick ju erwachten,</l>
        <l id="s3:l5">dann werd ick ju l&#226;eten inn.&#8217;</l>
      </lg>
    </lg>
  </text>
</song>