<song>
  <meta>
    <id>16596</id>
    <date>
      <year-start>1903</year-start>
      <year-end>1908</year-end>
    </date>
    <tags />
    <melody>Ik minde eens konings zoon</melody>
  <author>Anonymous</author></meta>
  <text>
    <lg type="song">
      <lg id="s1" type="stanza">
        <l id="s1:l1">Het voer een ridder iagen,</l>
        <l id="s1:l2">iagen aen dat wout,</l>
        <l id="s1:l3">hy en vanter niet te iagen</l>
        <l id="s1:l4">dan twee schone maechden,</l>
        <l id="s1:l5">sy waren van dagen niet out.</l>
      </lg>
      <lg id="s2" type="stanza">
        <l id="s2:l1">Hy seyde: &#8216;God gruet u, maechdeken,</l>
        <l id="s2:l2">een meysken will gedaen,</l>
        <l id="s2:l3">dye scoenste van u beyden</l>
        <l id="s2:l4">sall ick mit my leyden:</l>
        <l id="s2:l5">wildi mit my gaen.&#8217;</l>
      </lg>
      <lg id="s3" type="stanza">
        <l id="s3:l1">Hy nam dat meysken bijder hant,</l>
        <l id="s3:l2">hy steldese op zyn pert,</l>
        <l id="s3:l3">hy vuerdense alzo verre,</l>
        <l id="s3:l4">bysyden dye avontsterre,</l>
        <l id="s3:l5">daer hoghe berghen staen.</l>
      </lg>
      <lg id="s4" type="stanza">
        <l id="s4:l1">Als hy ten hoghen berghe quam -</l>
        <l id="s4:l2">het was een edel man -</l>
        <l id="s4:l3">hoghe dede hi hem setten,</l>
        <l id="s4:l4">een bed dede hi hem decken;</l>
        <l id="s4:l5">den slaep die hem verwan.</l>
      </lg>
      <lg id="s5" type="stanza">
        <l id="s5:l1">Tsnachts, omtrent der middernacht,</l>
        <l id="s5:l2">ontspranck dat mechdeken:</l>
        <l id="s5:l3">&#8216;staet op, ghi ridder boude,</l>
        <l id="s5:l4">vaert iagen inden woude,</l>
        <l id="s5:l5">dye voegelen wecken my.&#8217;</l>
      </lg>
      <lg id="s6" type="stanza">
        <l id="s6:l1">- &#8216;Ten is zoe na den daghe nyet,</l>
        <l id="s6:l2">het is dye maneschyn,</l>
        <l id="s6:l3">kert u, lieveken, omme,</l>
        <l id="s6:l4">mit uwen roder monde,</l>
        <l id="s6:l5">ende spreket tsegen my!&#8217;</l>
      </lg>
      <lg id="s7" type="stanza">
        <l id="s7:l1">- &#8216;Dat en doen ic niet, dat laet ic staen,</l>
        <l id="s7:l2">dat en doen ic zeker niet,</l>
        <l id="s7:l3">ind ic zal gaen ter heyden</l>
        <l id="s7:l4">myn gespelen ontbeyden,</l>
        <l id="s7:l5">ind daer zal ic een ander zien.</l>
      </lg>
      <lg id="s8" type="stanza">
        <l id="s8:l1">&#8216;Gespeelken, lieve gespeelken goet,</l>
        <l id="s8:l2">ic come tot u om raet,</l>
        <l id="s8:l3">my heeft een ridder beslapen,</l>
        <l id="s8:l4">hy heeft my maecht gelaten:</l>
        <l id="s8:l5">wat my te doene staet?&#8217;</l>
      </lg>
      <lg id="s9" type="stanza">
        <l id="s9:l1">- &#8216;Gespeelken, lieve gespeelken goet,</l>
        <l id="s9:l2">ic zal u geven raet:</l>
        <l id="s9:l3">ghy sult gaen ter linden,</l>
        <l id="s9:l4">dat geele haer op binden,</l>
        <l id="s9:l5">dat mechdekens wille staet.&#8217;</l>
      </lg>
      <lg id="s10" type="stanza">
        <l id="s10:l1">- &#8216;Dat en doen ic niet, dat laet ic staen,</l>
        <l id="s10:l2">dat en doen ic seker nyet,</l>
        <l id="s10:l3">ic zalt oock laten hangen,</l>
        <l id="s10:l4">den ruyter tzynder scanden,</l>
        <l id="s10:l5">dat hy my mechdeken liet.&#8217;</l>
      </lg>
      <lg id="s11" type="stanza">
        <l id="s11:l1">&#8216;Gespeelken, lieve gespeelken goet,</l>
        <l id="s11:l2">leent my uwen man</l>
        <l id="s11:l3">eene corte wyle</l>
        <l id="s11:l4">heymelijc met hem te zyne,</l>
        <l id="s11:l5">om te weten wat hy can.&#8217;</l>
      </lg>
      <lg id="s12" type="stanza">
        <l id="s12:l1">- &#8216;Dat en doen ic niet, dat laet ic staen,</l>
        <l id="s12:l2">dat en doen ic waerlijcks nyet,</l>
        <l id="s12:l3">al lage ic op myn doede,</l>
        <l id="s12:l4">nochtans soe sterve ic noede,</l>
        <l id="s12:l5">myns mans en crijchdy nyet.&#8217;</l>
      </lg>
      <lg id="s13" type="stanza">
        <l id="s13:l1">Het saut ien j&#226;eger to't j&#226;egen g&#226;en,</l>
        <l id="s13:l2">to't j&#226;egen so saut' er hei g&#226;en,</l>
        <l id="s13:l3">en hei fand'ere noeit te j&#226;egen,</l>
        <l id="s13:l4">als drei m&#228;dekens, g&#226;er skoone m&#226;egde;</l>
        <l id="s13:l5">m&#226;er de jongste van de drei dat was sein lief.</l>
      </lg>
      <lg id="s14" type="stanza">
        <l id="s14:l1">&#8216;G&#251;eden dag,&#8217; segget hei, &#8216;g&#251;eden avond alle drei,</l>
        <l id="s14:l2">m&#226;er de jongste die m&#251;et met mei g&#226;en,</l>
        <l id="s14:l3">ick will haer so ferr geleiden,</l>
        <l id="s14:l4">felde, bossen en de grune weide,</l>
        <l id="s14:l5">w&#226;er die mooi blauw bl&#251;emekens st&#226;en.&#8217;</l>
      </lg>
      <lg id="s15" type="stanza">
        <l id="s15:l1">M&#226;er 't nachts, m&#226;er 't nachts, het was het middel van de nacht,</l>
        <l id="s15:l2">dat sei met den j&#226;eger sprak,</l>
        <l id="s15:l3">&#8216;st&#226;eget op, j&#226;egere van ieren,</l>
        <l id="s15:l4">'t is den klaren dag die ons verieret;</l>
        <l id="s15:l5">st&#226;eget op, den klaren dag is d&#226;er.&#8217;</l>
      </lg>
      <lg id="s16" type="stanza">
        <l id="s16:l1">- &#8216;Het is 'er j&#226;e voorw&#226;er den klaren dag noch niet,</l>
        <l id="s16:l2">het is'er j&#226;e den m&#226;endenskein;</l>
        <l id="s16:l3">kier dein hoofdjen noch iensch umme,</l>
        <l id="s16:l4">mein allerskoonste bl&#251;eme,</l>
        <l id="s16:l5">en spreck noch ien woordeken met mei.&#8217;</l>
      </lg>
      <lg id="s17" type="stanza">
        <l id="s17:l1">M&#226;er 't morgens fr&#251;eg het word'ere klaren dag,</l>
        <l id="s17:l2">het m&#226;esken to haer s&#252;stern sprak:</l>
        <l id="s17:l3">&#8216;en all hebb ick bei den j&#226;eger gesl&#226;epen,</l>
        <l id="s17:l4">en hei het'er mei noch m&#226;eget gel&#226;eten,</l>
        <l id="s17:l5">j&#226;e gel&#226;eten geleik ick was.&#8217;</l>
      </lg>
      <lg id="s18" type="stanza">
        <l id="s18:l1">&#8216;En hebb ick'er jei noch m&#226;eget gel&#226;eten,</l>
        <l id="s18:l2">so is het mein eigen willen gewest;</l>
        <l id="s18:l3">jei seit noch so jong en ziere,</l>
        <l id="s18:l4">jei skoon m&#228;deken, bew&#226;ert juwe iere,</l>
        <l id="s18:l5">want jei sullt mein hoeisfrauw sein.&#8217;</l>
      </lg>
    </lg>
  </text>
</song>