<song>
  <meta>
    <id>16633</id>
    <date>
      <year-start>1903</year-start>
      <year-end>1908</year-end>
    </date>
    <tags />
    <melody>Het was op een avond laat</melody>
  <author>Anonymous</author></meta>
  <text>
    <lg type="song">
      <lg id="s1" type="stanza">
        <l id="s1:l1">Het was op eenen avond laet,</l>
        <l id="s1:l2">dat ik gong wandelen al langs de straet;</l>
        <l id="s1:l3">en de maen die scheen er zoo duister,</l>
        <l id="s1:l4">jae, jae, jae duister,</l>
        <l id="s1:l5">dat ik schier geen sterreken en zag.</l>
      </lg>
      <lg id="s2" type="stanza">
        <l id="s2:l1">&#8216;Och doeget open, myn engelin,</l>
        <l id="s2:l2">och doeget op, laet uwen minnaer in!</l>
        <l id="s2:l3">Ik heb hier zoo lang staen wachten,</l>
        <l id="s2:l4">jae, jae, jae wachten,</l>
        <l id="s2:l5">dat ik schier vervroren ben.&#8217;</l>
      </lg>
      <lg id="s3" type="stanza">
        <l id="s3:l1">&#8216;Ik doen er voorwaer niet op,</l>
        <l id="s3:l2">ik en laet er geenen minnaer in;</l>
        <l id="s3:l3">gy moest er my dan ook zeggen,</l>
        <l id="s3:l4">jae, jae, jae zeggen,</l>
        <l id="s3:l5">of gy my bemint alleen.&#8217;</l>
      </lg>
      <lg id="s4" type="stanza">
        <l id="s4:l1">- &#8216;Ik bemin u maer alleen,</l>
        <l id="s4:l2">zoete lieveken, ook anders geen.</l>
        <l id="s4:l3">Ik heb hier zoo lang staen wachten,</l>
        <l id="s4:l4">jae, jae, jae wachten,</l>
        <l id="s4:l5">dat ik schier vervroren ben.&#8217;</l>
      </lg>
      <lg id="s5" type="stanza">
        <l id="s5:l1">Maer 's nachts, te midden van de nacht,</l>
        <l id="s5:l2">op haer slaepvensterken quam haer een slag,</l>
        <l id="s5:l3">en de moejer die dat hoorde,</l>
        <l id="s5:l4">jae, jae, jae hoorde:</l>
        <l id="s5:l5">&#8216;lieve dochter, wat is dat?&#8217;</l>
      </lg>
      <lg id="s6" type="stanza">
        <l id="s6:l1">&#8216;Moejer, 't is dat katjen klein,</l>
        <l id="s6:l2">dat daer speelt met het muiselyn,</l>
        <l id="s6:l3">en de muis die is er gevangen,</l>
        <l id="s6:l4">jae, jae, jae gevangen,</l>
        <l id="s6:l5">en zy heeft er recht moeite gekost.&#8217;</l>
      </lg>
    </lg>
  </text>
</song>