<song>
  <meta>
    <id>16641</id>
    <date>
      <year-start>1903</year-start>
      <year-end>1908</year-end>
    </date>
    <tags />
    <melody>Het windje dat uit de oosten waait</melody>
  <author>Anonymous</author></meta>
  <text>
    <lg type="song">
      <lg id="s1" type="stanza">
        <l id="s1:l1">Het windetje die uyt den Oosten waeyt,</l>
        <l id="s1:l2">lief, en waeyt niet ten allen tyde.</l>
        <l id="s1:l3">Als ik in myn zoete liefs armen lag,</l>
        <l id="s1:l4">het wasser zoo bedroeft om te scheyden;</l>
        <l id="s1:l5">liefste wonder, eenling zoet,</l>
        <l id="s1:l6">het wasser zoo bedroeft om te scheyden.</l>
      </lg>
      <lg id="s2" type="stanza">
        <l id="s2:l1">'s Nachts, het was omtrent de middernacht,</l>
        <l id="s2:l2">ik ging kloppen aen myn zoete liefs deure:</l>
        <l id="s2:l3">&#8216;slaept gy of waekt gy, myn overzoete lief,</l>
        <l id="s2:l4">staet op, en later my toch binnen.</l>
        <l id="s2:l5">Liefste wonder, eenling zoet,</l>
        <l id="s2:l6">my denkt dat ik hoore uw stemme.&#8217;</l>
      </lg>
      <lg id="s3" type="stanza">
        <l id="s3:l1">- &#8216;'k En slape, noch 'k en wake niet vast,</l>
        <l id="s3:l2">noch 'k en lig in geen zware droomen;</l>
        <l id="s3:l3">gy zoude veel beter naer huys toe gaen,</l>
        <l id="s3:l4">naer huys al om te gaen slapen,</l>
        <l id="s3:l5">liefste wonder, eenling zoet,</l>
        <l id="s3:l6">want ik en zal n niet binnen laten.&#8217;</l>
      </lg>
      <lg id="s4" type="stanza">
        <l id="s4:l1">- &#8216;Staet er een ander lief in 't hert van u,</l>
        <l id="s4:l2">en wordt ik dan door u versteken?</l>
        <l id="s4:l3">Dat gy maer wiste wat ween het my doet,</l>
        <l id="s4:l4">ik zoude het zoo dikwyls verweten.</l>
        <l id="s4:l5">Liefste wonder, eenling zoet,</l>
        <l id="s4:l6">ik heb menig tyd voor u versleten.&#8217;</l>
      </lg>
      <lg id="s5" type="stanza">
        <l id="s5:l1">- &#8216;Jongman, schepter moed ende bloed,</l>
        <l id="s5:l2">'t is een matroos zeer jong van jaren;</l>
        <l id="s5:l3">hy ligter te Rotterdam op de ree,</l>
        <l id="s5:l4">naer staet moet hy gaen varen,</l>
        <l id="s5:l5">liefste wonder, eenling zoet,</l>
        <l id="s5:l6">en zyn jong hertje die leeft in bezwaren.&#8217;</l>
      </lg>
      <lg id="s6" type="stanza">
        <l id="s6:l1">Die dit liedeken heeft gedicht,</l>
        <l id="s6:l2">'t is een zeeman, jong van jaren;</l>
        <l id="s6:l3">en als de liefde van een komen moet,</l>
        <l id="s6:l4">het is zoo zwaer om te dragen,</l>
        <l id="s6:l5">liefste wonder, eenling zoet,</l>
        <l id="s6:l6">ja, het is zoo zwaer om te dragen.</l>
      </lg>
      <lg id="s7" type="stanza">
        <l id="s7:l1">Het windje dat uyt den Oosten waayd,</l>
        <l id="s7:l2">dat waayd tot allen tyen,</l>
        <l id="s7:l3">al die daar in zijn liefs armen leyd,</l>
        <l id="s7:l4">die mag hem wel verblyen,</l>
        <l id="s7:l5">lief mondelijn-rood,</l>
        <l id="s7:l6">die hoeft 'er niet meer te vryen.</l>
      </lg>
      <lg id="s8" type="stanza">
        <l id="s8:l1">Hy ging 'er voor zijn liefs venstertje staan,</l>
        <l id="s8:l2">met een zo droeve zinne:</l>
        <l id="s8:l3">&#8216;slaapt gy der of waakt gy, mijn zoete lief;</l>
        <l id="s8:l4">staat op en laat mijn inne,</l>
        <l id="s8:l5">lief mondelijn-rood,</l>
        <l id="s8:l6">en my dunkt ik hoor jou stemme.&#8217;</l>
      </lg>
      <lg id="s9" type="stanza">
        <l id="s9:l1">'t Meysjen uyt haar slaap ontsprong:</l>
        <l id="s9:l2">&#8216;wie klopt hier alzo laate?</l>
        <l id="s9:l3">gy meugt wel weder na huys toe gaan,</l>
        <l id="s9:l4">gaat t'huys wat legge slape,</l>
        <l id="s9:l5">lief mondelijn-rood,</l>
        <l id="s9:l6">ik zal der u niet in laate.&#8217;</l>
      </lg>
      <lg id="s10" type="stanza">
        <l id="s10:l1">- &#8216;Staat daar een ander in u hert geprent,</l>
        <l id="s10:l2">van de min word ik gesmeeten;</l>
        <l id="s10:l3">mogt ik weeten wie dat 't my doet,</l>
        <l id="s10:l4">'t word mijn dikmaals verweeten,</l>
        <l id="s10:l5">lief mondelijn-rood,</l>
        <l id="s10:l6">wat hebben wy een tijd versleeten.&#8217;</l>
      </lg>
      <lg id="s11" type="stanza">
        <l id="s11:l1">Zy zey: &#8216;jonkman houd goede moed,</l>
        <l id="s11:l2">kiest een ander jonk van jaaren,</l>
        <l id="s11:l3">als de liefde van een kant komen moet,</l>
        <l id="s11:l4">zo vald het zwaar te dragen,</l>
        <l id="s11:l5">lief mondelijn-rood,</l>
        <l id="s11:l6">mogt ik vangen dat ik jagen.&#8217;</l>
      </lg>
      <lg id="s12" type="stanza">
        <l id="s12:l1">- &#8216;Dat gy jaagt en dat vangt gy wel,</l>
        <l id="s12:l2">lief, en wild daarom niet treuren,</l>
        <l id="s12:l3">al waaren wy duyzend mijlen van een,</l>
        <l id="s12:l4">dat Godt voegt zal gebeuren,</l>
        <l id="s12:l5">lief mondelijn-rood,</l>
        <l id="s12:l6">laaten wy daarom niet treuren.&#8217;</l>
      </lg>
    </lg>
  </text>
</song>