<song>
  <meta>
    <id>16664</id>
    <date>
      <year-start>1903</year-start>
      <year-end>1908</year-end>
    </date>
    <tags />
    <melody />
  <author>Anonymous</author></meta>
  <text>
    <lg type="song">
      <lg id="s1" type="stanza">
        <l id="s1:l1">Hier treden wij, Heere, met onze sterre,</l>
        <l id="s1:l2">wij zoeken Heer Jesus, wij hadden hem gerre.</l>
      </lg>
      <lg id="s2" type="stanza">
        <l id="s2:l1">Wij klopten al aan Herodes zijn deur,</l>
        <l id="s2:l2">Herodes, de koning, kwam zelvers veur.</l>
      </lg>
      <lg id="s3" type="stanza">
        <l id="s3:l1">Hij sprak er al met een valscher hart:</l>
        <l id="s3:l2">&#8216;hoe ziet er de jongste van drie&#235;n zoo zwart?&#8217;</l>
      </lg>
      <lg id="s4" type="stanza">
        <l id="s4:l1">Al is hij zoo zwart, hij is wel bekend,</l>
        <l id="s4:l2">het is er de koning van Ori&#235;nt.</l>
      </lg>
      <lg id="s5" type="stanza">
        <l id="s5:l1">Wij kwamen die hooge berge opgaan,</l>
        <l id="s5:l2">daar zag men de sterre stille staan.</l>
      </lg>
      <lg id="s6" type="stanza">
        <l id="s6:l1">&#8216;O sterre, gij moet er zoo stille niet staan,</l>
        <l id="s6:l2">gij moet er met ons naar Bethlehem gaan</l>
      </lg>
      <lg id="s7" type="stanza">
        <l id="s7:l1">&#8216;Te Bethlehem in die schoone stad,</l>
        <l id="s7:l2">daar Maria met haar kindeken zat.&#8217;</l>
      </lg>
      <lg id="s8" type="stanza">
        <l id="s8:l1">Zoo kleiner kind en zoo grooter God,</l>
        <l id="s8:l2">daar al de Joden me&#234; hebben gespot.</l>
      </lg>
    </lg>
  </text>
</song>