<song>
  <meta>
    <id>16691</id>
    <date>
      <year-start>1903</year-start>
      <year-end>1908</year-end>
    </date>
    <tags />
    <melody>Het ruisende beekje</melody>
  <author>Anonymous</author></meta>
  <text>
    <lg type="song">
      <lg id="s1" type="stanza">
        <l id="s1:l1">Hoe lacchen ons de velden aen</l>
        <l id="s1:l2">met haer bekroonde bladen,</l>
        <l id="s1:l3">met haer pronck en gewaden?</l>
        <l id="s1:l4">Ey, siet hier eens de koeytjes gaen,</l>
        <l id="s1:l5">die, met den melck geladen,</l>
        <l id="s1:l6">wauw'lende haer versaden.</l>
        <l id="s1:l7">Hoe vrolijck is 't hier!</l>
        <l id="s1:l8">Wat getierelier,</l>
        <l id="s1:l9">en wat vreemd geswier,</l>
        <l id="s1:l10">wat krioel en getier!</l>
        <l id="s1:l11">'t Is de schoone cier</l>
        <l id="s1:l12">van Godes groote daden.</l>
      </lg>
      <lg id="s2" type="stanza">
        <l id="s2:l1">Swangere boomtjes die bevrucht</l>
        <l id="s2:l2">vol lieve bloeysels hanghen,</l>
        <l id="s2:l3">daer wy seer nae verlangen,</l>
        <l id="s2:l4">die nu soo weeldrigh na de lucht</l>
        <l id="s2:l5">met vreughde zijn bevangen,</l>
        <l id="s2:l6">togend' haer roode wanghen:</l>
        <l id="s2:l7">daer 't vincxken op 't dack,</l>
        <l id="s2:l8">van 't dack op den tack,</l>
        <l id="s2:l9">noyt voetsel ontbrack,</l>
        <l id="s2:l10">maer in rust en gemack</l>
        <l id="s2:l11">van Gods eere sprack</l>
        <l id="s2:l12">met lieffelijcke sanghen.</l>
      </lg>
      <lg id="s3" type="stanza">
        <l id="s3:l1">Weeldrige beesjens in het woudt,</l>
        <l id="s3:l2">die daer by koppels paren</l>
        <l id="s3:l3">en in de vreught vergaaren,</l>
        <l id="s3:l4">waerom is 't dat men u benout</l>
        <l id="s3:l5">en wil u jonghe jaren</l>
        <l id="s3:l6">voor gene bracken sparen?</l>
        <l id="s3:l7">De jagher, die schiet</l>
        <l id="s3:l8">met sijn swijne-spriet</l>
        <l id="s3:l9">en blaest op sijn riet;</l>
        <l id="s3:l10">is 't niet groot verdriet,</l>
        <l id="s3:l11">soo men dagelijcks siet,</l>
        <l id="s3:l12">dat d'een wil d'aer beswaren?</l>
      </lg>
      <lg id="s4" type="stanza">
        <l id="s4:l1">Heft doch u zieltjes hemel-waert</l>
        <l id="s4:l2">voor 't wonder-werck der landen,</l>
        <l id="s4:l3">den zegen van sijn handen;</l>
        <l id="s4:l4">merckt ook aen 't schepsel Godes aert,</l>
        <l id="s4:l5">den hemel, zee en zanden,</l>
        <l id="s4:l6">op dat hert en verstanden</l>
        <l id="s4:l7">door 't godtlijck beleyt</l>
        <l id="s4:l8">sijn lof zy verbreyt,</l>
        <l id="s4:l9">en de mensch zy bereyt</l>
        <l id="s4:l10">tot sijn majesteyt,</l>
        <l id="s4:l11">om in eeuwigheyt</l>
        <l id="s4:l12">in ware liefd' te branden.</l>
      </lg>
    </lg>
  </text>
</song>