<song>
  <meta>
    <id>16698</id>
    <date>
      <year-start>1903</year-start>
      <year-end>1908</year-end>
    </date>
    <tags />
    <melody>Hoe lig ik hier in deze ellende</melody>
  <author>Anonymous</author></meta>
  <text>
    <lg type="song">
      <lg id="s1" type="stanza">
        <l id="s1:l1">Hoe ligh ick hier in dees ellende,</l>
        <l id="s1:l2">van mijn vijf sinnen gants berooft!</l>
        <l id="s1:l3">Komt, siet my aen, ghy aertsche bende,</l>
        <l id="s1:l4">die van die werelt wert verdooft;</l>
        <l id="s1:l5">ghy die altijt in ydel saken</l>
        <l id="s1:l6">soeckt uwen gheest soo te vermaken.</l>
      </lg>
      <lg id="s2" type="stanza">
        <l id="s2:l1">Die Zee-syrene met soet singhen</l>
        <l id="s2:l2">verdooft den stuyrman in het meer,</l>
        <l id="s2:l3">dat hy zijn seyl niet kan bedwinghen,</l>
        <l id="s2:l4">maer moet vergaen door storm onweer;</l>
        <l id="s2:l5">soo doen sy die in ydelheden</l>
        <l id="s2:l6">verliesen haer verstant en reden.</l>
      </lg>
    </lg>
  </text>
</song>