<song>
  <meta>
    <id>16773</id>
    <date>
      <year-start>1903</year-start>
      <year-end>1908</year-end>
    </date>
    <tags>
      <tag standard-name="historielied" translation="historical song">historielied</tag>
    </tags>
    <melody>Van Helena</melody>
    <categories>
      <category translation="politics and history">politiek en geschiedenis</category>
    </categories>
  <author>Anonymous</author></meta>
  <text>
    <lg type="song">
      <lg id="s1" type="stanza">
        <l id="s1:l1">Hoort toe, gy arm en ryk,</l>
        <l id="s1:l2">men zal u zingen pure</l>
        <l id="s1:l3">van den hertog van Bronswyk</l>
        <l id="s1:l4">en van zyn avonture,</l>
        <l id="s1:l5">hoe dat hy met geweld</l>
        <l id="s1:l6">ten oorlog wilde varen</l>
        <l id="s1:l7">en hoe dat hy verzeild'</l>
        <l id="s1:l8">op de zee met groot bezwaren.</l>
      </lg>
      <lg id="s2" type="stanza">
        <l id="s2:l1">Den hertog met goed verstand</l>
        <l id="s2:l2">die heeft doen maken re&#234;</l>
        <l id="s2:l3">veel schepen wel bemand</l>
        <l id="s2:l4">en voer zoo over zee.</l>
        <l id="s2:l5">Maer zyn huisvrouw was bedocht,</l>
        <l id="s2:l6">zy bad met groot verzeeren,</l>
        <l id="s2:l7">zoo haest als hy best mogt</l>
        <l id="s2:l8">dat hy zou wederkeeren.</l>
      </lg>
      <lg id="s3" type="stanza">
        <l id="s3:l1">Den hertog door dit beklag</l>
        <l id="s3:l2">sprak: &#8216;myn weerdige vrouw,</l>
        <l id="s3:l3">blyf ik zeven jaer lang weg,</l>
        <l id="s3:l4">trouwt vry eenen anderen gouw!</l>
        <l id="s3:l5">ik geve u consent,</l>
        <l id="s3:l6">maer bidt den heer der heeren,</l>
        <l id="s3:l7">dat hy zyn gratie in my zend</l>
        <l id="s3:l8">dat ik mag wederkeeren.&#8217;</l>
      </lg>
      <lg id="s4" type="stanza">
        <l id="s4:l1">De hertoginne, ziet,</l>
        <l id="s4:l2">geleidigde haren man</l>
        <l id="s4:l3">aen de schepen met verdriet,</l>
        <l id="s4:l4">alwaer hy oorlof nam.</l>
        <l id="s4:l5">Zy hem in haer arm ontfing</l>
        <l id="s4:l6">en sprak: &#8216;o man geprezen,</l>
        <l id="s4:l7">bewaert de helft van dezen ring</l>
        <l id="s4:l8">en wilt my gedachtig wezen!&#8217;</l>
      </lg>
      <lg id="s5" type="stanza">
        <l id="s5:l1">Den hertog door 't bidden van haer</l>
        <l id="s5:l2">nam d' helleft van den ring,</l>
        <l id="s5:l3">de hertoginne daernaer</l>
        <l id="s5:l4">zeer bedroefd van hem ging</l>
        <l id="s5:l5">al binnen haer paleis</l>
        <l id="s5:l6">met zuchten ende beven.</l>
        <l id="s5:l7">Den hertog voer op de reis,</l>
        <l id="s5:l8">hy had beter t' huis gebleven.</l>
      </lg>
      <lg id="s6" type="stanza">
        <l id="s6:l1">Een grooten wind voorwaer</l>
        <l id="s6:l2">verhief hem op de zee:</l>
        <l id="s6:l3">zeil en masten scheurden daer,</l>
        <l id="s6:l4">het smeet er al in twee,</l>
        <l id="s6:l5">zy verdronken allega&#234;r,</l>
        <l id="s6:l6">behalven 's hertogs schip verheven,</l>
        <l id="s6:l7">dat in dat groot gevaer</l>
        <l id="s6:l8">ongeschend alleen is gebleven.</l>
      </lg>
      <lg id="s7" type="stanza">
        <l id="s7:l1">Den hertog onbedocht</l>
        <l id="s7:l2">door dit verdriet aldaer,</l>
        <l id="s7:l3">'t welk hem niet naeren mogt,</l>
        <l id="s7:l4">en voer zoo met bezwaer</l>
        <l id="s7:l5">al tegen hunnen dank,</l>
        <l id="s7:l6">want zy geen volk vernamen,</l>
        <l id="s7:l7">meer dan vier jaren lang</l>
        <l id="s7:l8">dat zy aen land nooit kwamen.</l>
      </lg>
      <lg id="s8" type="stanza">
        <l id="s8:l1">Dit schip dat was zeer groot,</l>
        <l id="s8:l2">van victalie wel voorzien,</l>
        <l id="s8:l3">van buskruid, meel en brood</l>
        <l id="s8:l4">en andere provisien</l>
        <l id="s8:l5">tot oorlogs behoef, met veel</l>
        <l id="s8:l6">ossenhuiden, onverdroten</l>
        <l id="s8:l7">die men gebruiken moet,</l>
        <l id="s8:l8">als de schepen zyn doorschoten.</l>
      </lg>
      <lg id="s9" type="stanza">
        <l id="s9:l1">Zy voeren met verdriet</l>
        <l id="s9:l2">zoo menigen langen dag.</l>
        <l id="s9:l3">den edelen hertog, ziet,</l>
        <l id="s9:l4">die sprak met groot geklag:</l>
        <l id="s9:l5">&#8216;myn lieven vrienden gewis,</l>
        <l id="s9:l6">laet ons zeilen zonder staken,</l>
        <l id="s9:l7">'t is even eens waer 't is,</l>
        <l id="s9:l8">tot dat wy aen 't land geraeken.&#8217;</l>
      </lg>
      <lg id="s10" type="stanza">
        <l id="s10:l1">Den wind verhief nog meer</l>
        <l id="s10:l2">en de zee die wierd zoo strang,</l>
        <l id="s10:l3">zoo dat met groot verzeer</l>
        <l id="s10:l4">al tegen hunnen dank</l>
        <l id="s10:l5">al in de zee zeer kwaed</l>
        <l id="s10:l6">kabels en zeilen moesten ontblyven,</l>
        <l id="s10:l7">lieten 't schip op gods raed</l>
        <l id="s10:l8">en gods genaede dryven.</l>
      </lg>
      <lg id="s11" type="stanza">
        <l id="s11:l1">Zy voeren op gods genaed</l>
        <l id="s11:l2">meer als vier dagen lang,</l>
        <l id="s11:l3">nog en vonden geenen raed,</l>
        <l id="s11:l4">de zee en die was strang,</l>
        <l id="s11:l5">hunnen mast die smeet in twee,</l>
        <l id="s11:l6">dan moesten zy veel leed bezuren</l>
        <l id="s11:l7">nog in een ander zee</l>
        <l id="s11:l8">van wonderlyke avonturen.</l>
      </lg>
      <lg id="s12" type="stanza">
        <l id="s12:l1">Die was hun onbekend,</l>
        <l id="s12:l2">is de Leverzee genaemd,</l>
        <l id="s12:l3">daer geen schepen van hier omtrent</l>
        <l id="s12:l4">en konnen varen ongepraemd;</l>
        <l id="s12:l5">zy moeten daer blyven al</l>
        <l id="s12:l6">die in dees zee geraeken.</l>
        <l id="s12:l7">Den hertog met groot misval</l>
        <l id="s12:l8">moest daer zyn woonste&#234; maken.</l>
      </lg>
      <lg id="s13" type="stanza">
        <l id="s13:l1">Aan deze zee zyn steenen groot</l>
        <l id="s13:l2">van wonderlyken aerd,</l>
        <l id="s13:l3">die aen alle stael en lood</l>
        <l id="s13:l4">blyven hangen ongespaerd,</l>
        <l id="s13:l5">zoo dat er geene schepen niet</l>
        <l id="s13:l6">voort kunnen varen met eenen,</l>
        <l id="s13:l7">zy moeten blyven in 't verdriet</l>
        <l id="s13:l8">door 't geweld van deze steenen.</l>
      </lg>
      <lg id="s14" type="stanza">
        <l id="s14:l1">Zy moesten blyven in nood,</l>
        <l id="s14:l2">was 't niet een groot geween!</l>
        <l id="s14:l3">en moesten sterven de dood,</l>
        <l id="s14:l4">behalven den hertog alleen;</l>
        <l id="s14:l5">die kwam uit dit kruis;</l>
        <l id="s14:l6">ten einde van zeven jaren</l>
        <l id="s14:l7">kwam hy nog weder t' huis</l>
        <l id="s14:l8">met alzoo groot bezwaren.</l>
      </lg>
      <lg id="s15" type="stanza">
        <l id="s15:l1">By deze zee zeer wyd</l>
        <l id="s15:l2">leit een wildernisse groot,</l>
        <l id="s15:l3">daer regeerde doen ter tyd</l>
        <l id="s15:l4">een fellen vogel groot,</l>
        <l id="s15:l5">die doen kwam zonder faelen</l>
        <l id="s15:l6">allen dag gevlogen daer,</l>
        <l id="s15:l7">om zyn jongens aes te halen,</l>
        <l id="s15:l8">doen hy 't schip wierd gewaer.</l>
      </lg>
      <lg id="s16" type="stanza">
        <l id="s16:l1">Dezen vogel groot van magt</l>
        <l id="s16:l2">is genoemd den Griffioen</l>
        <l id="s16:l3">en vloog dag ende nagt</l>
        <l id="s16:l4">omtrent het schip zeer koen,</l>
        <l id="s16:l5">zoo dat zy hun durfden niet</l>
        <l id="s16:l6">boven het schip begeven,</l>
        <l id="s16:l7">of den fellen vogel, ziet,</l>
        <l id="s16:l8">zou ze hebben weggedreven.</l>
      </lg>
      <lg id="s17" type="stanza">
        <l id="s17:l1">Den vogel was zeer groot</l>
        <l id="s17:l2">en vreesselyk om zien.</l>
        <l id="s17:l3">'t Gebeurde eens by nood,</l>
        <l id="s17:l4">dat een van 's hertogs li&#234;n</l>
        <l id="s17:l5">boven op 't schip was gegaen.</l>
        <l id="s17:l6">Den vogel kwam daer gevlogen,</l>
        <l id="s17:l7">eer hy hem wierd gewaer,</l>
        <l id="s17:l8">heeft hem van 't schip getogen.</l>
      </lg>
      <lg id="s18" type="stanza">
        <l id="s18:l1">Den hertog, hoort myn vermaen,</l>
        <l id="s18:l2">sprak tot zynen heeren fyn:</l>
        <l id="s18:l3">&#8216;wy kunnen de dood niet ontgaen,</l>
        <l id="s18:l4">'k wil de vogelsspys zyn.&#8217;</l>
        <l id="s18:l5">Doen sprak den hertog fier:</l>
        <l id="s18:l6">&#8216;'t is beter een korte dood te sterven,</l>
        <l id="s18:l7">dan op de zee alhier</l>
        <l id="s18:l8">met honger langer te zwerven.</l>
      </lg>
      <lg id="s19" type="stanza">
        <l id="s19:l1">Doet dat ik zeggen zal,&#8217;</l>
        <l id="s19:l2">sprak den hertog overluid,</l>
        <l id="s19:l3">&#8216;'t is myn begeeren al:</l>
        <l id="s19:l4">naeit my in een ossenhuid,</l>
        <l id="s19:l5">legt my dan op 't schip zaen,</l>
        <l id="s19:l6">daer nevens myn zweerd verheven,</l>
        <l id="s19:l7">komt dan den Griffioen aen,</l>
        <l id="s19:l8">ik wil my hem begeven.&#8217;</l>
      </lg>
      <lg id="s20" type="stanza">
        <l id="s20:l1">'s Morgens als 't was klaer dag,</l>
        <l id="s20:l2">den vogel wierd gewaer,</l>
        <l id="s20:l3">dan kwam hy alzoo hy plag</l>
        <l id="s20:l4">terstond gevlogen daer,</l>
        <l id="s20:l5">heeft den hertog fier</l>
        <l id="s20:l6">zeer vreesselyk opgenomen</l>
        <l id="s20:l7">en gebragt al zonder dangier</l>
        <l id="s20:l8">by zyn jongens zonder schromen.</l>
      </lg>
      <lg id="s21" type="stanza">
        <l id="s21:l1">Dezen vogel zeer naer</l>
        <l id="s21:l2">bragt den hertog in zyn nest</l>
        <l id="s21:l3">en vloog wederom van daer</l>
        <l id="s21:l4">nae 't zelve schip zyn best.</l>
        <l id="s21:l5">Maer den hertog geheel verveerd</l>
        <l id="s21:l6">was benouwd in al zyn leden,</l>
        <l id="s21:l7">heeft terstond met zyn zweerd</l>
        <l id="s21:l8">de huid open gesneden.</l>
      </lg>
      <lg id="s22" type="stanza">
        <l id="s22:l1">Hy vond hem daer alleen</l>
        <l id="s22:l2">by de griffioens bloot,</l>
        <l id="s22:l3">die heeft hy met verzeer</l>
        <l id="s22:l4">met zyn zweerd gesneden dood.</l>
        <l id="s22:l5">En den edelen hertog doen</l>
        <l id="s22:l6">en dorst daer niet langer blyven,</l>
        <l id="s22:l7">hy dagt, kwam den Griffioen,</l>
        <l id="s22:l8">hy mogt my ook ontlyven.</l>
      </lg>
      <lg id="s23" type="stanza">
        <l id="s23:l1">Hy ging terstond van daer</l>
        <l id="s23:l2">en was geheel verblyd,</l>
        <l id="s23:l3">dat hem god van dit bezwaer</l>
        <l id="s23:l4">geholpen had subyt.</l>
        <l id="s23:l5">Den hertog van hongersnood,</l>
        <l id="s23:l6">alzoo men wel mag weten,</l>
        <l id="s23:l7">heeft hy van honger groot</l>
        <l id="s23:l8">wilde kruiden moeten eten.</l>
      </lg>
      <lg id="s24" type="stanza">
        <l id="s24:l1">Het gebeurde op eenen dag,</l>
        <l id="s24:l2">den hertog dagt hem bevryd,</l>
        <l id="s24:l3">in de wildernis hy zag</l>
        <l id="s24:l4">eenen wonderlyken stryd</l>
        <l id="s24:l5">van twee wilde dieren doen,</l>
        <l id="s24:l6">eenen lintworm fel van togten,</l>
        <l id="s24:l7">d' ander een leeuw zeer koen,</l>
        <l id="s24:l8">die tegen malka&#234;r vogten.</l>
      </lg>
      <lg id="s25" type="stanza">
        <l id="s25:l1">Den hertog zeer verveerd</l>
        <l id="s25:l2">en benouwd al totter dood,</l>
        <l id="s25:l3">hy en dorst voor dat gediert</l>
        <l id="s25:l4">hem daer niet begeven bloot.</l>
        <l id="s25:l5">Den leeuw heeft hem geweerd,</l>
        <l id="s25:l6">zoo hy zag den stryd begonnen,</l>
        <l id="s25:l7">den lintworm met zyn steert</l>
        <l id="s25:l8">den leeuw zou hebben verwonnen.</l>
      </lg>
      <lg id="s26" type="stanza">
        <l id="s26:l1">Den hertog zeer bestaen,</l>
        <l id="s26:l2">die dagt met groot bezwaren,</l>
        <l id="s26:l3">de dood kan ik niet ontgaen,</l>
        <l id="s26:l4">als zy my worden gewaren.</l>
        <l id="s26:l5">Dan dagt den hertog fier:</l>
        <l id="s26:l6">heb liever dat my den leeuw ontlyve,</l>
        <l id="s26:l7">dan ik van dit fenynig dier</l>
        <l id="s26:l8">hier alleen zou moeten blyven.</l>
      </lg>
      <lg id="s27" type="stanza">
        <l id="s27:l1">Den hertog hem verstout</l>
        <l id="s27:l2">en heeft genomen zyn zweerd</l>
        <l id="s27:l3">en hem op god betrouwd,</l>
        <l id="s27:l4">den lintworm zynen steert</l>
        <l id="s27:l5">afgeslagen zeer koen.</l>
        <l id="s27:l6">Als dit zag den leeuw verheven,</l>
        <l id="s27:l7">heeft hy den lintworm doen</l>
        <l id="s27:l8">terstond gebragt om 't leven.</l>
      </lg>
      <lg id="s28" type="stanza">
        <l id="s28:l1">Als den lintworm was dood,</l>
        <l id="s28:l2">den leeuw met couragie styf,</l>
        <l id="s28:l3">die sprong van blydschap groot</l>
        <l id="s28:l4">al op des hertogs lyf,</l>
        <l id="s28:l5">en den edelen hertog, ziet,</l>
        <l id="s28:l6">wierd bevreesd en alzoo flouwe,</l>
        <l id="s28:l7">den leeuw miste hem niet,</l>
        <l id="s28:l8">maer als een hond kwam hem klouwen.</l>
      </lg>
      <lg id="s29" type="stanza">
        <l id="s29:l1">Waer dat den hertog ging,</l>
        <l id="s29:l2">den leeuw volgde hem naer,</l>
        <l id="s29:l3">haezen en konynen ving</l>
        <l id="s29:l4">en brogte den hertog aldaer.</l>
        <l id="s29:l5">Den leeuw met blydschap groot</l>
        <l id="s29:l6">bleef by hem zonder flouwe,</l>
        <l id="s29:l7">ging met hem in den nood</l>
        <l id="s29:l8">en was hem altyd getrouwe.</l>
      </lg>
      <lg id="s30" type="stanza">
        <l id="s30:l1">De hertogin, hoort dit bedied,</l>
        <l id="s30:l2">was benouwd in dit gespan:</l>
        <l id="s30:l3">zy en konde hooren niet</l>
        <l id="s30:l4">van den hertog haren man,</l>
        <l id="s30:l5">zoo dat er veel heeren groot</l>
        <l id="s30:l6">haer vervolgden zonder ophouwen,</l>
        <l id="s30:l7">zy meinden den hertog was dood,</l>
        <l id="s30:l8">elkeen wilde haer trouwen.</l>
      </lg>
      <lg id="s31" type="stanza">
        <l id="s31:l1">De hertogin was in nood,</l>
        <l id="s31:l2">heeft gepeist in dit gespan:</l>
        <l id="s31:l3">is mynheer nu dood,</l>
        <l id="s31:l4">zoo zal ik trouwen een ander man;</l>
        <l id="s31:l5">'t is niet goed te blyven alleen,</l>
        <l id="s31:l6">dagt zy met groot bezwaren,</l>
        <l id="s31:l7">'t is nu zeven jaer gele&#234;n,</l>
        <l id="s31:l8">dat men hem hier zag varen.</l>
      </lg>
      <lg id="s32" type="stanza">
        <l id="s32:l1">Van een jonker met magt</l>
        <l id="s32:l2">heeft zy ontfangen trouwe.</l>
        <l id="s32:l3">Den hertog door 't geklagt</l>
        <l id="s32:l4">was doen met grooten rouwe,</l>
        <l id="s32:l5">in der wildernis hy was</l>
        <l id="s32:l6">en straks al zonder faelen</l>
        <l id="s32:l7">kwam daer aen zee op dat pas</l>
        <l id="s32:l8">aenstonds een schip gevaren.</l>
      </lg>
      <lg id="s33" type="stanza">
        <l id="s33:l1">Den hertog wel bedogt,</l>
        <l id="s33:l2">hy riep den schipper aen kant,</l>
        <l id="s33:l3">of hy me&#234; varen mogt.</l>
        <l id="s33:l4">&#8216;Ja,&#8217; riep hy zeer vigilant.</l>
        <l id="s33:l5">Den hertog met kloek verstand</l>
        <l id="s33:l6">heeft van blydschap gekreten.</l>
        <l id="s33:l7">In dit schip was den vyand,</l>
        <l id="s33:l8">dat heeft hy niet geweten.</l>
      </lg>
      <lg id="s34" type="stanza">
        <l id="s34:l1">Als zy kwamen aen 't land</l>
        <l id="s34:l2">en den leeuw wierden gewaer,</l>
        <l id="s34:l3">zy riepen gelykerhand:</l>
        <l id="s34:l4">&#8216;laet die felle beeste daer,</l>
        <l id="s34:l5">of wy zullen u niet laten in!&#8217;</l>
        <l id="s34:l6">Dan sprak den hertog koen:</l>
        <l id="s34:l7">&#8216;och myn vrienden, by gods min!</l>
        <l id="s34:l8">den leeuw zal u niet misdoen!&#8217;</l>
      </lg>
      <lg id="s35" type="stanza">
        <l id="s35:l1">Hij nam den hertog en den leeuw,</l>
        <l id="s35:l2">hoort mijn vermaen!</l>
        <l id="s35:l3">hy voeren over zeeuw.</l>
        <l id="s35:l4">Maer den vyand kwam daer zaen</l>
        <l id="s35:l5">by den edelen hertog fier</l>
        <l id="s35:l6">en riep met groot vergrouwen:</l>
        <l id="s35:l7">&#8216;mynheer, wat doet gy hier?</l>
        <l id="s35:l8">uw vrouw zal morgen trouwen!&#8217;</l>
      </lg>
      <lg id="s36" type="stanza">
        <l id="s36:l1">Als den hertog heeft gehoord,</l>
        <l id="s36:l2">van zyn huisvrouwe zulk vermaen,</l>
        <l id="s36:l3">hij wierd geheel gestoord</l>
        <l id="s36:l4">en sprak zeer onbekwaem:</l>
        <l id="s36:l5">&#8216;'k en kan 't gelooven niet!&#8217;</l>
        <l id="s36:l6">zy beloofde my zonder ophouwen,</l>
        <l id="s36:l7">doen als ik van haer schied,</l>
        <l id="s36:l8">geen ander man te trouwen.&#8217;</l>
      </lg>
      <lg id="s37" type="stanza">
        <l id="s37:l1">Dan sprak den vyand snood:</l>
        <l id="s37:l2">&#8216;hertog, dat is immers waer.</l>
        <l id="s37:l3">Maer zy meint, gy zyt lang dood,</l>
        <l id="s37:l4">dus heeft zy zonder vaer</l>
        <l id="s37:l5">een ander in haer zin;</l>
        <l id="s37:l6">en zal u dat niet rouwen,</l>
        <l id="s37:l7">dat een ander om gewin</l>
        <l id="s37:l8">zal nemen uwe vrouwe?&#8217;</l>
      </lg>
      <lg id="s38" type="stanza">
        <l id="s38:l1">- &#8216;Het zoud my verdrieten zeer,</l>
        <l id="s38:l2">wist ik de waerheid klaer.</l>
        <l id="s38:l3">Wat zoud 't my baten, heer?</l>
        <l id="s38:l4">ik ben te verre van daer,</l>
        <l id="s38:l5">ik kan 't beletten niet,&#8217;</l>
        <l id="s38:l6">sprak hy &#8216;hoort myn bedieden!</l>
        <l id="s38:l7">'t is my een groot verdriet,</l>
        <l id="s38:l8">dat ik 't moet laten geschieden.&#8217;</l>
      </lg>
      <lg id="s39" type="stanza">
        <l id="s39:l1">Den vyand nae zyn begeer,</l>
        <l id="s39:l2">sprak: &#8216;wat zult gy geven my,</l>
        <l id="s39:l3">dat ik u morgen vroeg, heer,</l>
        <l id="s39:l4">al slapende brenge vry</l>
        <l id="s39:l5">te Brunswyk in de stad,</l>
        <l id="s39:l6">daer uw paleis is verheven,</l>
        <l id="s39:l7">wilt gy beloven dat,</l>
        <l id="s39:l8">dat gy uw ziel aen my zult geven?&#8217;</l>
      </lg>
      <lg id="s40" type="stanza">
        <l id="s40:l1">Den hertog met verstand</l>
        <l id="s40:l2">sprak: &#8216;myn ziel geve ik niet,</l>
        <l id="s40:l3">'t is al te dieren pand,</l>
        <l id="s40:l4">om zoe te geven met vliet.</l>
        <l id="s40:l5">Nogtans is myn begeeren wys</l>
        <l id="s40:l6">om in myn land te wezen</l>
        <l id="s40:l7">maer myn ziel van hoogen prys</l>
        <l id="s40:l8">hoort toe den heer geprezen.&#8217;</l>
      </lg>
      <lg id="s41" type="stanza">
        <l id="s41:l1">Den hertog verbaesd daer af</l>
        <l id="s41:l2">heeft hem hier op bedogt:</l>
        <l id="s41:l3">of god my de gratie gaf,</l>
        <l id="s41:l4">dat 'k dan ontslapen mogt!</l>
        <l id="s41:l5">den leeuw, dagt hy aldaer,</l>
        <l id="s41:l6">is my getrouw zonder staken</l>
        <l id="s41:l7">als hy wordt 't land gewaer,</l>
        <l id="s41:l8">zal hy gerugte maken.</l>
      </lg>
      <lg id="s42" type="stanza">
        <l id="s42:l1">Den hertog met vrees bevaen</l>
        <l id="s42:l2">sprak tot den vyand Satan:</l>
        <l id="s42:l3">&#8216;ik ben te vre&#234;, wel aen,</l>
        <l id="s42:l4">maer den leeuw moet met my gaen,</l>
        <l id="s42:l5">en gy zult my beloven, ziet,</l>
        <l id="s42:l6">te brengen zonder ophouwen</l>
        <l id="s42:l7">en slapend zonder verdriet</l>
        <l id="s42:l8">voor 't paleis van myn vrouwe.&#8217;</l>
      </lg>
      <lg id="s43" type="stanza">
        <l id="s43:l1">Den vyand dagt: 't is profyt goed.</l>
        <l id="s43:l2">Hy heeft de reis aenveerd.</l>
        <l id="s43:l3">Den hertog met kloeken moed</l>
        <l id="s43:l4">viel in 't slaep zeer ongedeerd.</l>
        <l id="s43:l5">Dus meinde den vyand, ziet</l>
        <l id="s43:l6">zyne ziele te benouwen,</l>
        <l id="s43:l7">maer hy kon 't volbrengen niet,</l>
        <l id="s43:l8">want den leeuw bleef hem getrouwe.</l>
      </lg>
      <lg id="s44" type="stanza">
        <l id="s44:l1">Op eenen korten tyd</l>
        <l id="s44:l2">was den vyand over zee,</l>
        <l id="s44:l3">met den hertog geheel bevryd,</l>
        <l id="s44:l4">maer den leeuw al met onvre&#234;</l>
        <l id="s44:l5">al in zyn armen lag;</l>
        <l id="s44:l6">als hy het land begonst te naeken,</l>
        <l id="s44:l7">heeft zonder verdrag</l>
        <l id="s44:l8">groot gerugt beginnen te maken.</l>
      </lg>
      <lg id="s45" type="stanza">
        <l id="s45:l1">Met zyn klouwen groot</l>
        <l id="s45:l2">heeft den leeuw gemaekt misbaer,</l>
        <l id="s45:l3">in 's hertogs aenschyn bloot</l>
        <l id="s45:l4">zeer gekrouwd smeten aldaer.</l>
        <l id="s45:l5">Den leeuw door liefde groot,</l>
        <l id="s45:l6">om zyn heer wakker te maken,</l>
        <l id="s45:l7">heeft hy al met zyn poot</l>
        <l id="s45:l8">zeer gekwetst 's hertogs kaeken.</l>
      </lg>
      <lg id="s46" type="stanza">
        <l id="s46:l1">Den hertog aldus zeer</l>
        <l id="s46:l2">wierd wakker op dat pas,</l>
        <l id="s46:l3">den leeuw nog langs hoe meer</l>
        <l id="s46:l4">met huilen en tieren was,</l>
        <l id="s46:l5">zoo dat den hertog ontsliep</l>
        <l id="s46:l6">al met groote vreezen,</l>
        <l id="s46:l7">dat hy met luider stem riep:</l>
        <l id="s46:l8">&#8216;o heer, wilt my genaedig wezen!&#8217;</l>
      </lg>
      <lg id="s47" type="stanza">
        <l id="s47:l1">Den vyand een regten schoft,</l>
        <l id="s47:l2">maer hy moest volbrengen gaen</l>
        <l id="s47:l3">'t geen hy hadde beloft</l>
        <l id="s47:l4">aen den hertog, wilt verstaen:</l>
        <l id="s47:l5">te brengen van stonden aen</l>
        <l id="s47:l6">voor zyn paleis verkoren,</l>
        <l id="s47:l7">maer had 't den leeuw niet gedaen,</l>
        <l id="s47:l8">'s hertogs ziel was verloren.</l>
      </lg>
      <lg id="s48" type="stanza">
        <l id="s48:l1">Den hertog was verblyd,</l>
        <l id="s48:l2">als hy was uit 't verdriet.</l>
        <l id="s48:l3">Hy heeft met grooten vlyt</l>
        <l id="s48:l4">zeer neerstiglyk bespied,</l>
        <l id="s48:l5">vragende zoo overluid</l>
        <l id="s48:l6">nae zyne lieve huisvrouwe.</l>
        <l id="s48:l7">Elk zeide: &#8216;zy is de bruid</l>
        <l id="s48:l8">en zy zal morgen trouwen.&#8217;</l>
      </lg>
      <lg id="s49" type="stanza">
        <l id="s49:l1">Als een bedelaer in rouw</l>
        <l id="s49:l2">ging hy met zwaer gepeis</l>
        <l id="s49:l3">met dezen leeuw getrouw</l>
        <l id="s49:l4">liggen voor zyn paleis.</l>
        <l id="s49:l5">Daer zag hy met verdriet</l>
        <l id="s49:l6">veel juffrouwen en heeren,</l>
        <l id="s49:l7">niemand en kende hem niet,</l>
        <l id="s49:l8">'t was voor hem groot verzeeren.</l>
      </lg>
      <lg id="s50" type="stanza">
        <l id="s50:l1">Het volk dat was bevreesd</l>
        <l id="s50:l2">van dezen leeuw te zien,</l>
        <l id="s50:l3">elk riep: &#8216;wat groote beest!</l>
        <l id="s50:l4">wilt van dezen bedelaer vlien.&#8217;</l>
        <l id="s50:l5">Zoo dat men hem van daer</l>
        <l id="s50:l6">vertrekken deed zeer zaene,</l>
        <l id="s50:l7">want de hertoginne aldaer</l>
        <l id="s50:l8">moest naer de kerke gaene.</l>
      </lg>
      <lg id="s51" type="stanza">
        <l id="s51:l1">Den hertog, hoort myn bedi&#234;n,</l>
        <l id="s51:l2">ging op de straete ras,</l>
        <l id="s51:l3">om de hertogin te zien,</l>
        <l id="s51:l4">die zyne huisvrouw was.</l>
        <l id="s51:l5">Maer denkt eens, wat rouw</l>
        <l id="s51:l6">leed den hertog zonder flouwen,</l>
        <l id="s51:l7">als hy zag zijn eigen vrouw</l>
        <l id="s51:l8">met een ander heer gaen trouwen!</l>
      </lg>
      <lg id="s52" type="stanza">
        <l id="s52:l1">De hertoginne wierd getrouwd</l>
        <l id="s52:l2">met veel vreugden ras,</l>
        <l id="s52:l3">den hertog zeer benouwd</l>
        <l id="s52:l4">dan in zyn zelven was,</l>
        <l id="s52:l5">en sprak vry onbela&#234;n</l>
        <l id="s52:l6">sommige heeren uitverkoren.</l>
        <l id="s52:l7">Elk hield hem voor bedelaer,</l>
        <l id="s52:l8">niemand en wild' hem hooren.</l>
      </lg>
      <lg id="s53" type="stanza">
        <l id="s53:l1">Zyn kle&#234;ren dan aldaer,</l>
        <l id="s53:l2">helaes! en dogten niet,</l>
        <l id="s53:l3">want zy hadden zeven jaer</l>
        <l id="s53:l4">met pyn en zwaer verdriet</l>
        <l id="s53:l5">gedoold met groot geklag</l>
        <l id="s53:l6">te water en te lande,</l>
        <l id="s53:l7">alzoo men weten mag,</l>
        <l id="s53:l8">'t en was voor hem geen schande.</l>
      </lg>
      <lg id="s54" type="stanza">
        <l id="s54:l1">Alsdan korts naer den noen</l>
        <l id="s54:l2">de maeltyd op 't beste was.</l>
        <l id="s54:l3">Veel edel heeren waren doen</l>
        <l id="s54:l4">nae de feest op 't zelve pas.</l>
        <l id="s54:l5">Den hertog bleef alhier</l>
        <l id="s54:l6">met zugten ende kermen</l>
        <l id="s54:l7">om een dronk wyn of bier,</l>
        <l id="s54:l8">maer niemand wilt hem ontfermen.</l>
      </lg>
      <lg id="s55" type="stanza">
        <l id="s55:l1">Maer korts kwam daer een heer,</l>
        <l id="s55:l2">die hy bad vriendelyk</l>
        <l id="s55:l3">al om een dronk ter eer</l>
        <l id="s55:l4">van den hertog van Brunswyk.</l>
        <l id="s55:l5">&#8216;Zegt eens aen de bruid, behende,&#8217;</l>
        <l id="s55:l6">sprak hy zonder verzeere,</l>
        <l id="s55:l7">&#8216;zy my een dronksken zende</l>
        <l id="s55:l8">tot gedenkenis van haren heere!&#8217;</l>
      </lg>
      <lg id="s56" type="stanza">
        <l id="s56:l1">Den knegt met klaer bescheid</l>
        <l id="s56:l2">die ging al op dat pas</l>
        <l id="s56:l3">en heeft de zaek verbreid</l>
        <l id="s56:l4">aen de hertoginne ras:</l>
        <l id="s56:l5">&#8216;myn weerde vrouwe ryk,</l>
        <l id="s56:l6">daer is een man beneden,</l>
        <l id="s56:l7">ter eere des hertogs van Brunswyk</l>
        <l id="s56:l8">zoudt gy een dronk my geven!&#8217;</l>
      </lg>
      <lg id="s57" type="stanza">
        <l id="s57:l1">De hertogin zeer koen</l>
        <l id="s57:l2">sprak met woorden in dit gespan:</l>
        <l id="s57:l3">&#8216;dit wil ik geerne doen,</l>
        <l id="s57:l4">want dit was eens myn man,</l>
        <l id="s57:l5">die, helaes! nu is dood,</l>
        <l id="s57:l6">god wil zyn ziel gedenken!&#8217;</l>
        <l id="s57:l7">En uit een schael van goud</l>
        <l id="s57:l8">gaf zy den man te drinken.</l>
      </lg>
      <lg id="s58" type="stanza">
        <l id="s58:l1">Den knegt sprak overluid</l>
        <l id="s58:l2">ten hertog zonder verdriet:</l>
        <l id="s58:l3">&#8216;dezen wyn zendt u de bruid</l>
        <l id="s58:l4">voor een gedenkenis, ziet.&#8217;</l>
        <l id="s58:l5">Den hertog den wyn ontfing</l>
        <l id="s58:l6">en heeft ten zelven stonden</l>
        <l id="s58:l7">de helft van haren ring</l>
        <l id="s58:l8">met de schael haer we&#234;rgezonden.</l>
      </lg>
      <lg id="s59" type="stanza">
        <l id="s59:l1">Als d'hertoginne fier</l>
        <l id="s59:l2">dit zoo zag in het gespan</l>
        <l id="s59:l3">en riep met groot dangier:</l>
        <l id="s59:l4">&#8216;'t is mynen eigen man!&#8217;</l>
        <l id="s59:l5">Zy heeft zonder verzet</l>
        <l id="s59:l6">'t stuk van den ring verheven</l>
        <l id="s59:l7">d'een tegen d'ander gezet,</l>
        <l id="s59:l8">'t is vast aen malka&#234;r gebleven.</l>
      </lg>
      <lg id="s60" type="stanza">
        <l id="s60:l1">'t Was een mirakel groot</l>
        <l id="s60:l2">van den almogenden heere.</l>
        <l id="s60:l3">De hertoginne was zeer benouwd,</l>
        <l id="s60:l4">die was zonder verzeere</l>
        <l id="s60:l5">van tafel opgestaen,</l>
        <l id="s60:l6">haren heere ging zy inlaten,</l>
        <l id="s60:l7">den bruidegom was bela&#234;n,</l>
        <l id="s60:l8">hy mogt by zyn bruid niet slapen.</l>
      </lg>
      <lg id="s61" type="stanza">
        <l id="s61:l1">Daer was een groot gekryt</l>
        <l id="s61:l2">onder den bruidegoms vrinden,</l>
        <l id="s61:l3">die te vooren waren verblyd</l>
        <l id="s61:l4">en hun daer lieten vinden.</l>
        <l id="s61:l5">De hertogin met beklag</l>
        <l id="s61:l6">viel door blydschap van haer zelven</l>
        <l id="s61:l7">als zy haren heere zag,</l>
        <l id="s61:l8">haer hert scheen te overwelven.</l>
      </lg>
      <lg id="s62" type="stanza">
        <l id="s62:l1">Als een hertog zeer fier</l>
        <l id="s62:l2">wierd hy aenstonds gekleed,</l>
        <l id="s62:l3">en zoo in alle kwartier</l>
        <l id="s62:l4">voor een wonderzaeke verbreed:</l>
        <l id="s62:l5">den hertog met bezwaer</l>
        <l id="s62:l6">zyn ryk wederom verworven,</l>
        <l id="s62:l7">maer korten tyd daer naer</l>
        <l id="s62:l8">den hertog is gestorven.</l>
      </lg>
      <lg id="s63" type="stanza">
        <l id="s63:l1">Hoort, met wat liefde groot</l>
        <l id="s63:l2">dezen leeuw was nu bevaen.</l>
        <l id="s63:l3">Als den hertog was dood,</l>
        <l id="s63:l4">den leeuw wilt van daer niet gaen.</l>
        <l id="s63:l5">Als men 't lyk ter aerde droeg,</l>
        <l id="s63:l6">deze beeste ging ook mede,</l>
        <l id="s63:l7">bleef op 't graf spaede en vroeg</l>
        <l id="s63:l8">liggen met groot onvrede.</l>
      </lg>
      <lg id="s64" type="stanza">
        <l id="s64:l1">Met veel huilen en geraes</l>
        <l id="s64:l2">bedreef hy grooten rouw,</l>
        <l id="s64:l3">dezen leeuw op 't zelve pas</l>
        <l id="s64:l4">was zynen heer getrouw,</l>
        <l id="s64:l5">hy en wilde eten of drinken niet,</l>
        <l id="s64:l6">niemand kost hem vermorwen,</l>
        <l id="s64:l7">en zoo met groot verdriet</l>
        <l id="s64:l8">ten lesten is gestorven.</l>
      </lg>
      <lg id="s65" type="stanza">
        <l id="s65:l1">De hertoginne van Brunswyk</l>
        <l id="s65:l2">liet het komen in 't openbaer</l>
        <l id="s65:l3">en schryven in kronyk</l>
        <l id="s65:l4">en maken een schoon pilaer,</l>
        <l id="s65:l5">en by 't graf stellen liet</l>
        <l id="s65:l6">met een leeuw daer op gesneden</l>
        <l id="s65:l7">ter gedagtenis, zoo men ziet</l>
        <l id="s65:l8">tot op den dag van heden.</l>
      </lg>
    </lg>
  </text>
</song>