<song>
  <meta>
    <id>16782</id>
    <date>
      <year-start>1903</year-start>
      <year-end>1908</year-end>
    </date>
    <tags />
    <melody />
  <author>Anonymous</author></meta>
  <text>
    <lg type="song">
      <lg id="s1" type="stanza">
        <l id="s1:l1">Hop, Marjannetje,</l>
        <l id="s1:l2">stroop in 't kannetje,</l>
        <l id="s1:l3">laat de popjes dansen;</l>
        <l id="s1:l4">eertijts was de Prins in 't land</l>
        <l id="s1:l5">en nu die kale Franschen.</l>
      </lg>
      <lg id="s2" type="stanza">
        <l id="s2:l1">Hop, Marjannetje,</l>
        <l id="s2:l2">stroop in 't kannetje</l>
        <l id="s2:l3">hop Marjannetje Jansen.</l>
        <l id="s2:l4">Hij wiegt het kind, hij roert de pap</l>
        <l id="s2:l5">en laat zijn hondje dansen.</l>
      </lg>
    </lg>
  </text>
</song>