<song>
  <meta>
    <id>16780</id>
    <date>
      <year-start>1903</year-start>
      <year-end>1908</year-end>
    </date>
    <tags />
    <melody />
  <author>Anonymous</author></meta>
  <text>
    <lg type="song">
      <lg id="s1" type="stanza">
        <l id="s1:l1">Hop, Marjannetje, koffiekannetje</l>
        <l id="s1:l2">hop, Marjannetje Jansen,</l>
        <l id="s1:l3">hij wiegt het kind en hij roert de pap,</l>
        <l id="s1:l4">en laat zijn hondje dansen.</l>
      </lg>
      <lg id="s2" type="stanza">
        <l id="s2:l1">Hop, Marjannetje, tap me een kannetje,</l>
        <l id="s2:l2">tap me een hallef pintje;</l>
        <l id="s2:l3">een goede man en een brave vrouw,</l>
        <l id="s2:l4">en ook een heel lief kindje.</l>
      </lg>
    </lg>
  </text>
</song>