<song>
  <meta>
    <id>16803</id>
    <date>
      <year-start>1903</year-start>
      <year-end>1908</year-end>
    </date>
    <tags />
    <melody>Ik klom de boom al op die mij te hoog</melody>
  <author>Anonymous</author></meta>
  <text>
    <lg type="song">
      <lg id="s1" type="stanza">
        <l id="s1:l1">Ic clam den boom al uppe</l>
        <l id="s1:l2">die mi te hoghe was,</l>
        <l id="s1:l3">die tacskens braken aen stucke</l>
        <l id="s1:l4">en ic viel al in dat gras.</l>
      </lg>
      <lg id="s2" type="stanza">
        <l id="s2:l1">&#8216;Schoon lief, wilt ghi met mi riden,</l>
        <l id="s2:l2">schoon lief, wilt ghi met mi gaen?</l>
        <l id="s2:l3">Ic salder, liefken, u leiden</l>
        <l id="s2:l4">daer de rode rooskens staen.&#8217;</l>
      </lg>
      <lg id="s3" type="stanza">
        <l id="s3:l1">- &#8216;Ic en wil met u niet riden,</l>
        <l id="s3:l2">ic en wil met u niet gaen,</l>
        <l id="s3:l3">mijn vader soude mi schelden,</l>
        <l id="s3:l4">mine moeder soude mi slaen.&#8217;</l>
      </lg>
      <lg id="s4" type="stanza">
        <l id="s4:l1">- &#8216;Waeromme soude hi u schelden?</l>
        <l id="s4:l2">waeromme sou si u slaen?</l>
        <l id="s4:l3">Ghi en hebt den rooden rooskens</l>
        <l id="s4:l4">ghene schade ghedaen?&#8217;</l>
      </lg>
    </lg>
  </text>
</song>