<song>
  <meta>
    <id>16819</id>
    <date>
      <year-start>1903</year-start>
      <year-end>1908</year-end>
    </date>
    <tags />
    <melody>Ik ging nog gisteravond zo heimelijk op een oord</melody>
  <author>Anonymous</author></meta>
  <text>
    <lg type="song">
      <lg id="s1" type="stanza">
        <l id="s1:l1">Ic quam noch ghister avont</l>
        <l id="s1:l2">in eenen boomgaert ghegaen,</l>
        <l id="s1:l3">daer vant ic twee schoone ioncfroukens,</l>
        <l id="s1:l4">so seere bedroevet staen;</l>
        <l id="s1:l5">die eene was die liefste mijn,</l>
        <l id="s1:l6">die ander hadde doorschoten</l>
        <l id="s1:l7">dat ionghe herteken mijn.</l>
      </lg>
      <lg id="s2" type="stanza">
        <l id="s2:l1">Ick boodt haer een minnelijcke groete,</l>
        <l id="s2:l2">ick sprac haer so minnelijck an;</l>
        <l id="s2:l3">mach si mi niet ghebueren,</l>
        <l id="s2:l4">so ben ick een alleyndich man.</l>
        <l id="s2:l5">Ic wensche des nijders tonghen leyt,</l>
        <l id="s2:l6">si hebben mi ghestolen</l>
        <l id="s2:l7">mijn ghenoechte, mijn vrolicheyt.</l>
      </lg>
      <lg id="s3" type="stanza">
        <l id="s3:l1">Dese nijders gaen hier achter straten,</l>
        <l id="s3:l2">si stroeyen haer fenijn;</l>
        <l id="s3:l3">mijn lief en wil ick niet laten,</l>
        <l id="s3:l4">ik wilder noch tavont bi zijn,</l>
        <l id="s3:l5">ic salse so minnelijc spreken.</l>
        <l id="s3:l6">Al heb ic een verloren,</l>
        <l id="s3:l7">een ander ic kiesen sal</l>
      </lg>
    </lg>
  </text>
</song>