<song>
  <meta>
    <id>16851</id>
    <date>
      <year-start>1903</year-start>
      <year-end>1908</year-end>
    </date>
    <tags />
    <melody />
  <author>Anonymous</author></meta>
  <text>
    <lg type="song">
      <lg id="s1" type="stanza">
        <l id="s1:l1">Ic wil mee ende ic wil mee,</l>
        <l id="s1:l2">van der werelt so wil ic scheiden.</l>
        <l id="s1:l3">Heer Jesus is die liefste mijn,</l>
        <l id="s1:l4">nae hem so wil ic beiden.</l>
      </lg>
      <lg id="s2" type="stanza">
        <l id="s2:l1">Och edele here van hemelrijc,</l>
        <l id="s2:l2">nemet ons in uwer ghenaden;</l>
        <l id="s2:l3">ghi hebt ons also duur ghecoft</l>
        <l id="s2:l4">mit uwen heilighen bloede.</l>
      </lg>
      <lg id="s3" type="stanza">
        <l id="s3:l1">Ic sach Jesus aen den cruce staen;</l>
        <l id="s3:l2">sal hi daer langhe aen duren,</l>
        <l id="s3:l3">so wil ic onder den cruce gaen</l>
        <l id="s3:l4">ende helpen Marien truren.</l>
      </lg>
      <lg id="s4" type="stanza">
        <l id="s4:l1">Ic sach Jesus aen den cruce staen,</l>
        <l id="s4:l2">mijn alreliefste minne:</l>
        <l id="s4:l3">dat ic hem niet ghehelpen en can,</l>
        <l id="s4:l4">dat breket mi mine sinne.</l>
      </lg>
      <lg id="s5" type="stanza">
        <l id="s5:l1">&#8216;Och siele, dat moet immer sijn</l>
        <l id="s5:l2">ende ghi moet immer liden,</l>
        <l id="s5:l3">ic leet wel drie ende dertich jaer</l>
        <l id="s5:l4">ende al om uwen willen.&#8217;</l>
      </lg>
      <lg id="s6" type="stanza">
        <l id="s6:l1">Ic heb een heimelic vonkelkijn</l>
        <l id="s6:l2">in minen herten ghevonden,</l>
        <l id="s6:l3">dat verlicht die siele mijn,</l>
        <l id="s6:l4">het quam uut Jesus wonden.</l>
      </lg>
      <lg id="s7" type="stanza">
        <l id="s7:l1">Wanneer ic Jesus anesie</l>
        <l id="s7:l2">mit sinen heilighen wonden,</l>
        <l id="s7:l3">so doet mi mijn hert so wee</l>
        <l id="s7:l4">van minnentliken wonder.</l>
      </lg>
      <lg id="s8" type="stanza">
        <l id="s8:l1">Wel hen ende laet ons blide sijn,</l>
        <l id="s8:l2">dat gaet nae onsen begheren.</l>
        <l id="s8:l3">Wil Jesus onse hulper sijn,</l>
        <l id="s8:l4">so en mach ons niemant deren.</l>
      </lg>
    </lg>
  </text>
</song>