<song>
  <meta>
    <id>16860</id>
    <date>
      <year-start>1903</year-start>
      <year-end>1908</year-end>
    </date>
    <tags />
    <melody>Ik wil van deze avond</melody>
  <author>Anonymous</author></meta>
  <text>
    <lg type="song">
      <lg id="s1" type="stanza">
        <l id="s1:l1">Ik wil van dezen avond</l>
        <l id="s1:l2">nog eens uit vrijen gaan,</l>
        <l id="s1:l3">om mijn zoete lief te spreken;</l>
        <l id="s1:l4">of mijn jonger hert zal breken,</l>
        <l id="s1:l5">moet ik voor haar venster staan.</l>
      </lg>
      <lg id="s2" type="stanza">
        <l id="s2:l1">&#8216;Slaapt gij ofte waakt gij,</l>
        <l id="s2:l2">mijn lief, mijn toeverlaat?</l>
        <l id="s2:l3">of legt gij in een droome,</l>
        <l id="s2:l4">zoo peist dog aan een perzoone,</l>
        <l id="s2:l5">die hier voor uw venster staat!&#8217;</l>
      </lg>
      <lg id="s3" type="stanza">
        <l id="s3:l1">- &#8216;Ik slaaper en ik waaker</l>
        <l id="s3:l2">maar alzo vaste niet;</l>
        <l id="s3:l3">ik hoor wel aan uw treuren;</l>
        <l id="s3:l4">gij en meugt mij niet gebeuren,</l>
        <l id="s3:l5">ik en ben de liefste niet.&#8217;</l>
      </lg>
      <lg id="s4" type="stanza">
        <l id="s4:l1">- &#8216;Klappers en klappeyen</l>
        <l id="s4:l2">die zaaien haren zaad;</l>
        <l id="s4:l3">ik zal u wel verwinnen,</l>
        <l id="s4:l4">zoete lief, verkeert uw zinnen,</l>
        <l id="s4:l5">want ik zoek eenigen raad.&#8217;</l>
      </lg>
      <lg id="s5" type="stanza">
        <l id="s5:l1">- &#8216;Klappers en klappeyen</l>
        <l id="s5:l2">en hebben 't u niet gedaan;</l>
        <l id="s5:l3">gaat bij u lief verheven</l>
        <l id="s5:l4">en die zal u wel troost geven,</l>
        <l id="s5:l5">blijft dog hier niet langer staan.&#8217;</l>
      </lg>
      <lg id="s6" type="stanza">
        <l id="s6:l1">- &#8216;Lief, doet uw deurtjen open</l>
        <l id="s6:l2">al zonder quaad vermoen!</l>
        <l id="s6:l3">'t is alzoo kleine zaake,</l>
        <l id="s6:l4">ei, schoon lief, staat mij te spraake,</l>
        <l id="s6:l5">want gij zult mijn vriendschap doen.&#8217;</l>
      </lg>
      <lg id="s7" type="stanza">
        <l id="s7:l1">- &#8216;Ik en wil mijn deurtjen</l>
        <l id="s7:l2">voor u niet open doen,</l>
        <l id="s7:l3">nog mijn venster niet ontsluiten;</l>
        <l id="s7:l4">stouten ruiter, staat er buiten,</l>
        <l id="s7:l5">kiest een ander die 't gaaren doen.&#8217;</l>
      </lg>
      <lg id="s8" type="stanza">
        <l id="s8:l1">- &#8216;Zoo mag ik dan wel wandelen,</l>
        <l id="s8:l2">zoo mag ik dan wel gaan</l>
        <l id="s8:l3">en dolen op der straaten?</l>
        <l id="s8:l4">lief, gij woudt mij niet inlaten</l>
        <l id="s8:l5">en wat heb ik u misdaan?&#8217;</l>
      </lg>
      <lg id="s9" type="stanza">
        <l id="s9:l1">- &#8216;Wilt gij dan zoo gaan wandelen</l>
        <l id="s9:l2">en wilt gij dan zoo gaan,</l>
        <l id="s9:l3">keert nog eens henwarts omme,</l>
        <l id="s9:l4">lief, ik zal u wel bij komen,</l>
        <l id="s9:l5">blijfter nog een weinig staan.&#8217;</l>
      </lg>
    </lg>
  </text>
</song>