<song>
  <meta>
    <id>16895</id>
    <date>
      <year-start>1903</year-start>
      <year-end>1908</year-end>
    </date>
    <tags />
    <melody>Jeugd en deugd</melody>
  <author>Anonymous</author></meta>
  <text>
    <lg type="song">
      <lg id="s1" type="stanza">
        <l id="s1:l1">Ick breng mijn naeste gebeur een dronc,</l>
        <l id="s1:l2">ick hoop hy sal dat wachten;</l>
        <l id="s1:l3">ick gunt hem wt mijns hertsen gront,</l>
        <l id="s1:l4">met vrolijcke ghedachten.</l>
        <l id="s1:l5">Wijn, wijn, fijn edele wijn,</l>
        <l id="s1:l6">sober wilt ghy ghedroncken zijn,</l>
        <l id="s1:l7">anders soo zijt ghy fenijn</l>
        <l id="s1:l8">van wonderlijcke crachten.</l>
      </lg>
      <lg id="s2" type="stanza">
        <l id="s2:l1">Als ick den edelen wijn aanschou,</l>
        <l id="s2:l2">vergeet ick mijn labueren,</l>
        <l id="s2:l3">en voeg het in de beste vou,</l>
        <l id="s2:l4">en laet fiolen trueren.</l>
        <l id="s2:l5">Wijn, wijn, fijn edelen wijn,</l>
        <l id="s2:l6">sober wilt ghy ghedroncken zijn,</l>
        <l id="s2:l7">anders soo zijt ghy fenijn,</l>
        <l id="s2:l8">men moet u dick besueren.</l>
      </lg>
      <lg id="s3" type="stanza">
        <l id="s3:l1">Den wijn die proefmen by den smaeck,</l>
        <l id="s3:l2">als ons die oude leeren;</l>
        <l id="s3:l3">hy verdrijft soo menich mensch den vaeck,</l>
        <l id="s3:l4">die by nacht bancketeren.</l>
        <l id="s3:l5">Wijn, wijn, fijn edelen wijn,</l>
        <l id="s3:l6">sober wilt ghy ghedroncken zijn,</l>
        <l id="s3:l7">anders soo zijt ghij fenijn</l>
        <l id="s3:l8">en wilt den mensch regeeren.</l>
      </lg>
      <lg id="s4" type="stanza">
        <l id="s4:l1">De wijn is wt, den kroes is leech,</l>
        <l id="s4:l2">een ander doe ick schencken,</l>
        <l id="s4:l3">my dunckt ick creech so wel mijn deech,</l>
        <l id="s4:l4">ick can gheen droefheyt dencken.</l>
        <l id="s4:l5">Wijn, wijn, fijn edelen wijn,</l>
        <l id="s4:l6">sober wilt ghy ghedroncken zijn,</l>
        <l id="s4:l7">anders soo zijt ghy fenijn,</l>
        <l id="s4:l8">en doet de hont wel hincken.</l>
      </lg>
      <lg id="s5" type="stanza">
        <l id="s5:l1">Ontfangt van mijn den beker net,</l>
        <l id="s5:l2">mijn vrienden wtvercoren,</l>
        <l id="s5:l3">en drinckt het wt met eenen set,</l>
        <l id="s5:l4">als ick u dede te voren.</l>
        <l id="s5:l5">Wijn, wijn, fijn edelen wijn,</l>
        <l id="s5:l6">sober wilt ghy ghedroncken zijn,</l>
        <l id="s5:l7">anders soo zijt ghy fenijn,</l>
        <l id="s5:l8">ghy doet ons vreucht oorboren.</l>
      </lg>
      <lg id="s6" type="stanza">
        <l id="s6:l1">No&#235; die heeft den wijn gheplant</l>
        <l id="s6:l2">al door t' bevel des Heeren;</l>
        <l id="s6:l3">God den Heer sy lof en danck,</l>
        <l id="s6:l4">diet al hier doet vermeeren.</l>
        <l id="s6:l5">Wijn, wijn, fijn edelen wijn,</l>
        <l id="s6:l6">den menschen hart verheucht ghy fijn;</l>
        <l id="s6:l7">ghy zijt een goede medecijn,</l>
        <l id="s6:l8">als ons die Schrift doet leeren.</l>
      </lg>
    </lg>
  </text>
</song>