<song>
  <meta>
    <id>16902</id>
    <date>
      <year-start>1903</year-start>
      <year-end>1908</year-end>
    </date>
    <tags />
    <melody>Ik ging nog hedenmorgen</melody>
  <author>Anonymous</author></meta>
  <text>
    <lg type="song">
      <lg id="s1" type="stanza">
        <l id="s1:l1">Ick gingh op eenen morgen</l>
        <l id="s1:l2">al door den Aerdenhout,</l>
        <l id="s1:l3">daer sagh ick onverborgen</l>
        <l id="s1:l4">Godts werken menighfout;</l>
        <l id="s1:l5">de vogeltjes songen en maekten vreugt,</l>
        <l id="s1:l6">de konijntjes liepen in 't wilde,</l>
        <l id="s1:l7">mijn hert was seer verheught.</l>
      </lg>
      <lg id="s2" type="stanza">
        <l id="s2:l1">Ick sagh de bloemtjes spruyten</l>
        <l id="s2:l2">van veelderley coleur,</l>
        <l id="s2:l3">kruyden goet van virtuyten</l>
        <l id="s2:l4">en daer toe soet van geur;</l>
        <l id="s2:l5">ick gingh hem loven alleen waer deur</l>
        <l id="s2:l6">sy uyt der aerden spruyten</l>
        <l id="s2:l7">en staen in haeren fleur.</l>
      </lg>
      <lg id="s3" type="stanza">
        <l id="s3:l1">Ick sagh de duynen hooge,</l>
        <l id="s3:l2">daar voor de zee gestelt;</l>
        <l id="s3:l3">o Godt, door u vermoge,</l>
        <l id="s3:l4">beletten sy 't gewelt</l>
        <l id="s3:l5">al van de baren woestigh verstoort;</l>
        <l id="s3:l6">ghy hebt gestelt hare palen,</l>
        <l id="s3:l7">dat zy niet komen voort.</l>
      </lg>
      <lg id="s4" type="stanza">
        <l id="s4:l1">De duynen waren hooge,</l>
        <l id="s4:l2">daer by de vruchten groen;</l>
        <l id="s4:l3">dit siende voor mijn oogen,</l>
        <l id="s4:l4">dacht ick op dat saysoen:</l>
        <l id="s4:l5">'t is immer waer dat den huisman zaeyt,</l>
        <l id="s4:l6">maer Godt moet wasdom geven,</l>
        <l id="s4:l7">of daer wordt niet gemaeyt.</l>
      </lg>
      <lg id="s5" type="stanza">
        <l id="s5:l1">Langs duyn gingh ik spanceeren</l>
        <l id="s5:l2">soo voort na Overveen,</l>
        <l id="s5:l3">en sagh na mijn begeeren</l>
        <l id="s5:l4">Godts wercken groot en kleen:</l>
        <l id="s5:l5">erten, boonen stonden daer groen,</l>
        <l id="s5:l6">oock tarruw en rogge by desen,</l>
        <l id="s5:l7">om ons daer mee te voen.</l>
      </lg>
      <lg id="s6" type="stanza">
        <l id="s6:l1">Ick sagh daer vlas met bloemen</l>
        <l id="s6:l2">dat stont seer fraey en net,</l>
        <l id="s6:l3">daer 't lijnwaet af moet komen;</l>
        <l id="s6:l4">langs duyn so maekt men 't wit:</l>
        <l id="s6:l5">daer uyt loopt water als een fonteyn;</l>
        <l id="s6:l6">so dat men garen en laeken</l>
        <l id="s6:l7">daer maekt schoon, wit en reyn.</l>
      </lg>
      <lg id="s7" type="stanza">
        <l id="s7:l1">Ick quam aen de reviere</l>
        <l id="s7:l2">daer men dat water haelt,</l>
        <l id="s7:l3">daer men dan brouwt het biere,</l>
        <l id="s7:l4">so dat 'er niet en faelt</l>
        <l id="s7:l5">van dat ons dient tot onderhoud;</l>
        <l id="s7:l6">ick sagh de garst daer groeyen</l>
        <l id="s7:l7">daer men van maekt dat mout.</l>
      </lg>
      <lg id="s8" type="stanza">
        <l id="s8:l1">Ick sagh oock met verblijden</l>
        <l id="s8:l2">vrouwtjes, dat is gewis,</l>
        <l id="s8:l3">van Santvoort komen rijden</l>
        <l id="s8:l4">naer Haerlem, met de vis</l>
        <l id="s8:l5">al uyt de zee, seer vers en goet;</l>
        <l id="s8:l6">doen loofde ick Godt den Heere</l>
        <l id="s8:l7">daer 't al of komen moet.</l>
      </lg>
      <lg id="s9" type="stanza">
        <l id="s9:l1">Uyt duyn ben ick gescheyden;</l>
        <l id="s9:l2">doen sagh ick seer pleysant</l>
        <l id="s9:l3">veel beesten in de weyden;</l>
        <l id="s9:l4">Godt geeft ons abondant</l>
        <l id="s9:l5">boter en melk seer vars en goet,</l>
        <l id="s9:l6">oock veellerleye kasen;</l>
        <l id="s9:l7">'t komt ons in overvloet.</l>
      </lg>
      <lg id="s10" type="stanza">
        <l id="s10:l1">'t Is u al onderdanigh,</l>
        <l id="s10:l2">&#244; Heere, wat men hier siet;</l>
        <l id="s10:l3">maer den mensch wederspannigh</l>
        <l id="s10:l4">en acht u gaven niet,</l>
        <l id="s10:l5">noch ook u woord tot ons gebrocht</l>
        <l id="s10:l6">door Christum onsen Heere,</l>
        <l id="s10:l7">die ons so diere kocht,</l>
      </lg>
      <lg id="s11" type="stanza">
        <l id="s11:l1">Met sijn dierbaren bloede,</l>
        <l id="s11:l2">soo Petrus dat beschrijft.</l>
        <l id="s11:l3">Yder zy op sijn hoede:</l>
        <l id="s11:l4">wie ongehoorsaem blijft,</l>
        <l id="s11:l5">met tovenaers sal hy loon ontfaen;</l>
        <l id="s11:l6">Gods rijck moeten sy derven,</l>
        <l id="s11:l7">vind men geschreven staen.</l>
      </lg>
      <lg id="s12" type="stanza">
        <l id="s12:l1">Mijn tijdt ick overleyde</l>
        <l id="s12:l2">van mijnder jeuget aen,</l>
        <l id="s12:l3">mijn hert inwendigh schreyde,</l>
        <l id="s12:l4">docht op Christi vermaen:</l>
        <l id="s12:l5">wy souden wesen een vruchtbaer ranck;</l>
        <l id="s12:l6">hy is den wijnstock reyne,</l>
        <l id="s12:l7">voor hem geven wy stanck.</l>
      </lg>
      <lg id="s13" type="stanza">
        <l id="s13:l1">Wilde druyven wy dragen,</l>
        <l id="s13:l2">voor Godt seer onbequaem;</l>
        <l id="s13:l3">verslijten onse dagen;</l>
        <l id="s13:l4">blameeren 's Heeren-naem;</l>
        <l id="s13:l5">wat sal dan baten al onsen roem?</l>
        <l id="s13:l6">Die sal voor Godt verstuyven</l>
        <l id="s13:l7">gelijck een distel-bloem.</l>
      </lg>
      <lg id="s14" type="stanza">
        <l id="s14:l1">Doen loofd ick Godt almachtig,</l>
        <l id="s14:l2">van herten seer verneert;</l>
        <l id="s14:l3">want door sijn wercken krachtig</l>
        <l id="s14:l4">so heeft hy ons geleert,</l>
        <l id="s14:l5">dat men alleen u moet gehoorsaem zijn</l>
        <l id="s14:l6">de gever aller goeden,</l>
        <l id="s14:l7">der zieken medecijn.</l>
      </lg>
      <lg id="s15" type="stanza">
        <l id="s15:l1">Oud vijf-en-zestig jaren,</l>
        <l id="s15:l2">is dit van mijn gedaen:</l>
        <l id="s15:l3">wat zijnder al zee-baren</l>
        <l id="s15:l4">my over 't hooft gegaen!</l>
        <l id="s15:l5">Somtijds wat weelde, maer veel verdriet;</l>
        <l id="s15:l6">mach ik u, Heere, behouwen,</l>
        <l id="s15:l7">so acht ik 't min als niet.</l>
      </lg>
      <lg id="s16" type="stanza">
        <l id="s16:l1">Men moet het doch al hier laten;</l>
        <l id="s16:l2">wat baet ons gelt of goet,</l>
        <l id="s16:l3">of te zijn hoogh van staten?</l>
        <l id="s16:l4">Daer deur komt hooge moet,</l>
        <l id="s16:l5">dat 't herte van den Heere leydt,</l>
        <l id="s16:l6">en als men dan moeten sterven</l>
        <l id="s16:l7">so is 't te late beschreyt.</l>
      </lg>
      <lg id="s17" type="stanza">
        <l id="s17:l1">Met gedult wil ick verbeyden,</l>
        <l id="s17:l2">Heer, mijnen lesten dagh,</l>
        <l id="s17:l3">ick hoop, gy sult my leyden</l>
        <l id="s17:l4">daer den rijcken Lazarus sagh;</l>
        <l id="s17:l5">dat's een exempel ons voorgestelt:</l>
        <l id="s17:l6">dan waer mijn ziel genesen;</l>
        <l id="s17:l7">'t staet al in u gewelt.</l>
      </lg>
      <lg id="s18" type="stanza">
        <l id="s18:l1">Oorlof Prince, God Heere,</l>
        <l id="s18:l2">die al door goetheyt geeft,</l>
        <l id="s18:l3">ook mannen die regeren</l>
        <l id="s18:l4">met wijsheyt, seer beleeft,</l>
        <l id="s18:l5">so dat men steden en dorpen fijn</l>
        <l id="s18:l6">nu magh met vreden bewoonen</l>
        <l id="s18:l7">en Godt gehoorsaem zijn.</l>
      </lg>
    </lg>
  </text>
</song>