<song>
  <meta>
    <id>17006</id>
    <date>
      <year-start>1903</year-start>
      <year-end>1908</year-end>
    </date>
    <tags />
    <melody>Ik wil mij gaan verheugen</melody>
  <author>Anonymous</author></meta>
  <text>
    <lg type="song">
      <lg id="s1" type="stanza">
        <l id="s1:l1">Ick wil mij gaen verheugen,</l>
        <l id="s1:l2">verblyden mijnen moet</l>
        <l id="s1:l3">in dat prieel van vreuchden,</l>
        <l id="s1:l4">Calvarien es so soet;</l>
        <l id="s1:l5">Heer Jesus bloet</l>
        <l id="s1:l6">dat gheeft soo soeten roke,</l>
        <l id="s1:l7">die roosen soet</l>
        <l id="s1:l8">die staen soo wijt ontploken.</l>
      </lg>
      <lg id="s2" type="stanza">
        <l id="s2:l1">Die edel nachtegale</l>
        <l id="s2:l2">die sanck soo soeten sanc;</l>
        <l id="s2:l3">al inder minnen quale</l>
        <l id="s2:l4">ginc hij drij uren lanck;</l>
        <l id="s2:l5">met schoon geclanc</l>
        <l id="s2:l6">soo sanck hij met seven thoonen;</l>
        <l id="s2:l7">die Vader eer lanck</l>
        <l id="s2:l8">die hoordet inden troone.</l>
      </lg>
      <lg id="s3" type="stanza">
        <l id="s3:l1">Dat ierste liet van minnen</l>
        <l id="s3:l2">dat hij gesongen heeft</l>
        <l id="s3:l3">met onverstroyden sinnen,</l>
        <l id="s3:l4">seyt hij: &#8216;Vader, die leeft,</l>
        <l id="s3:l5">dit volck dat sneeft,</l>
        <l id="s3:l6">die mij die doot doen smaecken,</l>
        <l id="s3:l7">dit hen vergheeft,</l>
        <l id="s3:l8">sij en weten niet wat sij maken.&#8217;</l>
      </lg>
      <lg id="s4" type="stanza">
        <l id="s4:l1">Dat tweede liedeken reyne</l>
        <l id="s4:l2">sanck onsen coninck voort,</l>
        <l id="s4:l3">totten moordenaer ghemeyne</l>
        <l id="s4:l4">sprack hij dat soete woort:</l>
        <l id="s4:l5">&#8216;met mij accoort,</l>
        <l id="s4:l6">soo suldi heden wesen</l>
        <l id="s4:l7">int paradijs,</l>
        <l id="s4:l8">vol weelden, al ghenesen.&#8217;</l>
      </lg>
      <lg id="s5" type="stanza">
        <l id="s5:l1">Met pijnen ende smerte</l>
        <l id="s5:l2">sanc hij dat derde liet;</l>
        <l id="s5:l3">tot sijn moeder bedroeft van herte</l>
        <l id="s5:l4">seyde hij: &#8216;o wijf, nu siet,</l>
        <l id="s5:l5">hoort mijn bediet,</l>
        <l id="s5:l6">dit is u sone voortaene;&#8217;</l>
        <l id="s5:l7">en tot sint Jan:</l>
        <l id="s5:l8">&#8216;siet daer u moeder aene.&#8217;</l>
      </lg>
      <lg id="s6" type="stanza">
        <l id="s6:l1">Hij hinc vol wonden ende pijne</l>
        <l id="s6:l2">den bloedighen bruydegom root,</l>
        <l id="s6:l3">sijn cracht begonst te verdwijnen</l>
        <l id="s6:l4">hij was ghelaten bloot;</l>
        <l id="s6:l5">met stemmen groot</l>
        <l id="s6:l6">riep hij tot onser baten:</l>
        <l id="s6:l7">&#8216;mijn Godt, mijn Godt,</l>
        <l id="s6:l8">waerom hebdi mij verlaten?&#8217;</l>
      </lg>
      <lg id="s7" type="stanza">
        <l id="s7:l1">Die hittighe minnen stralen</l>
        <l id="s7:l2">verdroogden die soete borst,</l>
        <l id="s7:l3">Jesus riep met soeter taelen,</l>
        <l id="s7:l4">die hooch gheboren vorst,</l>
        <l id="s7:l5">met grooten lost</l>
        <l id="s7:l6">ende met begeerlijcheden:</l>
        <l id="s7:l7">&#8216;o siel, my dorst</l>
        <l id="s7:l8">naer uwer salicheden.&#8217;</l>
      </lg>
      <lg id="s8" type="stanza">
        <l id="s8:l1">Als hij nu was gecomen</l>
        <l id="s8:l2">tot alder propheten bediet,</l>
        <l id="s8:l3">sanc hij met herten vrome,</l>
        <l id="s8:l4">dat hem die minne riet;</l>
        <l id="s8:l5">hij seyde: &#8216;nu siet,</l>
        <l id="s8:l6">mijn armkens staen ontloken.</l>
        <l id="s8:l7">tis al vervult,</l>
        <l id="s8:l8">die gratie es wt ghevloten.&#8217;</l>
      </lg>
      <lg id="s9" type="stanza">
        <l id="s9:l1">Hij brack des vyants banden,</l>
        <l id="s9:l2">hij riep met grooter eerst:</l>
        <l id="s9:l3">&#8216;o Vader, in uwen handen</l>
        <l id="s9:l4">bevele ick mijnen gheest;</l>
        <l id="s9:l5">die liefde meest</l>
        <l id="s9:l6">die heeft mij doen smaken</l>
        <l id="s9:l7">den bitteren doot,</l>
        <l id="s9:l8">wt minnen en charitaten.&#8217;</l>
      </lg>
      <lg id="s10" type="stanza">
        <l id="s10:l1">O prince, ghij hebt victorie</l>
        <l id="s10:l2">al door u bitter doot,</l>
        <l id="s10:l3">brengt ons tot uwer glorie</l>
        <l id="s10:l4">al door u wonden root;</l>
        <l id="s10:l5">dijn liefde groot</l>
        <l id="s10:l6">doet ons altijt ghedincken,</l>
        <l id="s10:l7">met danckbaerheyt</l>
        <l id="s10:l8">in uwen lof ontsincken.</l>
      </lg>
    </lg>
  </text>
</song>