<song>
  <meta>
    <id>17021</id>
    <date>
      <year-start>1903</year-start>
      <year-end>1908</year-end>
    </date>
    <tags />
    <melody>Ik was er een haasje</melody>
  <author>Anonymous</author></meta>
  <text>
    <lg type="song">
      <lg id="s1" type="stanza">
        <l id="s1:l1">Ik ben een haaske en zit al in het groen,</l>
        <l id="s1:l2">waar kan ik dan nog minder schade doen?</l>
        <l id="s1:l3">Om mij wat te verzaden</l>
        <l id="s1:l4">eet ik wat groene bladen,</l>
        <l id="s1:l5">en drinke dan daarbij, alleen voor mijn plezier,</l>
        <l id="s1:l6">een teugje schoon water van die klare rivier.</l>
      </lg>
      <lg id="s2" type="stanza">
        <l id="s2:l1">Dan loop ik die bergen al op zeer snel,</l>
        <l id="s2:l2">maar vele van die honden achterhalen mij wel;</l>
        <l id="s2:l3">dan zitten die slimme boeren</l>
        <l id="s2:l4">o, ja, op mij te loeren,</l>
        <l id="s2:l5">met koperdraad, met strikken overgroot,</l>
        <l id="s2:l6">zoo brengen zij dat arm haaske tot den dood.</l>
      </lg>
      <lg id="s3" type="stanza">
        <l id="s3:l1">En hebben ze mij dan gevangen,</l>
        <l id="s3:l2">dan zal het zeker tot een' vasten strijd uitgangen;</l>
        <l id="s3:l3">de-n eene zegt: de mijne!</l>
        <l id="s3:l4">de-n anderen zegt: de zijne!</l>
        <l id="s3:l5">maar wie mij dan ook heeft, het baat er mij toch niet,</l>
        <l id="s3:l6">ik arme haaske zit al in 't verdriet.</l>
      </lg>
      <lg id="s4" type="stanza">
        <l id="s4:l1">Maar in mijn droefheid schep ik nog veel moed,</l>
        <l id="s4:l2">omdat er wordt ge&#235;ten van dat edele bloed;</l>
        <l id="s4:l3">dan komen ze mij te zetten</l>
        <l id="s4:l4">op tafels en servetten,</l>
        <l id="s4:l5">en drinken dan daarbij een glaasje rooden wijn;</l>
        <l id="s4:l6">wat kan men dan nog beter als een haasje zijn?</l>
      </lg>
      <lg id="s5" type="stanza">
        <l id="s5:l1">Hoe menig hoogadelijke juffrouw</l>
        <l id="s5:l2">die dragen mijn velleken al voor den kou,</l>
        <l id="s5:l3">om heuren hals en armen</l>
        <l id="s5:l4">om zich wat te verwarmen;</l>
        <l id="s5:l5">hoe menig jongen heer rond zijnen hoed;</l>
        <l id="s5:l6">wat valt er mij dat velleken zoo zachtjes en zoo zoet.</l>
      </lg>
    </lg>
  </text>
</song>