<song>
  <meta>
    <id>17038</id>
    <date>
      <year-start>1903</year-start>
      <year-end>1908</year-end>
    </date>
    <tags />
    <melody />
  <author>Anonymous</author></meta>
  <text>
    <lg type="song">
      <lg id="s1" type="stanza">
        <l id="s1:l1">Ik heb op myn slaepkamerken</l>
        <l id="s1:l2">nog een yvoore lierken,</l>
        <l id="s1:l3">het eerste kindje, dat ik koop,</l>
        <l id="s1:l4">en dat zal heeten Pierken:</l>
        <l id="s1:l5">alzoo speelt Pierken</l>
        <l id="s1:l6">op zyn yvooren lierken.</l>
      </lg>
      <lg id="s2" type="stanza">
        <l id="s2:l1">Ik heb op myn slaepkamerken</l>
        <l id="s2:l2">nog een yvooren klooterspan,</l>
        <l id="s2:l3">het eerste kindje, dat ik koop,</l>
        <l id="s2:l4">en dat zal heeten Adriaen:</l>
        <l id="s2:l5">alzoo speelt Adriaen</l>
        <l id="s2:l6">op zyn yvooren klooterspan,</l>
      </lg>
      <lg id="s3" type="stanza">
        <l id="s3:l1">Ik heb op myn slaepkamerken</l>
        <l id="s3:l2">nog een yvooren beezeken,</l>
        <l id="s3:l3">het eerste kindje, dat ik koop,</l>
        <l id="s3:l4">en dat zal heeten Threseken:</l>
        <l id="s3:l5">alzoo knabbelt Threseken</l>
        <l id="s3:l6">op haer ivooren beezeken.</l>
      </lg>
      <lg id="s4" type="stanza">
        <l id="s4:l1">Ik heb op myn slaepkamerken</l>
        <l id="s4:l2">nog een yvoren doosken,</l>
        <l id="s4:l3">het eerste kindje, dat ik koop,</l>
        <l id="s4:l4">en dat zal heeten Soosken:</l>
        <l id="s4:l5">alzoo snuift Soosken</l>
        <l id="s4:l6">uit haer yvooren doosken.</l>
      </lg>
      <lg id="s5" type="stanza">
        <l id="s5:l1">Ik heb op myn slaepkamerken</l>
        <l id="s5:l2">nog een yvooren kapelleken,</l>
        <l id="s5:l3">het eerste kindje, dat ik koop,</l>
        <l id="s5:l4">en dat zal heeten Nelleken:</l>
        <l id="s5:l5">alzoo leest Nelleken</l>
        <l id="s5:l6">voor haer ivooren kapelleken.</l>
      </lg>
    </lg>
  </text>
</song>