<song>
  <meta>
    <id>17045</id>
    <date>
      <year-start>1903</year-start>
      <year-end>1908</year-end>
    </date>
    <tags />
    <melody>Ik klom de boom al op die mij te hoog</melody>
  <author>Anonymous</author></meta>
  <text>
    <lg type="song">
      <lg id="s1" type="stanza">
        <l id="s1:l1">Ik klom 'er de boom al op</l>
        <l id="s1:l2">en die my te hooge was;</l>
        <l id="s1:l3">de takjes braken aan stukken</l>
        <l id="s1:l4">en ik viel al in het gras,</l>
        <l id="s1:l5">en met een kwam daar myn zoete lief aan ryden.</l>
      </lg>
      <lg id="s2" type="stanza">
        <l id="s2:l1">&#8216;Lief, wilt gy met my ryden,</l>
        <l id="s2:l2">lief, wilt gy met my gaen,</l>
        <l id="s2:l3">ik zalder jou benen leiden,</l>
        <l id="s2:l4">daar de geele goud roosjes staan,</l>
        <l id="s2:l5">en daar zal ik jou trouwen tot myn vrouwe.&#8217;</l>
      </lg>
      <lg id="s3" type="stanza">
        <l id="s3:l1">- &#8216;Ik wilder niet met jou ryden,</l>
        <l id="s3:l2">ik wilder niet met jou gaan,</l>
        <l id="s3:l3">myn moeder zoude my schelden,</l>
        <l id="s3:l4">myn vader zou my slaan,</l>
        <l id="s3:l5">en ik zou alzoo zeer geslagen worden.&#8217;</l>
      </lg>
      <lg id="s4" type="stanza">
        <l id="s4:l1">- &#8216;Waarom zou moeder jou schelden,</l>
        <l id="s4:l2">waarom zou vader jou slaan?</l>
        <l id="s4:l3">gy hebt de geele goud roosjes</l>
        <l id="s4:l4">voorwaar geen leed gedaan,</l>
        <l id="s4:l5">gy hebt uw eertje al zo wel behouwen.&#8217;</l>
      </lg>
      <lg id="s5" type="stanza">
        <l id="s5:l1">Ik lag 'er te nagt en sliep</l>
        <l id="s5:l2">al inne mijn zoete liefs arm,</l>
        <l id="s5:l3">ik moest 'er wederom uit;</l>
        <l id="s5:l4">hei 't was heet, 't was koud, 't was warm;</l>
        <l id="s5:l5">van de alderliefste moest ik scheiden.</l>
      </lg>
      <lg id="s6" type="stanza">
        <l id="s6:l1">O scheiden, bitt're scheiden,</l>
        <l id="s6:l2">als het immers wezen moet,</l>
        <l id="s6:l3">hoe no&#244; is 't dat wy scheiden</l>
        <l id="s6:l4">al van dat 's herten bloed,</l>
        <l id="s6:l5">en hoe no&#244; is 't dat wy scheiden van de liefste.</l>
      </lg>
    </lg>
  </text>
</song>