<song>
  <meta>
    <id>17042</id>
    <date>
      <year-start>1903</year-start>
      <year-end>1908</year-end>
    </date>
    <tags />
    <melody>Son mille tormenti</melody>
  <author>Anonymous</author></meta>
  <text>
    <lg type="song">
      <lg id="s1" type="stanza">
        <l id="s1:l1">Ik hoorde dees dagen</l>
        <l id="s1:l2">een maagetje klagen:</l>
        <l id="s1:l3">&#8216;wat moet ik, wat moet ik verdragen?</l>
        <l id="s1:l4">Die mijn plagt te beminnen</l>
        <l id="s1:l5">is veranderd van zinnen;</l>
        <l id="s1:l6">dat minnen, dat minnen van binnen.</l>
      </lg>
      <lg id="s2" type="stanza">
        <l id="s2:l1">&#8216;Wat kander mijn baaten</l>
        <l id="s2:l2">zijn vriendelijk praaten?</l>
        <l id="s2:l3">Nu ben ik, nu ben ik verlaaten;</l>
        <l id="s2:l4">door spreeken en smeeken,</l>
        <l id="s2:l5">is de liefde ontsteeken,</l>
        <l id="s2:l6">och ik ben schier, och ik ben schier bezweeken.</l>
      </lg>
      <lg id="s3" type="stanza">
        <l id="s3:l1">&#8216;Hy was 'er verheven,</l>
        <l id="s3:l2">hy wou der my geven,</l>
        <l id="s3:l3">zijn trouwtje, zijn trouwtje verheven;</l>
        <l id="s3:l4">door kweelen en speelen,</l>
        <l id="s3:l5">en fluyten en veelen,</l>
        <l id="s3:l6">hy mijn hertjen, hy mijn hertjen kwam steelen.</l>
      </lg>
      <lg id="s4" type="stanza">
        <l id="s4:l1">&#8216;Ik plagter om te lachen,</l>
        <l id="s4:l2">nu vind ik mijn nagten</l>
        <l id="s4:l3">in traanen, in traanen en klagten;</l>
        <l id="s4:l4">mijn vreugd en genugten</l>
        <l id="s4:l5">gaat van mijn vlugten,</l>
        <l id="s4:l6">veranderd, veranderd in zugten.</l>
      </lg>
      <lg id="s5" type="stanza">
        <l id="s5:l1">&#8216;Wat kander mijn baten</l>
        <l id="s5:l2">honderd-duyzend ducaten,</l>
        <l id="s5:l3">als ik der, als ik der moet laten?</l>
        <l id="s5:l4">Alle mijn klugten</l>
        <l id="s5:l5">zijn veranderd in zugten</l>
        <l id="s5:l6">waar zal ik, waar zal ik nu vlugten?</l>
      </lg>
      <lg id="s6" type="stanza">
        <l id="s6:l1">&#8216;Gy was 'er bedrogen,</l>
        <l id="s6:l2">hy kwam voor uw oogen,</l>
        <l id="s6:l3">u traanen, u traanen af-droogen;</l>
        <l id="s6:l4">alle u klagen</l>
        <l id="s6:l5">zijn droevige dagen;</l>
        <l id="s6:l6">laat staan, lief, laat staan, lief, u klagen.</l>
      </lg>
      <lg id="s7" type="stanza">
        <l id="s7:l1">&#8216;Houd op, dwaze zinnen,</l>
        <l id="s7:l2">van u droevige minnen,</l>
        <l id="s7:l3">als gy niet, als gy niet kund winnen:</l>
        <l id="s7:l4">wild staaken u klagen,</l>
        <l id="s7:l5">dat nagten en dagen</l>
        <l id="s7:l6">u zieltje, u zieltje kwam plagen.&#8217;</l>
      </lg>
      <lg id="s8" type="stanza">
        <l id="s8:l1">&#8216;Ach hy doet mijn sterven,</l>
        <l id="s8:l2">wat wenst gy te erven</l>
        <l id="s8:l3">die u zal, die u zal bederven?</l>
        <l id="s8:l4">Hy wenst naar u lijden,</l>
        <l id="s8:l5">wild hem dan ook myden,</l>
        <l id="s8:l6">die gy eerst, die gy eerst, zo vryden.</l>
      </lg>
      <lg id="s9" type="stanza">
        <l id="s9:l1">&#8216;Daar zijn der meer ander</l>
        <l id="s9:l2">verliefd op elkander,</l>
        <l id="s9:l3">maar Goden, maar Goden hoe schrander</l>
        <l id="s9:l4">zou minnen en haaten,</l>
        <l id="s9:l5">dat hem schijnd te baaten,</l>
        <l id="s9:l6">wie kan dat, wie kan dat verlaaten?&#8217;</l>
      </lg>
      <lg id="s10" type="stanza">
        <l id="s10:l1">- &#8216;Neen, waarde Clarinde,</l>
        <l id="s10:l2">die ik wel eerst diende,</l>
        <l id="s10:l3">en jonger en jonger beminde,</l>
        <l id="s10:l4">'k en zal in mijn leven</l>
        <l id="s10:l5">u nimmer begeven.&#8217;</l>
        <l id="s10:l6">- &#8216;&#244; Herder, &#244; herder verheven.&#8217;</l>
      </lg>
    </lg>
  </text>
</song>