<song>
  <meta>
    <id>17044</id>
    <date>
      <year-start>1903</year-start>
      <year-end>1908</year-end>
    </date>
    <tags />
    <melody>Ik hoorde laatst in deze dagen</melody>
  <author>Anonymous</author></meta>
  <text>
    <lg type="song">
      <lg id="s1" type="stanza">
        <l id="s1:l1">Ik hoorde lest in deze dagen</l>
        <l id="s1:l2">een nonneken klagen</l>
        <l id="s1:l3">van zijnen staet,</l>
        <l id="s1:l4">maer 't was te laet.</l>
        <l id="s1:l5">'t Zei: &#8216;moet ik het hier al bezuren</l>
        <l id="s1:l6">tusschen vier muren,</l>
        <l id="s1:l7">of is er voor my geene raed?</l>
        <l id="s1:l8">Och neen, och neen, 't is al gedaen,</l>
        <l id="s1:l9">'k en mag niet spelen noch wandelen gaen.</l>
        <l id="s1:l10">Ach, ach, ach, wat heb ik gedaen!</l>
      </lg>
      <lg id="s2" type="stanza">
        <l id="s2:l1">&#8216;Zy wisten my zoo zeer te vleijen.</l>
        <l id="s2:l2">en te klappeijen;</l>
        <l id="s2:l3">'t was al: mijn kind,</l>
        <l id="s2:l4">'k raed u als vrind;</l>
        <l id="s2:l5">gy zijt vast tot den doek geboren,</l>
        <l id="s2:l6">van God verkoren,</l>
        <l id="s2:l7">gy zijt de bruid die hy bemint.</l>
        <l id="s2:l8">Nog langer te wachten en is geen profijt,</l>
        <l id="s2:l9">sa, laet u maer kleeden, het is meer dan tijd,</l>
        <l id="s2:l10">dat gy ook een nonneken zijt.&#8217;</l>
      </lg>
      <lg id="s3" type="stanza">
        <l id="s3:l1">&#8216;En toen ben ik door zoete reden</l>
        <l id="s3:l2">daer in getreden,</l>
        <l id="s3:l3">al met der daed:</l>
        <l id="s3:l4">proficiat!</l>
        <l id="s3:l5">Zy waren my al zeer bevallig</l>
        <l id="s3:l6">en liefgetallig,</l>
        <l id="s3:l7">en toonden my een bly gelaet.</l>
        <l id="s3:l8">Zy zeiden: &#8216;maseurken al valt het nu zwaer,</l>
        <l id="s3:l9">en weest niet bedroefd, het en duert maer een jaer,</l>
        <l id="s3:l10">'t is vreugden en spelen daer naer.&#8217;</l>
      </lg>
      <lg id="s4" type="stanza">
        <l id="s4:l1">&#8216;Ik dacht: die vreugden en dat spelen</l>
        <l id="s4:l2">zal mij vervelen,</l>
        <l id="s4:l3">want ik wist wel</l>
        <l id="s4:l4">een ander spel:</l>
        <l id="s4:l5">achter de straten te gaen zwieren</l>
        <l id="s4:l6">in de plaisieren,</l>
        <l id="s4:l7">en nevens my een jong gezel;</l>
        <l id="s4:l8">'k zou lonken en pronken als een jonkvrouw,</l>
        <l id="s4:l9">'k zou nygen, dat 't hemdeken naslepen zou.</l>
        <l id="s4:l10">Ach, ach, ach, ware ik eene vrouw!</l>
      </lg>
      <lg id="s5" type="stanza">
        <l id="s5:l1">&#8216;Nu lig ik heele lange nachten</l>
        <l id="s5:l2">diep in gedachten,</l>
        <l id="s5:l3">ik lig en gaep,</l>
        <l id="s5:l4">doch zonder slaep,</l>
        <l id="s5:l5">want als my God den slaep zou jonnen</l>
        <l id="s5:l6">dan kloppen de nonnen,</l>
        <l id="s5:l7">zoo dat ik seffens we&#234;r ontwaek:</l>
        <l id="s5:l8">&#8216;maseurken, de metten zijn al geluid!&#8217;</l>
        <l id="s5:l9">Dan moet ik al spoedig te beddewaert uit.</l>
        <l id="s5:l10">Ach, ach, ach, hoe ben ik verbruid!</l>
      </lg>
      <lg id="s6" type="stanza">
        <l id="s6:l1">&#8216;Komt iemand om met my te spreken</l>
        <l id="s6:l2">'t wordt afgeweken:</l>
        <l id="s6:l3">&#8216;z' is in 't gebed,</l>
        <l id="s6:l4">daer is belet;</l>
        <l id="s6:l5">zeg my het maer: of zijn 't secreten</l>
        <l id="s6:l6">die ik niet mag weten?&#8217;</l>
        <l id="s6:l7">En koom ik voor, ik zit in 't net;</l>
        <l id="s6:l8">zijn 't naesten, zijn 't vrienden, men staet achter my;</l>
        <l id="s6:l9">'k en spreek van mijn leven geen woordeken vry.</l>
        <l id="s6:l10">Ach, ach, ware ik uit de ly!</l>
      </lg>
      <lg id="s7" type="stanza">
        <l id="s7:l1">&#8216;Is er dan niemand meer te vinden</l>
        <l id="s7:l2">om my t' ontbinden?</l>
        <l id="s7:l3">Och neen, och neen!</l>
        <l id="s7:l4">ik blyf alleen,</l>
        <l id="s7:l5">en altijd in dit droevig klooster</l>
        <l id="s7:l6">zonder vertrooster;</l>
        <l id="s7:l7">och, kwam er toch eindelijk een!</l>
        <l id="s7:l8">Wist ik hem te vinden in kerk of in kluis,</l>
        <l id="s7:l9">of ware ik een vogel ik vloog er hem t'huis.</l>
        <l id="s7:l10">Ach, ach, ach, wat bitter een kruis!</l>
      </lg>
      <lg id="s8" type="stanza">
        <l id="s8:l1">&#8216;Oorlof, gy nonnen en beggijnen,</l>
        <l id="s8:l2">die heilig schijnen,</l>
        <l id="s8:l3">'t is niet al goud</l>
        <l id="s8:l4">wat gy beschouwt.</l>
        <l id="s8:l5">Daer zijn zoo vele creaturen</l>
        <l id="s8:l6">tusschen vier muren</l>
        <l id="s8:l7">aen wie de nonnendoek berouwt.</l>
        <l id="s8:l8">Daerom, wie ook lust heeft tot zulk eenen staet,</l>
        <l id="s8:l9">ik bid u zoekt langer naer beteren raed.</l>
        <l id="s8:l10">Ach, ach, 't is zoo dikwijls te laet!&#8217;</l>
      </lg>
    </lg>
  </text>
</song>