<song>
  <meta>
    <id>17055</id>
    <date>
      <year-start>1903</year-start>
      <year-end>1908</year-end>
    </date>
    <tags />
    <melody>Trommeltje met snaren</melody>
  <author>Anonymous</author></meta>
  <text>
    <lg type="song">
      <lg id="s1" type="stanza">
        <l id="s1:l1">Ik vinde my bedwongen dat ik zingen moet,</l>
        <l id="s1:l2">ja, dat ik zingen moet</l>
        <l id="s1:l3">een liedeken van minne die my treuren doet;</l>
        <l id="s1:l4">ja, die my treuren doet.</l>
      </lg>
      <lg id="s2" type="stanza">
        <l id="s2:l1">Een liedeken van minne dat ik heb geleerd,</l>
        <l id="s2:l2">ja, dat ik heb geleerd</l>
        <l id="s2:l3">aen eenen kloeken ridder die tot Kaleis reed;</l>
        <l id="s2:l4">ja, die tot Kaleis reed.</l>
      </lg>
      <lg id="s3" type="stanza">
        <l id="s3:l1">Tot Kaleis buyten stede stieft het zand zoo zeer,</l>
        <l id="s3:l2">ja, stieft het zand zoo zeer;</l>
        <l id="s3:l3">maer voor myn zoetliefs deurtje stieft het nog veel meer,</l>
        <l id="s3:l4">ja, stieft het nog veel meer.</l>
      </lg>
    </lg>
  </text>
</song>