<song>
  <meta>
    <id>17060</id>
    <date>
      <year-start>1903</year-start>
      <year-end>1908</year-end>
    </date>
    <tags />
    <melody>Ik was er een haasje</melody>
  <author>Anonymous</author></meta>
  <text>
    <lg type="song">
      <lg id="s1" type="stanza">
        <l id="s1:l1">Ik was er een haasje al in het groene woud,</l>
        <l id="s1:l2">ik werd zoo nagedreven en zoo nagestouwd!</l>
        <l id="s1:l3">En al die edellieden</l>
        <l id="s1:l4">zij naderen, wij vlieden.</l>
        <l id="s1:l5">Zij zullen mij ja vangen door hun geweld;</l>
        <l id="s1:l6">denkt eens hoe dat mijn ledekens hiervan zijn ontsteld!</l>
      </lg>
      <lg id="s2" type="stanza">
        <l id="s2:l1">En ik eet niet als nat gras ende groen:</l>
        <l id="s2:l2">kan ik dan minder schade aan doen?</l>
        <l id="s2:l3">Ja, niet als groene bladen</l>
        <l id="s2:l4">om mij te verzaden;</l>
        <l id="s2:l5">klaar water uit een beek of een rivier,</l>
        <l id="s2:l6">dat drink ik tot mijn plezier.</l>
      </lg>
      <lg id="s3" type="stanza">
        <l id="s3:l1">En als ik loop op de bergen zeer snel,</l>
        <l id="s3:l2">dan zijn er mij de hondekens veel te fel,</l>
        <l id="s3:l3">en in het nederdalen</l>
        <l id="s3:l4">zij mij zoo achterhalen:</l>
        <l id="s3:l5">zij zijn der op mij zoo zeer verwoed,</l>
        <l id="s3:l6">want zij dorsten naar mijn onnoozel bloed!</l>
      </lg>
      <lg id="s4" type="stanza">
        <l id="s4:l1">Dan gaan zij in eene ronde staan,</l>
        <l id="s4:l2">en vragen: &#8216;wiens hondeken heeft het nu gedaan?&#8217;</l>
        <l id="s4:l3">De eene zeit: &#8216;de mijne,&#8217;</l>
        <l id="s4:l4">de andre zeit: &#8216;de zijne,&#8217;</l>
        <l id="s4:l5">doch wiens hondeken het gedaan heeft of niet,</l>
        <l id="s4:l6">ik arm haasje, ik ben in het verdriet!</l>
      </lg>
      <lg id="s5" type="stanza">
        <l id="s5:l1">Hoe menige dame en edele juffrouw</l>
        <l id="s5:l2">die dragen van mijn velleken een zachte mouw,</l>
        <l id="s5:l3">aan handen en aan armen</l>
        <l id="s5:l4">om hen wat te verwarmen;</l>
        <l id="s5:l5">zij dragen zoo menigen schoonen hoed</l>
        <l id="s5:l6">al van mijn velleken zeer zacht en zeer goed.</l>
      </lg>
      <lg id="s6" type="stanza">
        <l id="s6:l1">Maar ever schep ik nog goeden moed:</l>
        <l id="s6:l2">dan word ik al ge&#235;ten van het edel bloed.</l>
        <l id="s6:l3">In alles zij letten:</l>
        <l id="s6:l4">zij mij nederzetten,</l>
        <l id="s6:l5">zij drinken op mij den koelen wijn...</l>
        <l id="s6:l6">kan der wel een properder diertje zijn?</l>
      </lg>
      <lg id="s7" type="stanza">
        <l id="s7:l1">Maar ever prijs ik de jagers van jacht:</l>
        <l id="s7:l2">zij komen wel bij dage, maar niet bij den nacht;</l>
        <l id="s7:l3">maar die lompe boeren</l>
        <l id="s7:l4">die komen ons beloeren</l>
        <l id="s7:l5">met koperen garen zeer straf en zeer groot:</l>
        <l id="s7:l6">onnoozel zoo helpen zij ons ter dood.</l>
      </lg>
    </lg>
  </text>
</song>