<song>
  <meta>
    <id>17093</id>
    <date>
      <year-start>1903</year-start>
      <year-end>1908</year-end>
    </date>
    <tags />
    <melody>In Jezus' naam broeders eerzaam</melody>
  <author>Anonymous</author></meta>
  <text>
    <lg type="song">
      <lg id="s1" type="stanza">
        <l id="s1:l1">In Jesus name,</l>
        <l id="s1:l2">broeders eersame,</l>
        <l id="s1:l3">stelt u eenpaer</l>
        <l id="s1:l4">nu te beghinnen</l>
        <l id="s1:l5">hem te beminnen,</l>
        <l id="s1:l6">al in dit soete nieuwe jaer.</l>
      </lg>
      <lg id="s2" type="stanza">
        <l id="s2:l1">Hy heeft gheleden</l>
        <l id="s2:l2">en is besneden,</l>
        <l id="s2:l3">dats openbaer;</l>
        <l id="s2:l4">wilt u besnijden,</l>
        <l id="s2:l5">sonder vermijden,</l>
        <l id="s2:l6">al in dit soete nieuwe jaer.</l>
      </lg>
      <lg id="s3" type="stanza">
        <l id="s3:l1">Een herte reene</l>
        <l id="s3:l2">en anders gheene,</l>
        <l id="s3:l3">dat sal, voorwaer,</l>
        <l id="s3:l4">winnen alleene</l>
        <l id="s3:l5">t' kindeken cleene,</l>
        <l id="s3:l6">al in dit soete nieuwe jaer.</l>
      </lg>
      <lg id="s4" type="stanza">
        <l id="s4:l1">Breect s' vyants tanden,</l>
        <l id="s4:l2">der sonden banden,</l>
        <l id="s4:l3">al ist u zwaer,</l>
        <l id="s4:l4">wildy gheraken</l>
        <l id="s4:l5">Godt eens te smaken,</l>
        <l id="s4:l6">al in dit soete nieuwe jaer.</l>
      </lg>
      <lg id="s5" type="stanza">
        <l id="s5:l1">Sinnelijck sterven,</l>
        <l id="s5:l2">ghenoechte derven,</l>
        <l id="s5:l3">al valt het zwaer,</l>
        <l id="s5:l4">het doet verwerven</l>
        <l id="s5:l5">d' hemelsche erven,</l>
        <l id="s5:l6">al in dit soete nieuwe jaer.</l>
      </lg>
      <lg id="s6" type="stanza">
        <l id="s6:l1">In Jesu naeme,</l>
        <l id="s6:l2">broeders eersaeme,</l>
        <l id="s6:l3">stelt u eenpaer</l>
        <l id="s6:l4">om te beginnen</l>
        <l id="s6:l5">hem te beminnen</l>
        <l id="s6:l6">al in dit soete nieuwe-jaer.</l>
      </lg>
      <lg id="s7" type="stanza">
        <l id="s7:l1">Een herte reyne,</l>
        <l id="s7:l2">ook anders geyne,</l>
        <l id="s7:l3">dits al voorwaer</l>
        <l id="s7:l4">minnen alleene</l>
        <l id="s7:l5">'t kindeken kleene</l>
        <l id="s7:l6">al in dit soete nieuwe-jaer.</l>
      </lg>
      <lg id="s8" type="stanza">
        <l id="s8:l1">Hy heeft gheleden,</l>
        <l id="s8:l2">hy is besneden,</l>
        <l id="s8:l3">dits openbaer;</l>
        <l id="s8:l4">wilt u besnyden,</l>
        <l id="s8:l5">sonder vermyden,</l>
        <l id="s8:l6">al in dit soete nieuwe-jaer.</l>
      </lg>
      <lg id="s9" type="stanza">
        <l id="s9:l1">Sijn heylig sterven,</l>
        <l id="s9:l2">ghenoechte derven,</l>
        <l id="s9:l3">dits openbaer,</l>
        <l id="s9:l4">dit doet verwerven</l>
        <l id="s9:l5">des hemels erven</l>
        <l id="s9:l6">al in dit soete nieuwe-jaer.</l>
      </lg>
      <lg id="s10" type="stanza">
        <l id="s10:l1">Och, Maria schoone,</l>
        <l id="s10:l2">bidt uwen soone;</l>
        <l id="s10:l3">o maghet klaer,</l>
        <l id="s10:l4">den Godt hier boven</l>
        <l id="s10:l5">wy eeuwig loven</l>
        <l id="s10:l6">al in dit soete nieuwe-jaer.</l>
      </lg>
      <lg id="s11" type="stanza">
        <l id="s11:l1">Vader almagtig,</l>
        <l id="s11:l2">Sone eendrachtigh,</l>
        <l id="s11:l3">Heyligh Geest klaer,</l>
        <l id="s11:l4">een Godt dryvuldig</l>
        <l id="s11:l5">verheft ons schuldig</l>
        <l id="s11:l6">al in dit soete nieuwe-jaer.</l>
      </lg>
    </lg>
  </text>
</song>