<song>
  <meta>
    <id>17123</id>
    <date>
      <year-start>1903</year-start>
      <year-end>1908</year-end>
    </date>
    <tags />
    <melody>Bravade Londesteyn</melody>
  <author>Anonymous</author></meta>
  <text>
    <lg type="song">
      <lg id="s1" type="stanza">
        <l id="s1:l1">Is dit niet wel een vreemde gril?</l>
        <l id="s1:l2">'t Sou hier goed haver saeijen syn:</l>
        <l id="s1:l3">'t geselschap is dus wonder stil</l>
        <l id="s1:l4">in 't midden vande wijn:</l>
        <l id="s1:l5">de wijn die yeders hart ontfonckt,</l>
        <l id="s1:l6">en alle swarigheyd verlicht,</l>
        <l id="s1:l7">daer by sit men nu noch en pronckt</l>
        <l id="s1:l8">met een beveynsd gesicht.</l>
        <l id="s1:l9">Ey waerom doch dus stom en bedeckt?</l>
        <l id="s1:l10">Door goe vreughd wierd de deughd noyt bevleckt.</l>
        <l id="s1:l11">Hey! wilt dat staken, en u vermaken</l>
        <l id="s1:l12">met al wat lust verweckt.</l>
      </lg>
      <lg id="s2" type="stanza">
        <l id="s2:l1">Wy zijn in 't soetste van ons jeughd,</l>
        <l id="s2:l2">in 't allerschoonste van ons tijd;</l>
        <l id="s2:l3">ey, dat wy die niet sonder vreughd</l>
        <l id="s2:l4">dus klack'loos worden quijt!</l>
        <l id="s2:l5">Wanneer den grysen ouderdom</l>
        <l id="s2:l6">de groente van ons jeughd verdort,</l>
        <l id="s2:l7">dan komen all' onse lusten om,</l>
        <l id="s2:l8">ons vreughd word opgeschort.</l>
        <l id="s2:l9">Dus wel an, laet ons dan, wylmen mach,</l>
        <l id="s2:l10">en de tijd sullix lijd, tot den dagh</l>
        <l id="s2:l11">recht lustigh wesen, vreughd word ghepresen,</l>
        <l id="s2:l12">en 't lachen in 't ghelagh.</l>
      </lg>
      <lg id="s3" type="stanza">
        <l id="s3:l1">Tsa jonghmans of jongh-vrouwen, seght</l>
        <l id="s3:l2">aen wien ist dat de roemer staet?</l>
        <l id="s3:l3">Men sal over dien houwen recht,</l>
        <l id="s3:l4">die hem niet omgaen laet.</l>
        <l id="s3:l5">Want ick weet een die dorstigh is</l>
        <l id="s3:l6">en garen drincken sou zijn deel,</l>
        <l id="s3:l7">vermits hy heel aem-borstigh is,</l>
        <l id="s3:l8">en 't drooght seer in zijn keel.</l>
        <l id="s3:l9">Drinckt het leegh, met een veegh, soo is 't wel,</l>
        <l id="s3:l10">d'elen baes, die word haes, daerom sel</l>
        <l id="s3:l11">hy 't u wel na doen, en sich wat dra spoen,</l>
        <l id="s3:l12">hy eyscht gants gheeh uytstel.</l>
      </lg>
      <lg id="s4" type="stanza">
        <l id="s4:l1">Waerom begind ghy maeghden niet?</l>
        <l id="s4:l2">My dunckt een yeder prijckt om 't seerst.</l>
        <l id="s4:l3">Ey, naeste buurtje, singht een lied,</l>
        <l id="s4:l4">begindt ghy liever eerst:</l>
        <l id="s4:l5">soo wordt u hoofd met vreughd bekranst,</l>
        <l id="s4:l6">en soo ick yet van 't liedtjen weet</l>
        <l id="s4:l7">ick sal u helpen als een lanst,</l>
        <l id="s4:l8">en singhen dat ick sweet.</l>
        <l id="s4:l9">Weest niet stil, ist u wil, toond u aerd,</l>
        <l id="s4:l10">vanght eens aen, laet het gaen, geen vreughd spaerd;</l>
        <l id="s4:l11">want wy om kluchten, vreughd en genuchten</l>
        <l id="s4:l12">alleen hier zijn vergaerd.</l>
      </lg>
    </lg>
  </text>
</song>