<song>
  <meta>
    <id>17181</id>
    <date>
      <year-start>1903</year-start>
      <year-end>1908</year-end>
    </date>
    <tags />
    <melody>Jezuutje had er een maagdje ontboden</melody>
  <author>Anonymous</author></meta>
  <text>
    <lg type="song">
      <lg id="s1" type="stanza">
        <l id="s1:l1">Jesutje had er een maagdetje ontboon</l>
        <l id="s1:l2">om te vragen als 't wilde leeren sterven,</l>
        <l id="s1:l3">de wereld vertrappelen onder den voet,</l>
        <l id="s1:l4">ja, onder den voet,</l>
        <l id="s1:l5">haar genuchten leeren derven?</l>
      </lg>
      <lg id="s2" type="stanza">
        <l id="s2:l1">&#8216;Heer' Jesus,&#8217; zei zij, &#8216;heere Jesus van mij,</l>
        <l id="s2:l2">en ik ben er nog zoo jong van jaren.&#8217;</l>
        <l id="s2:l3">- &#8216;Als ik u roepe, gij moet er met mij,</l>
        <l id="s2:l4">gij moet er met mij,</l>
        <l id="s2:l5">of gij moet derven mijn genade.&#8217;</l>
      </lg>
      <lg id="s3" type="stanza">
        <l id="s3:l1">- &#8216;Zoud' ik uw genade, heere Jesus zoet,</l>
        <l id="s3:l2">en uwe liefde dan moeten derven?</l>
        <l id="s3:l3">Ik zal er veel liever van nu voortaan,</l>
        <l id="s3:l4">ja, van nu voortaan,</l>
        <l id="s3:l5">van jongs af mij leeren versterven.&#8217;</l>
      </lg>
    </lg>
  </text>
</song>