<song>
  <meta>
    <id>17218</id>
    <date>
      <year-start>1903</year-start>
      <year-end>1908</year-end>
    </date>
    <tags />
    <melody>Karel karel tjip tjip tjip</melody>
  <author>Anonymous</author></meta>
  <text>
    <lg type="song">
      <lg id="s1" type="stanza">
        <l id="s1:l1">Kareltje, Kareltje, tjip, tjip, tjip,</l>
        <l id="s1:l2">en hadde geen hemdetje aen zyn lyf,</l>
        <l id="s1:l3">noch geen broekjen aen zyn gat;</l>
        <l id="s1:l4">wat een armen Karel is dat!</l>
        <l id="s1:l5">- &#8216;Meysje, met yoen witte schoen,</l>
        <l id="s1:l6">wey ie Karels broekje aendoen?&#8217;</l>
        <l id="s1:l7">- Ermen uyt, en ermen in,</l>
        <l id="s1:l8">'t was al naer Kareltjes zin.</l>
      </lg>
      <lg id="s2" type="stanza">
        <l id="s2:l1">Karel, Karel tsiep tsiep tsiep,</l>
        <l id="s2:l2">hij en heeft geen hemd al aan zijn lijf,</l>
        <l id="s2:l3">noch geen broek al aan zijn gat,</l>
        <l id="s2:l4">wat areme Karel is dat!</l>
        <l id="s2:l5">Noch geen kousen, noch geen schoen,</l>
        <l id="s2:l6">noch geen kleeren om aan te doen,</l>
        <l id="s2:l7">noch geen hoed al op zijn kop,</l>
        <l id="s2:l8">hij is er zoo arem als Job.</l>
      </lg>
      <lg id="s3" type="stanza">
        <l id="s3:l1">&#8216;Moeder, 't is Karel tsiep tsiep tsiep,</l>
        <l id="s3:l2">die mij altijd liefde biedt.&#8217;</l>
        <l id="s3:l3">- &#8216;Saldermenten! dat is goed,</l>
        <l id="s3:l4">dochter, trouw maar metter spoed.&#8217;</l>
        <l id="s3:l5">En omdat 't meisje was zoo rijk,</l>
        <l id="s3:l6">trouwde zij met Karel tsiep tsiep.</l>
        <l id="s3:l7">Al die kwamen op dees feest,</l>
        <l id="s3:l8">waren fraai verheugd van geest.</l>
      </lg>
    </lg>
  </text>
</song>