<song>
  <meta>
    <id>17222</id>
    <date>
      <year-start>1903</year-start>
      <year-end>1908</year-end>
    </date>
    <tags />
    <melody>Ik heb ietwat in mijn koffertje</melody>
  <author>Anonymous</author></meta>
  <text>
    <lg type="song">
      <lg id="s1" type="stanza">
        <l id="s1:l1">'k En etwat in my koffertje,</l>
        <l id="s1:l2">een nieuw ivooren klaterspaen;</l>
        <l id="s1:l3">'t eerste kindje da moeder gae koopen</l>
        <l id="s1:l4">wy gaen het heeten Adriaen.</l>
        <l id="s1:l5">En zoo speelt Adriaen</l>
        <l id="s1:l6">met zyn ivooren klaterspaen.</l>
      </lg>
      <lg id="s2" type="stanza">
        <l id="s2:l1">'k En etwat in my koffertje,</l>
        <l id="s2:l2">een nieuw ivooren klaterspaen;</l>
        <l id="s2:l3">'t eerste kindje da moeder gae koopen</l>
        <l id="s2:l4">wy gaen het heeten Roeltje.</l>
        <l id="s2:l5">En zoo loopt Roeltje</l>
        <l id="s2:l6">met zyn ivooren stoeltje.</l>
      </lg>
      <lg id="s3" type="stanza">
        <l id="s3:l1">'k En etwat in my koffertje,</l>
        <l id="s3:l2">een nieuw ivooren klaterspaen;</l>
        <l id="s3:l3">'t eerste kindje da moeder gae koopen</l>
        <l id="s3:l4">wy gaen het heeten Tistje.</l>
        <l id="s3:l5">En zoo slaet Tistje</l>
        <l id="s3:l6">met zyn ivooren wisje.</l>
      </lg>
      <lg id="s4" type="stanza">
        <l id="s4:l1">Ik heb op myn slaepkamerken</l>
        <l id="s4:l2">nog een yvoore lierken,</l>
        <l id="s4:l3">het eerste kindje, dat ik koop,</l>
        <l id="s4:l4">en dat zal heeten Pierken:</l>
        <l id="s4:l5">alzoo speelt Pierken</l>
        <l id="s4:l6">op zyn yvooren lierken.</l>
      </lg>
      <lg id="s5" type="stanza">
        <l id="s5:l1">Ik heb op myn slaepkamerken</l>
        <l id="s5:l2">nog een yvooren klooterspan,</l>
        <l id="s5:l3">het eerste kindje, dat ik koop,</l>
        <l id="s5:l4">en dat zal heeten Adriaen:</l>
        <l id="s5:l5">alzoo speelt Adriaen</l>
        <l id="s5:l6">op zyn yvooren klooterspan,</l>
      </lg>
      <lg id="s6" type="stanza">
        <l id="s6:l1">Ik heb op myn slaepkamerken</l>
        <l id="s6:l2">nog een yvooren beezeken,</l>
        <l id="s6:l3">het eerste kindje, dat ik koop,</l>
        <l id="s6:l4">en dat zal heeten Threseken:</l>
        <l id="s6:l5">alzoo knabbelt Threseken</l>
        <l id="s6:l6">op haer ivooren beezeken.</l>
      </lg>
      <lg id="s7" type="stanza">
        <l id="s7:l1">Ik heb op myn slaepkamerken</l>
        <l id="s7:l2">nog een yvoren doosken,</l>
        <l id="s7:l3">het eerste kindje, dat ik koop,</l>
        <l id="s7:l4">en dat zal heeten Soosken:</l>
        <l id="s7:l5">alzoo snuift Soosken</l>
        <l id="s7:l6">uit haer yvooren doosken.</l>
      </lg>
      <lg id="s8" type="stanza">
        <l id="s8:l1">Ik heb op myn slaepkamerken</l>
        <l id="s8:l2">nog een yvooren kapelleken,</l>
        <l id="s8:l3">het eerste kindje, dat ik koop,</l>
        <l id="s8:l4">en dat zal heeten Nelleken:</l>
        <l id="s8:l5">alzoo leest Nelleken</l>
        <l id="s8:l6">voor haer ivooren kapelleken.</l>
      </lg>
    </lg>
  </text>
</song>