<song>
  <meta>
    <id>17242</id>
    <date>
      <year-start>1903</year-start>
      <year-end>1908</year-end>
    </date>
    <tags />
    <melody>Ik kwam laatstmaal over de Rijn</melody>
  <author>Anonymous</author></meta>
  <text>
    <lg type="song">
      <lg id="s1" type="stanza">
        <l id="s1:l1">'k Kwam lestmaal over den Rijn,</l>
        <l id="s1:l2">- tirilijn,</l>
        <l id="s1:l3">vliegenden duim -</l>
        <l id="s1:l4">'k kwam lestmaal over den Rijn,</l>
        <l id="s1:l5">al met een houten lepeltje,</l>
        <l id="s1:l6">dit zal mijn schipje zijn,</l>
        <l id="s1:l7">- (gefloten) vliegenden duim</l>
        <l id="s1:l8">- (gefloten) vliegenden duim</l>
        <l id="s1:l9">dit zal mijn schipje zijn!</l>
        <l id="s1:l10">dit zal mijn schipje zijn!</l>
      </lg>
      <lg id="s2" type="stanza">
        <l id="s2:l1">De vrouw had 'nen pik op mij,</l>
        <l id="s2:l2">- tirilij,</l>
        <l id="s2:l3">vliegenden duim -</l>
        <l id="s2:l4">de vrouw had 'nen pik op mij:</l>
        <l id="s2:l5">zij meende da' 'k geen geld en had,</l>
        <l id="s2:l6">en 'k had nog meer als zij,</l>
        <l id="s2:l7">- (gefloten) vliegenden duim -</l>
        <l id="s2:l8">- (gefloten) vliegenden duim -</l>
        <l id="s2:l9">en k had nog meer als zij.</l>
        <l id="s2:l10">en k had nog meer als zij.</l>
      </lg>
      <lg id="s3" type="stanza">
        <l id="s3:l1">De vrouw had een schapraai,</l>
        <l id="s3:l2">- tirilaai,</l>
        <l id="s3:l3">vliegenden duim -</l>
        <l id="s3:l4">de vrouw had een schapraai:</l>
        <l id="s3:l5">van onder zet z'haar eten,</l>
        <l id="s3:l6">van boven haar salaai,</l>
        <l id="s3:l7">- (gefloten) vliegenden duim -</l>
        <l id="s3:l8">- (gefloten) vliegenden duim -</l>
        <l id="s3:l9">van boven haar salaai.</l>
        <l id="s3:l10">van boven haar salaai.</l>
      </lg>
      <lg id="s4" type="stanza">
        <l id="s4:l1">De vrouw had eenen zin,</l>
        <l id="s4:l2">- tirilin,</l>
        <l id="s4:l3">vliegenden duim -</l>
        <l id="s4:l4">de vrouw had eenen zin:</l>
        <l id="s4:l5">daar dat zij 's morgens uitkwam,</l>
        <l id="s4:l6">daar kroop zij 's avonds in,</l>
        <l id="s4:l7">- (gefloten) vliegenden duim -</l>
        <l id="s4:l8">- (gefloten) vliegenden duim -</l>
        <l id="s4:l9">daar kroop zij 's avonds in.</l>
        <l id="s4:l10">daar kroop zij 's avonds in.</l>
      </lg>
    </lg>
  </text>
</song>