<song>
  <meta>
    <id>17255</id>
    <date>
      <year-start>1903</year-start>
      <year-end>1908</year-end>
    </date>
    <tags />
    <melody>Klaas en trouw uw leven niet</melody>
  <author>Anonymous</author></meta>
  <text>
    <lg type="song">
      <lg id="s1" type="stanza">
        <l id="s1:l1">Klinkaart en zijn wijveken</l>
        <l id="s1:l2">die waren vroeg opgestaan,</l>
        <l id="s1:l3">al met een stulleken botere</l>
        <l id="s1:l4">om naar de markt te gaan;</l>
        <l id="s1:l5">en Klinkaart die was zat,</l>
        <l id="s1:l6">en de baantjes waren zoo glad,</l>
        <l id="s1:l7">en Klinkaart en zijn wijveken</l>
        <l id="s1:l8">die vielen op hulder gat.</l>
      </lg>
      <lg id="s2" type="stanza">
        <l id="s2:l1">&#8216;'t Is 't minste van mijn botere,</l>
        <l id="s2:l2">maar 't meeste van mijn doek;</l>
        <l id="s2:l3">en 'k heb hem gisteren avond</l>
        <l id="s2:l4">gemaakt van Klinkaarts broek.</l>
        <l id="s2:l5">En Klinkaart is een man,</l>
        <l id="s2:l6">en hy heeft een broeksken aan</l>
        <l id="s2:l7">met honderd acht en tachentig</l>
        <l id="s2:l8">koperen knopjes aan.&#8217;</l>
      </lg>
    </lg>
  </text>
</song>