<song>
  <meta>
    <id>17257</id>
    <date>
      <year-start>1903</year-start>
      <year-end>1908</year-end>
    </date>
    <tags />
    <melody />
  <author>Anonymous</author></meta>
  <text>
    <lg type="song">
      <lg id="s1" type="stanza">
        <l id="s1:l1">Klompertjen en zijn wijfje,</l>
        <l id="s1:l2">die zouen vroeg opstaan,</l>
        <l id="s1:l3">om eiertjes te verkoopen</l>
        <l id="s1:l4">en na de markt te gaan.</l>
      </lg>
      <lg id="s2" type="stanza">
        <l id="s2:l1">Ze waren halleverwege,</l>
        <l id="s2:l2">halleverwege den dijk,</l>
        <l id="s2:l3">daar braken al der eiertjes,</l>
        <l id="s2:l4">en 't bottertje viel in 't slijk.</l>
      </lg>
      <lg id="s3" type="stanza">
        <l id="s3:l1">Het speet er niet om de eiertjes,</l>
        <l id="s3:l2">maar om er mooien doek,</l>
        <l id="s3:l3">die ze gisteren nog gemaakt had</l>
        <l id="s3:l4">van Klompertjens beste broek.</l>
      </lg>
    </lg>
  </text>
</song>