<song>
  <meta>
    <id>172873</id>
    <date>
      <year-start>1987</year-start>
      <year-end>1987</year-end>
    </date>
    <location>
      <orginal-name>amsterdam</orginal-name>
      <standard-name>Amsterdam, The Netherlands</standard-name>
      <coordinates>
        <lon>52.3745403</lon>
        <lat>4.89797550561798</lat>
      </coordinates>
    </location>
    <tags />
    <melody />
  <author>Anonymous</author></meta>
  <text>
    <lg type="song">
      <lg id="s1" type="stanza">
        <l id="s1:l1">Christenmens wilt toch opmerken</l>
        <l id="s1:l2">En luistert naar dit droevig lied</l>
        <l id="s1:l3">Aanhoort hier Jezus' wonderwerken,</l>
        <l id="s1:l4">Wat nu onlangs weer is geschied.</l>
        <l id="s1:l5">Hoort hoe dat God in deze dagen</l>
        <l id="s1:l6">Een here groot</l>
        <l id="s1:l7">Om zijne goddeloosheid kwam te plagen,</l>
        <l id="s1:l8">Straft met de dood.</l>
      </lg>
      <lg id="s2" type="stanza">
        <l id="s2:l1">Deze heer zag men degoleren</l>
        <l id="s2:l2">Dag en nacht in overdaad,</l>
        <l id="s2:l3">Altijd met dames domineren,</l>
        <l id="s2:l4">Maar zijne dochter, met goede raad</l>
        <l id="s2:l5">Sprak: Vaderlief, ik moet u beklagen,</l>
        <l id="s2:l6">Gij zijt verblind,</l>
        <l id="s2:l7">Maar denk eens aan uw oude dagen,</l>
        <l id="s2:l8">Die gaan reeds in.</l>
      </lg>
      <lg id="s3" type="stanza">
        <l id="s3:l1">Wil liever op uw doodskist denken</l>
        <l id="s3:l2">Dan zulke wegen in te slaan.</l>
        <l id="s3:l3">Hoe zullen al uw zonden stinken</l>
        <l id="s3:l4">Als gij voor Gods oordeel zult staan,</l>
        <l id="s3:l5">En aan God rekenschap moet geven</l>
        <l id="s3:l6">Van uwen tijd,</l>
        <l id="s3:l7">Die gij in heel uw zondig leven</l>
        <l id="s3:l8">Hier zo verslijt.</l>
      </lg>
      <lg id="s4" type="stanza">
        <l id="s4:l1">Zwijg toch met al die flauwe reden,</l>
        <l id="s4:l2">Ik ben hierin zeer wel gerust,</l>
        <l id="s4:l3">En ik wil en ik zal met mijn oude leden</l>
        <l id="s4:l4">Leven naar mijn wil en lust.</l>
        <l id="s4:l5">Ik zal geen gelove geven</l>
        <l id="s4:l6">Aan leugens groot</l>
        <l id="s4:l7">Die zeggen dat er nog een leven</l>
        <l id="s4:l8">Is na de dood.</l>
      </lg>
      <lg id="s5" type="stanza">
        <l id="s5:l1">Gelooft gij aan geen predikanten,</l>
        <l id="s5:l2">Zo wilt doorlezen de schriftuur.</l>
        <l id="s5:l3">Daar zult gij vinden in alle kanten</l>
        <l id="s5:l4">Dat Christus spreekt, met woorden puur,</l>
        <l id="s5:l5">Dat hij de zondaars zal belonen</l>
        <l id="s5:l6">Met 't helse vuur,</l>
        <l id="s5:l7">De weldoeners in den hemel kronen</l>
        <l id="s5:l8">Met lauwerier.</l>
      </lg>
      <lg id="s6" type="stanza">
        <l id="s6:l1">Ik weet van hemel noch van hellen,</l>
        <l id="s6:l2">Ik weet van duivel noch van God</l>
        <l id="s6:l3">Waarmee wilt gij mijn zinnen kwellen?</l>
        <l id="s6:l4">Die zulks geloven zijn als zot.</l>
        <l id="s6:l5">Daarom laat mij vrolijk drinken,</l>
        <l id="s6:l6">Gaat weg van mij!</l>
        <l id="s6:l7">Als ik dood ben zal ik stinken,</l>
        <l id="s6:l8">Het mocht reeds zijn.</l>
      </lg>
      <lg id="s7" type="stanza">
        <l id="s7:l1">Dan ging hij wandelen tesamen</l>
        <l id="s7:l2">Al met zijn kameraads, geloof,</l>
        <l id="s7:l3">Totdat zij over een kerkhof kwamen,</l>
        <l id="s7:l4">Waar hij vond liggen een doodshoofd.</l>
        <l id="s7:l5">Hij sprak: Leeft gij nog, zoals ze zeggen,</l>
        <l id="s7:l6">Nu na de dood,</l>
        <l id="s7:l7">Wat maakt gij hier op 't kerkhof leggen,</l>
        <l id="s7:l8">Gij zijt genood!</l>
      </lg>
      <lg id="s8" type="stanza">
        <l id="s8:l1">Spoed u ras, wil niet vergeten</l>
        <l id="s8:l2">Wijl er nog leven in u is.</l>
        <l id="s8:l3">Kom straks aan mijne tafel eten,</l>
        <l id="s8:l4">Ge zijt genood aan mijne dis.</l>
        <l id="s8:l5">Hij schopte het doodshoofd tegen zijn tanden</l>
        <l id="s8:l6">Met schimp en spot,</l>
        <l id="s8:l7">Maar hij werd door d' almogende handen</l>
        <l id="s8:l8">Gestraft van God.</l>
      </lg>
      <lg id="s9" type="stanza">
        <l id="s9:l1">Want 's avonds als hij was half dronken</l>
        <l id="s9:l2">Met zijn confraters aan de wijn,</l>
        <l id="s9:l3">Toen werd er aan de bel geklonken;</l>
        <l id="s9:l4">Hij riep: Wie duivel, wie mag dat zijn?</l>
        <l id="s9:l5">De knecht dee open de deur mitsdezen,</l>
        <l id="s9:l6">Toen sprak de dood:</l>
        <l id="s9:l7">Gaat, zeg dat ik moet binnen wezen,</l>
        <l id="s9:l8">Ik ben hier genood.</l>
      </lg>
      <lg id="s10" type="stanza">
        <l id="s10:l1">De knecht riep met gevouwen handen:</l>
        <l id="s10:l2">Mijnheer, mijnheer, het is niet wel!</l>
        <l id="s10:l3">Een wonder spook, zijn ogen branden</l>
        <l id="s10:l4">Als gloeiende kolen uit de hel.</l>
        <l id="s10:l5">Het zegt dat het moet binnen wezen,</l>
        <l id="s10:l6">'t Is in de zaal.</l>
        <l id="s10:l7">Neen, sprak den heer en het volk met schromen,</l>
        <l id="s10:l8">Wij zijn d'r al.</l>
      </lg>
      <lg id="s11" type="stanza">
        <l id="s11:l1">Toen sprak den heer met flauwe reden:</l>
        <l id="s11:l2">Zeg dat de genoden hier al zijn.</l>
        <l id="s11:l3">Het spook dat kwam al binnengetreden</l>
        <l id="s11:l4">En dronk terstond een romer wijn.</l>
        <l id="s11:l5">Het ging den heer al langer hoe nader,</l>
        <l id="s11:l6">Het doodshoofd zei:</l>
        <l id="s11:l7">Ik ben uw voorgaande vader,</l>
        <l id="s11:l8">Gij moet met mij.</l>
      </lg>
      <lg id="s12" type="stanza">
        <l id="s12:l1">Met mij zo zult gij eeuwig branden</l>
        <l id="s12:l2">In 't hels gespuis en groot getier.</l>
        <l id="s12:l3">Toen nam het spook hem bij zijn handen</l>
        <l id="s12:l4">En sloeg hem met 't hoofd al tegen de muur.</l>
        <l id="s12:l5">Dan heeft het spook hem weggedragen,</l>
        <l id="s12:l6">Dat klein en groot</l>
        <l id="s12:l7">Van schrik zij allen in onmacht lagen</l>
        <l id="s12:l8">In overdood.</l>
      </lg>
      <lg id="s13" type="stanza">
        <l id="s13:l1">Welaan, o mens, denk op uw leven,</l>
        <l id="s13:l2">Neem een exempel uit dit lied</l>
        <l id="s13:l3">Wat ons van Groesveld wordt geschreven,</l>
        <l id="s13:l4">Alwaar dit wonder is geschied.</l>
        <l id="s13:l5">Geloof vrij aan de christenenkerken</l>
        <l id="s13:l6">Wie dat ge ook zijt,</l>
        <l id="s13:l7">Dan krijgt ge na veel goede werken</l>
        <l id="s13:l8">Uw zaligheid.</l>
      </lg>
    </lg>
  </text>
</song>