<song>
  <meta>
    <id>172876</id>
    <date>
      <year-start>1987</year-start>
      <year-end>1987</year-end>
    </date>
    <location>
      <orginal-name>amsterdam</orginal-name>
      <standard-name>Amsterdam, The Netherlands</standard-name>
      <coordinates>
        <lon>52.3745403</lon>
        <lat>4.89797550561798</lat>
      </coordinates>
    </location>
    <tags />
    <melody />
  <author>Anonymous</author></meta>
  <text>
    <lg type="song">
      <lg id="s1" type="stanza">
        <l id="s1:l1">'t Was op een Witten Donderdagavond</l>
        <l id="s1:l2">Toen Ons Heren aan tafele zat</l>
        <l id="s1:l3">Met zijne discipelen, ora,</l>
        <l id="s1:l4">Zijn avondmaaltjen at.</l>
      </lg>
      <lg id="s2" type="stanza">
        <l id="s2:l1">Wie eet er van mijn brodeken</l>
        <l id="s2:l2">En wie drinkt er al van mijne wijn?</l>
        <l id="s2:l3">Toen sprak er die zoete naam Jezus:</l>
        <l id="s2:l4">Wie of mijn verrader zal zijn.</l>
      </lg>
      <lg id="s3" type="stanza">
        <l id="s3:l1">Toen sprak er die valse Judas:</l>
        <l id="s3:l2">En o Here dat ben ik niet!</l>
        <l id="s3:l3">Toen sprak er die zoete naam Jezus:</l>
        <l id="s3:l4">Dat woordje geloof ik u niet!</l>
      </lg>
      <lg id="s4" type="stanza">
        <l id="s4:l1">Hij sloeg zijn wijngaard open</l>
        <l id="s4:l2">Om te plukken een rozenhoed;</l>
        <l id="s4:l3">Daar kwamen wel zeventien joden,</l>
        <l id="s4:l4">Die vielen God zellef tegemoet.</l>
      </lg>
      <lg id="s5" type="stanza">
        <l id="s5:l1">Den allerjongste, Judas,</l>
        <l id="s5:l2">Die stak uit zijne rechterhand:</l>
        <l id="s5:l3">Wij hoeven niet verder te zoeken,</l>
        <l id="s5:l4">Daar komt Onzen Heer Jezus al aan.</l>
      </lg>
      <lg id="s6" type="stanza">
        <l id="s6:l1">Zij namen hem, o Heer Jezus,</l>
        <l id="s6:l2">Gevangen, gebonden gelijk een dief,</l>
        <l id="s6:l3">Spuugden hem in zijn gebenedijd aanschijn,</l>
        <l id="s6:l4">Dat moest er Maria aanzien.</l>
      </lg>
      <lg id="s7" type="stanza">
        <l id="s7:l1">Ach zoon, zeide zij, en ach zone,</l>
        <l id="s7:l2">En wat heeft er mijn kind toch gedaan?</l>
        <l id="s7:l3">Kom, nagel mij aan een kruisje,</l>
        <l id="s7:l4">En laat toch mijn kindje gaan.</l>
      </lg>
      <lg id="s8" type="stanza">
        <l id="s8:l1">Zij nagelden hem aan een kruisje,</l>
        <l id="s8:l2">Met een doornenkroon op zijn hoofd;</l>
        <l id="s8:l3">Van twee en zeventig takken,</l>
        <l id="s8:l4">Van bloede waren zij zo rood.</l>
      </lg>
      <lg id="s9" type="stanza">
        <l id="s9:l1">Al in de naam des Vaders,</l>
        <l id="s9:l2">En des Zoons en des Heiligen Geest,</l>
        <l id="s9:l3">O Heer in Uwe handen</l>
        <l id="s9:l4">Beveel ik mijnen geest.</l>
      </lg>
    </lg>
  </text>
</song>